,Days,M,T,W,TH,F,M.1,T.1,W.1,TH.1,F.1,M.2,T.2,W.2,TH.2,F.2
0,1,4,5,5,6,7,1,2,3,4,5,3.0,4.0,5.0,6.0,7.0
1,2,1,2,3,4,5,5,5,6,6,7,3.0,4.0,5.0,6.0,7.0
2,3,3,4,5,6,7,2,3,4,5,6,5.0,6.0,6.0,7.0,
3,4,1,2,3,4,5,1,2,3,4,5,1.0,,3.0,4.0,5.0
4,5,2,3,4,5,6,5,5,6,6,7,,6.0,6.0,7.0,
5,6,5,5,5,6,7,3,4,5,6,7,1.0,,3.0,,5.0
6,7,5,5,5,6,7,5,5,6,6,7,2.0,3.0,,5.0,
7,8,3,4,5,6,7,5,5,6,6,7,4.0,,6.0,7.0,7.0
8,9,5,5,5,6,7,3,4,5,6,7,5.0,6.0,6.0,7.0,
9,10,5,5,5,6,7,5,5,6,6,7,5.0,6.0,6.0,7.0,
10,11,1,2,3,4,5,1,2,3,4,5,5.0,6.0,6.0,,
11,12,1,2,3,4,5,3,4,5,6,7,5.0,6.0,,7.0,7.0
12,13,1,2,3,4,5,3,4,5,6,7,2.0,3.0,4.0,5.0,
13,14,4,5,5,6,7,5,5,6,6,7,,3.0,4.0,5.0,6.0
14,15,5,5,5,6,7,3,4,5,6,7,5.0,6.0,6.0,7.0,7.0
15,16,4,5,5,6,7,1,2,3,4,5,3.0,,5.0,6.0,7.0
16,17,2,3,4,5,6,4,5,6,6,7,4.0,,6.0,7.0,7.0
17,18,1,2,3,4,5,5,5,6,6,7,,3.0,4.0,,6.0
18,19,4,5,5,6,7,2,3,4,5,6,3.0,4.0,5.0,6.0,7.0
19,20,1,2,3,4,5,4,5,6,6,7,3.0,4.0,5.0,6.0,7.0
20,21,5,5,5,6,7,4,5,6,6,7,3.0,4.0,5.0,6.0,7.0
21,22,2,3,4,5,6,5,5,6,6,7,,,5.0,6.0,7.0
22,23,1,2,3,4,5,1,2,3,4,5,5.0,6.0,6.0,7.0,7.0
23,24,1,2,3,4,5,4,5,6,6,7,2.0,3.0,4.0,5.0,
24,25,2,3,4,5,6,2,3,4,5,6,,5.0,6.0,7.0,7.0
25,26,3,4,5,6,7,2,3,4,5,6,5.0,6.0,6.0,7.0,7.0
26,27,2,3,4,5,6,2,3,4,5,6,4.0,5.0,6.0,7.0,7.0
27,28,5,5,5,6,7,2,3,4,5,6,,,3.0,4.0,5.0
28,29,5,5,5,6,7,4,5,6,6,7,,6.0,6.0,7.0,7.0
29,30,4,5,5,6,7,1,2,3,4,5,2.0,3.0,,5.0,6.0
30,31,1,2,3,4,5,1,2,3,4,5,4.0,5.0,6.0,,7.0
31,32,2,3,4,5,6,2,3,4,5,6,,6.0,,7.0,7.0
32,33,4,5,5,6,7,1,2,3,4,5,3.0,4.0,5.0,6.0,
33,34,4,5,5,6,7,2,3,4,5,6,,5.0,6.0,,7.0
34,35,5,5,5,6,7,2,3,4,5,6,1.0,,3.0,4.0,
35,36,4,5,5,6,7,3,4,5,6,7,3.0,4.0,5.0,6.0,7.0
36,37,2,3,4,5,6,4,5,6,6,7,5.0,,6.0,7.0,7.0
37,38,4,5,5,6,7,4,5,6,6,7,3.0,4.0,5.0,6.0,7.0
38,39,5,5,5,6,7,5,5,6,6,7,4.0,5.0,6.0,7.0,7.0
39,40,4,5,5,6,7,4,5,6,6,7,,4.0,5.0,6.0,
40,41,5,5,5,6,7,1,2,3,4,5,2.0,3.0,4.0,,6.0
41,42,1,2,3,4,5,4,5,6,6,7,1.0,2.0,3.0,,5.0
42,43,1,2,3,4,5,2,3,4,5,6,2.0,3.0,,5.0,6.0
43,44,1,2,3,4,5,3,4,5,6,7,4.0,5.0,6.0,7.0,7.0
44,45,3,4,5,6,7,1,2,3,4,5,2.0,3.0,4.0,5.0,
45,46,5,5,5,6,7,3,4,5,6,7,5.0,6.0,6.0,,7.0
46,47,1,2,3,4,5,4,5,6,6,7,,2.0,3.0,,5.0
47,48,1,2,3,4,5,5,5,6,6,7,1.0,2.0,3.0,4.0,5.0
48,49,4,5,5,6,7,5,5,6,6,7,3.0,4.0,5.0,6.0,7.0
49,50,5,5,5,6,7,5,5,6,6,7,3.0,4.0,,6.0,7.0
50,51,5,5,5,6,7,1,2,3,4,5,,4.0,5.0,6.0,7.0
51,52,1,2,3,4,5,2,3,4,5,6,4.0,,6.0,7.0,7.0
52,53,4,5,5,6,7,4,5,6,6,7,5.0,6.0,6.0,,7.0
53,54,1,2,3,4,5,2,3,4,5,6,3.0,4.0,5.0,6.0,7.0
54,55,5,5,5,6,7,3,4,5,6,7,2.0,3.0,4.0,5.0,6.0
55,56,5,5,5,6,7,4,5,6,6,7,5.0,6.0,6.0,7.0,
56,57,4,5,5,6,7,1,2,3,4,5,,5.0,6.0,7.0,
57,58,1,2,3,4,5,1,2,3,4,5,,5.0,6.0,7.0,
58,59,1,2,3,4,5,3,4,5,6,7,2.0,3.0,4.0,5.0,6.0
59,60,3,4,5,6,7,4,5,6,6,7,1.0,,3.0,4.0,5.0
60,61,3,4,5,6,7,1,2,3,4,5,4.0,5.0,6.0,7.0,7.0
61,62,3,4,5,6,7,5,5,6,6,7,1.0,2.0,3.0,4.0,5.0
62,63,3,4,5,6,7,2,3,4,5,6,3.0,,5.0,6.0,7.0
63,64,4,5,5,6,7,5,5,6,6,7,5.0,6.0,6.0,,7.0
64,65,4,5,5,6,7,4,5,6,6,7,5.0,6.0,6.0,7.0,7.0
65,66,4,5,5,6,7,3,4,5,6,7,1.0,2.0,3.0,4.0,5.0
66,67,5,5,5,6,7,1,2,3,4,5,,3.0,4.0,5.0,6.0
67,68,5,5,5,6,7,1,2,3,4,5,2.0,3.0,4.0,,6.0
68,69,1,2,3,4,5,4,5,6,6,7,,4.0,5.0,6.0,7.0
69,70,5,5,5,6,7,1,2,3,4,5,4.0,,6.0,7.0,7.0
70,71,2,3,4,5,6,3,4,5,6,7,1.0,2.0,3.0,,
71,72,2,3,4,5,6,3,4,5,6,7,1.0,2.0,,4.0,
72,73,5,5,5,6,7,2,3,4,5,6,4.0,5.0,,7.0,7.0
73,74,4,5,5,6,7,5,5,6,6,7,1.0,,3.0,4.0,5.0
74,75,4,5,5,6,7,2,3,4,5,6,,,3.0,4.0,5.0
75,76,1,2,3,4,5,3,4,5,6,7,5.0,6.0,6.0,7.0,7.0
76,77,5,5,5,6,7,5,5,6,6,7,,3.0,,5.0,6.0
77,78,3,4,5,6,7,1,2,3,4,5,3.0,4.0,5.0,6.0,7.0
78,79,2,3,4,5,6,4,5,6,6,7,4.0,,6.0,7.0,7.0
79,80,5,5,5,6,7,3,4,5,6,7,,6.0,6.0,7.0,7.0
80,81,5,5,5,6,7,2,3,4,5,6,,5.0,,7.0,7.0
81,82,3,4,5,6,7,3,4,5,6,7,,4.0,5.0,6.0,7.0
82,83,3,4,5,6,7,5,5,6,6,7,1.0,2.0,3.0,4.0,5.0
83,84,5,5,5,6,7,4,5,6,6,7,2.0,3.0,4.0,5.0,6.0
84,85,2,3,4,5,6,5,5,6,6,7,4.0,5.0,6.0,,7.0
85,86,3,4,5,6,7,5,5,6,6,7,1.0,2.0,3.0,4.0,
86,87,2,3,4,5,6,3,4,5,6,7,2.0,3.0,4.0,5.0,
87,88,3,4,5,6,7,1,2,3,4,5,5.0,6.0,6.0,7.0,7.0
88,89,3,4,5,6,7,1,2,3,4,5,5.0,6.0,6.0,7.0,7.0
89,90,4,5,5,6,7,2,3,4,5,6,4.0,5.0,6.0,7.0,7.0
90,91,5,5,5,6,7,4,5,6,6,7,5.0,,6.0,7.0,
91,92,2,3,4,5,6,1,2,3,4,5,5.0,6.0,6.0,7.0,7.0
92,93,4,5,5,6,7,2,3,4,5,6,4.0,,6.0,7.0,7.0
93,94,4,5,5,6,7,1,2,3,4,5,4.0,,6.0,7.0,
94,95,5,5,5,6,7,2,3,4,5,6,,3.0,4.0,5.0,6.0
95,96,4,5,5,6,7,1,2,3,4,5,5.0,6.0,6.0,7.0,7.0
96,97,3,4,5,6,7,5,5,6,6,7,1.0,2.0,3.0,4.0,
97,98,3,4,5,6,7,1,2,3,4,5,4.0,5.0,6.0,7.0,7.0
98,99,1,2,3,4,5,2,3,4,5,6,4.0,5.0,6.0,,7.0
99,100,5,5,5,6,7,1,2,3,4,5,4.0,5.0,,,7.0
100,101,5,5,5,6,7,2,3,4,5,6,1.0,2.0,3.0,4.0,5.0
101,102,4,5,5,6,7,5,5,6,6,7,5.0,6.0,6.0,7.0,
102,103,2,3,4,5,6,1,2,3,4,5,3.0,4.0,5.0,6.0,
103,104,4,5,5,6,7,3,4,5,6,7,5.0,6.0,6.0,7.0,7.0
104,105,3,4,5,6,7,4,5,6,6,7,4.0,5.0,6.0,,
105,106,4,5,5,6,7,5,5,6,6,7,2.0,3.0,4.0,,6.0
106,107,4,5,5,6,7,5,5,6,6,7,5.0,6.0,,7.0,
107,108,4,5,5,6,7,1,2,3,4,5,1.0,2.0,,,5.0
108,109,2,3,4,5,6,4,5,6,6,7,,,3.0,4.0,5.0
109,110,1,2,3,4,5,2,3,4,5,6,5.0,6.0,6.0,,7.0
110,111,3,4,5,6,7,3,4,5,6,7,5.0,6.0,6.0,,
111,112,1,2,3,4,5,4,5,6,6,7,4.0,5.0,6.0,7.0,7.0
112,113,4,5,5,6,7,2,3,4,5,6,2.0,3.0,,5.0,6.0
113,114,2,3,4,5,6,5,5,6,6,7,4.0,5.0,6.0,7.0,7.0
114,115,5,5,5,6,7,5,5,6,6,7,,2.0,3.0,4.0,5.0
115,116,3,4,5,6,7,4,5,6,6,7,4.0,5.0,6.0,7.0,7.0
116,117,1,2,3,4,5,1,2,3,4,5,3.0,,5.0,6.0,
117,118,1,2,3,4,5,4,5,6,6,7,,5.0,6.0,7.0,7.0
118,119,4,5,5,6,7,3,4,5,6,7,2.0,3.0,4.0,5.0,6.0
119,120,1,2,3,4,5,4,5,6,6,7,2.0,3.0,4.0,5.0,6.0
120,121,5,5,5,6,7,5,5,6,6,7,5.0,,6.0,,7.0
121,122,1,2,3,4,5,5,5,6,6,7,1.0,2.0,3.0,4.0,5.0
122,123,2,3,4,5,6,2,3,4,5,6,3.0,4.0,5.0,6.0,7.0
123,124,5,5,5,6,7,2,3,4,5,6,1.0,2.0,3.0,4.0,5.0
124,125,5,5,5,6,7,3,4,5,6,7,1.0,,3.0,,5.0
125,126,3,4,5,6,7,1,2,3,4,5,,2.0,,4.0,5.0
126,127,5,5,5,6,7,5,5,6,6,7,4.0,5.0,,7.0,
127,128,2,3,4,5,6,3,4,5,6,7,,4.0,5.0,6.0,7.0
128,129,4,5,5,6,7,5,5,6,6,7,1.0,2.0,3.0,4.0,5.0
129,130,3,4,5,6,7,2,3,4,5,6,2.0,3.0,4.0,5.0,6.0
130,131,3,4,5,6,7,3,4,5,6,7,4.0,5.0,6.0,7.0,7.0
131,132,1,2,3,4,5,5,5,6,6,7,,,4.0,5.0,6.0
132,133,2,3,4,5,6,2,3,4,5,6,3.0,,5.0,6.0,
133,134,2,3,4,5,6,4,5,6,6,7,1.0,2.0,3.0,4.0,5.0
134,135,3,4,5,6,7,5,5,6,6,7,1.0,2.0,3.0,4.0,5.0
135,136,1,2,3,4,5,1,2,3,4,5,1.0,2.0,,4.0,5.0
136,137,1,2,3,4,5,4,5,6,6,7,,3.0,4.0,5.0,6.0
137,138,5,5,5,6,7,4,5,6,6,7,1.0,2.0,,4.0,5.0
138,139,1,2,3,4,5,2,3,4,5,6,3.0,4.0,5.0,6.0,7.0
139,140,5,5,5,6,7,4,5,6,6,7,5.0,,6.0,7.0,7.0
140,141,5,5,5,6,7,5,5,6,6,7,2.0,3.0,4.0,5.0,6.0
141,142,2,3,4,5,6,1,2,3,4,5,1.0,2.0,3.0,4.0,5.0
142,143,4,5,5,6,7,5,5,6,6,7,2.0,3.0,4.0,,6.0
143,144,2,3,4,5,6,4,5,6,6,7,,3.0,4.0,5.0,6.0
144,145,5,5,5,6,7,4,5,6,6,7,5.0,6.0,6.0,7.0,7.0
145,146,3,4,5,6,7,5,5,6,6,7,1.0,2.0,,4.0,5.0
146,147,1,2,3,4,5,5,5,6,6,7,4.0,5.0,6.0,7.0,7.0
147,148,4,5,5,6,7,1,2,3,4,5,3.0,4.0,,,7.0
148,149,3,4,5,6,7,4,5,6,6,7,5.0,,6.0,7.0,7.0
149,150,4,5,5,6,7,5,5,6,6,7,,3.0,,5.0,6.0
150,151,2,3,4,5,6,3,4,5,6,7,5.0,6.0,6.0,,7.0
151,152,1,2,3,4,5,5,5,6,6,7,,5.0,6.0,7.0,7.0
152,153,4,5,5,6,7,1,2,3,4,5,4.0,5.0,6.0,7.0,7.0
153,154,5,5,5,6,7,4,5,6,6,7,5.0,6.0,,,7.0
154,155,5,5,5,6,7,2,3,4,5,6,2.0,3.0,4.0,5.0,
155,156,1,2,3,4,5,1,2,3,4,5,4.0,,,7.0,7.0
156,157,1,2,3,4,5,2,3,4,5,6,2.0,3.0,4.0,5.0,
157,158,1,2,3,4,5,2,3,4,5,6,4.0,,6.0,,7.0
158,159,1,2,3,4,5,2,3,4,5,6,2.0,3.0,4.0,5.0,6.0
159,160,4,5,5,6,7,4,5,6,6,7,5.0,6.0,,7.0,7.0
160,161,5,5,5,6,7,3,4,5,6,7,5.0,,,7.0,7.0
161,162,5,5,5,6,7,5,5,6,6,7,2.0,,4.0,5.0,
162,163,1,2,3,4,5,5,5,6,6,7,4.0,5.0,,7.0,
163,164,2,3,4,5,6,2,3,4,5,6,1.0,,3.0,4.0,5.0
164,165,2,3,4,5,6,1,2,3,4,5,5.0,6.0,6.0,7.0,7.0
165,166,4,5,5,6,7,2,3,4,5,6,3.0,,,6.0,7.0
166,167,1,2,3,4,5,4,5,6,6,7,2.0,3.0,4.0,5.0,
167,168,5,5,5,6,7,4,5,6,6,7,5.0,6.0,6.0,7.0,7.0
168,169,1,2,3,4,5,1,2,3,4,5,3.0,4.0,5.0,6.0,
169,170,2,3,4,5,6,5,5,6,6,7,2.0,3.0,4.0,5.0,6.0
170,171,1,2,3,4,5,2,3,4,5,6,1.0,2.0,3.0,4.0,
171,172,3,4,5,6,7,1,2,3,4,5,1.0,2.0,3.0,4.0,5.0
172,173,4,5,5,6,7,2,3,4,5,6,,2.0,3.0,4.0,5.0
173,174,1,2,3,4,5,3,4,5,6,7,5.0,6.0,6.0,7.0,7.0
174,175,5,5,5,6,7,3,4,5,6,7,5.0,6.0,6.0,7.0,7.0
175,176,3,4,5,6,7,2,3,4,5,6,1.0,,3.0,4.0,5.0
176,177,4,5,5,6,7,1,2,3,4,5,,,4.0,5.0,6.0
177,178,4,5,5,6,7,2,3,4,5,6,,3.0,4.0,5.0,
178,179,2,3,4,5,6,4,5,6,6,7,,,5.0,6.0,7.0
179,180,5,5,5,6,7,2,3,4,5,6,4.0,5.0,6.0,7.0,
180,181,5,5,5,6,7,5,5,6,6,7,,3.0,4.0,5.0,6.0
181,182,1,2,3,4,5,3,4,5,6,7,4.0,5.0,6.0,7.0,7.0
182,183,5,5,5,6,7,1,2,3,4,5,5.0,,6.0,7.0,
183,184,5,5,5,6,7,1,2,3,4,5,2.0,,4.0,5.0,6.0
184,185,4,5,5,6,7,1,2,3,4,5,2.0,3.0,4.0,,6.0
185,186,4,5,5,6,7,4,5,6,6,7,5.0,6.0,6.0,7.0,7.0
186,187,1,2,3,4,5,5,5,6,6,7,5.0,6.0,6.0,,
187,188,3,4,5,6,7,3,4,5,6,7,1.0,2.0,3.0,4.0,5.0
188,189,5,5,5,6,7,4,5,6,6,7,1.0,2.0,3.0,,5.0
189,190,3,4,5,6,7,1,2,3,4,5,5.0,6.0,6.0,7.0,7.0
190,191,1,2,3,4,5,1,2,3,4,5,,5.0,6.0,7.0,7.0
191,192,4,5,5,6,7,2,3,4,5,6,4.0,5.0,,7.0,7.0
192,193,3,4,5,6,7,1,2,3,4,5,3.0,,,6.0,7.0
193,194,3,4,5,6,7,5,5,6,6,7,2.0,3.0,4.0,5.0,6.0
194,195,2,3,4,5,6,1,2,3,4,5,2.0,3.0,4.0,,6.0
195,196,5,5,5,6,7,5,5,6,6,7,,,3.0,4.0,5.0
196,197,2,3,4,5,6,4,5,6,6,7,5.0,,6.0,7.0,7.0
197,198,5,5,5,6,7,4,5,6,6,7,4.0,5.0,,7.0,7.0
198,199,4,5,5,6,7,1,2,3,4,5,5.0,6.0,6.0,7.0,7.0
199,200,1,2,3,4,5,1,2,3,4,5,,,5.0,6.0,7.0
200,201,2,3,4,5,6,3,4,5,6,7,,3.0,4.0,,6.0
201,202,5,5,5,6,7,3,4,5,6,7,5.0,6.0,6.0,7.0,
202,203,4,5,5,6,7,4,5,6,6,7,1.0,2.0,,,5.0
203,204,5,5,5,6,7,4,5,6,6,7,,,5.0,6.0,7.0
204,205,4,5,5,6,7,4,5,6,6,7,,5.0,6.0,7.0,7.0
205,206,1,2,3,4,5,2,3,4,5,6,,6.0,6.0,7.0,
206,207,4,5,5,6,7,1,2,3,4,5,1.0,2.0,3.0,4.0,5.0
207,208,3,4,5,6,7,3,4,5,6,7,2.0,3.0,4.0,5.0,6.0
208,209,4,5,5,6,7,5,5,6,6,7,4.0,5.0,6.0,7.0,
209,210,1,2,3,4,5,2,3,4,5,6,1.0,,3.0,4.0,5.0
210,211,5,5,5,6,7,2,3,4,5,6,,4.0,5.0,6.0,7.0
211,212,3,4,5,6,7,2,3,4,5,6,3.0,4.0,,6.0,7.0
212,213,1,2,3,4,5,2,3,4,5,6,4.0,5.0,6.0,7.0,7.0
213,214,2,3,4,5,6,2,3,4,5,6,,6.0,6.0,,7.0
214,215,5,5,5,6,7,5,5,6,6,7,,6.0,6.0,,7.0
215,216,3,4,5,6,7,4,5,6,6,7,1.0,2.0,3.0,4.0,
216,217,2,3,4,5,6,3,4,5,6,7,1.0,2.0,3.0,4.0,
217,218,4,5,5,6,7,2,3,4,5,6,,3.0,4.0,5.0,6.0
218,219,5,5,5,6,7,1,2,3,4,5,4.0,5.0,6.0,7.0,7.0
219,220,5,5,5,6,7,3,4,5,6,7,4.0,,6.0,7.0,7.0
220,221,3,4,5,6,7,3,4,5,6,7,3.0,,5.0,6.0,7.0
221,222,1,2,3,4,5,5,5,6,6,7,4.0,5.0,6.0,7.0,7.0
222,223,2,3,4,5,6,2,3,4,5,6,4.0,5.0,,7.0,
223,224,5,5,5,6,7,1,2,3,4,5,2.0,3.0,4.0,5.0,6.0
224,225,4,5,5,6,7,4,5,6,6,7,1.0,2.0,3.0,,5.0
225,226,3,4,5,6,7,2,3,4,5,6,2.0,3.0,4.0,5.0,6.0
226,227,2,3,4,5,6,5,5,6,6,7,2.0,3.0,4.0,5.0,6.0
227,228,1,2,3,4,5,2,3,4,5,6,1.0,,3.0,4.0,5.0
228,229,2,3,4,5,6,5,5,6,6,7,4.0,,,7.0,7.0
229,230,5,5,5,6,7,2,3,4,5,6,3.0,4.0,,6.0,7.0
230,231,3,4,5,6,7,3,4,5,6,7,,3.0,4.0,5.0,6.0
231,232,4,5,5,6,7,2,3,4,5,6,2.0,3.0,4.0,5.0,6.0
232,233,1,2,3,4,5,1,2,3,4,5,2.0,3.0,4.0,5.0,6.0
233,234,4,5,5,6,7,1,2,3,4,5,4.0,5.0,6.0,7.0,7.0
234,235,3,4,5,6,7,1,2,3,4,5,4.0,,6.0,7.0,7.0
235,236,3,4,5,6,7,5,5,6,6,7,,2.0,3.0,4.0,5.0
236,237,4,5,5,6,7,2,3,4,5,6,4.0,5.0,6.0,7.0,7.0
237,238,4,5,5,6,7,3,4,5,6,7,5.0,6.0,6.0,7.0,7.0
238,239,3,4,5,6,7,1,2,3,4,5,2.0,,4.0,5.0,6.0
239,240,4,5,5,6,7,1,2,3,4,5,5.0,6.0,6.0,,7.0
240,241,3,4,5,6,7,2,3,4,5,6,4.0,5.0,6.0,7.0,
241,242,1,2,3,4,5,1,2,3,4,5,5.0,,6.0,7.0,7.0
242,243,5,5,5,6,7,4,5,6,6,7,5.0,6.0,6.0,7.0,7.0
243,244,2,3,4,5,6,2,3,4,5,6,5.0,6.0,6.0,,
244,245,5,5,5,6,7,3,4,5,6,7,3.0,4.0,5.0,,7.0
245,246,5,5,5,6,7,2,3,4,5,6,5.0,6.0,6.0,7.0,7.0
246,247,5,5,5,6,7,1,2,3,4,5,1.0,,,4.0,
247,248,3,4,5,6,7,1,2,3,4,5,4.0,5.0,6.0,,
248,249,2,3,4,5,6,3,4,5,6,7,3.0,,5.0,6.0,7.0
249,250,2,3,4,5,6,3,4,5,6,7,2.0,3.0,4.0,,6.0
250,251,3,4,5,6,7,2,3,4,5,6,2.0,3.0,,5.0,6.0
251,252,2,3,4,5,6,3,4,5,6,7,,,4.0,,6.0
252,253,1,2,3,4,5,4,5,6,6,7,5.0,6.0,6.0,,7.0
253,254,3,4,5,6,7,2,3,4,5,6,2.0,3.0,4.0,5.0,6.0
254,255,4,5,5,6,7,4,5,6,6,7,,5.0,,,
255,256,1,2,3,4,5,3,4,5,6,7,1.0,,,4.0,5.0
256,257,5,5,5,6,7,1,2,3,4,5,5.0,6.0,,,
257,258,4,5,5,6,7,2,3,4,5,6,4.0,5.0,6.0,7.0,7.0
258,259,4,5,5,6,7,1,2,3,4,5,4.0,5.0,6.0,7.0,7.0
259,260,2,3,4,5,6,5,5,6,6,7,3.0,4.0,5.0,6.0,
260,261,2,3,4,5,6,1,2,3,4,5,1.0,2.0,3.0,4.0,5.0
261,262,3,4,5,6,7,1,2,3,4,5,2.0,,4.0,5.0,6.0
262,263,3,4,5,6,7,1,2,3,4,5,5.0,6.0,,,7.0
263,264,3,4,5,6,7,1,2,3,4,5,2.0,3.0,4.0,,6.0
264,265,5,5,5,6,7,2,3,4,5,6,4.0,5.0,6.0,7.0,7.0
265,266,4,5,5,6,7,1,2,3,4,5,5.0,6.0,6.0,7.0,7.0
266,267,5,5,5,6,7,4,5,6,6,7,1.0,2.0,3.0,4.0,5.0
267,268,1,2,3,4,5,5,5,6,6,7,5.0,6.0,6.0,7.0,7.0
268,269,2,3,4,5,6,5,5,6,6,7,,5.0,,7.0,7.0
269,270,1,2,3,4,5,1,2,3,4,5,2.0,3.0,4.0,5.0,6.0
270,271,4,5,5,6,7,1,2,3,4,5,4.0,5.0,6.0,7.0,7.0
271,272,5,5,5,6,7,1,2,3,4,5,4.0,5.0,,7.0,7.0
272,273,5,5,5,6,7,2,3,4,5,6,1.0,2.0,3.0,4.0,5.0
273,274,2,3,4,5,6,2,3,4,5,6,,,6.0,7.0,7.0
274,275,5,5,5,6,7,4,5,6,6,7,4.0,5.0,,7.0,7.0
275,276,2,3,4,5,6,3,4,5,6,7,1.0,2.0,3.0,4.0,5.0
276,277,3,4,5,6,7,2,3,4,5,6,3.0,4.0,5.0,6.0,7.0
277,278,2,3,4,5,6,4,5,6,6,7,2.0,3.0,,5.0,6.0
278,279,2,3,4,5,6,4,5,6,6,7,,3.0,4.0,5.0,6.0
279,280,5,5,5,6,7,4,5,6,6,7,3.0,4.0,5.0,6.0,7.0
280,281,2,3,4,5,6,3,4,5,6,7,,4.0,5.0,6.0,
281,282,5,5,5,6,7,2,3,4,5,6,5.0,6.0,6.0,7.0,7.0
282,283,1,2,3,4,5,1,2,3,4,5,1.0,,3.0,,5.0
283,284,1,2,3,4,5,2,3,4,5,6,,,6.0,7.0,7.0
284,285,4,5,5,6,7,3,4,5,6,7,4.0,,6.0,7.0,7.0
285,286,1,2,3,4,5,5,5,6,6,7,2.0,3.0,,,6.0
286,287,2,3,4,5,6,5,5,6,6,7,2.0,3.0,4.0,5.0,6.0
287,288,3,4,5,6,7,1,2,3,4,5,2.0,,4.0,5.0,
288,289,4,5,5,6,7,5,5,6,6,7,1.0,2.0,3.0,4.0,5.0
289,290,5,5,5,6,7,1,2,3,4,5,,4.0,,6.0,7.0
290,291,1,2,3,4,5,4,5,6,6,7,2.0,3.0,4.0,5.0,6.0
291,292,5,5,5,6,7,1,2,3,4,5,3.0,4.0,5.0,6.0,7.0
292,293,2,3,4,5,6,2,3,4,5,6,4.0,5.0,6.0,7.0,
293,294,1,2,3,4,5,2,3,4,5,6,,5.0,6.0,7.0,
294,295,1,2,3,4,5,1,2,3,4,5,,,3.0,4.0,5.0
295,296,2,3,4,5,6,5,5,6,6,7,2.0,,4.0,5.0,6.0
296,297,3,4,5,6,7,5,5,6,6,7,3.0,4.0,,,7.0
297,298,5,5,5,6,7,3,4,5,6,7,1.0,2.0,3.0,4.0,5.0
298,299,2,3,4,5,6,2,3,4,5,6,2.0,3.0,4.0,5.0,6.0
299,300,1,2,3,4,5,2,3,4,5,6,5.0,,6.0,7.0,7.0
300,301,4,5,5,6,7,2,3,4,5,6,,3.0,4.0,5.0,
301,302,1,2,3,4,5,5,5,6,6,7,3.0,,5.0,,7.0
302,303,4,5,5,6,7,2,3,4,5,6,3.0,4.0,,6.0,7.0
303,304,3,4,5,6,7,1,2,3,4,5,3.0,,5.0,6.0,
304,305,5,5,5,6,7,1,2,3,4,5,,5.0,6.0,7.0,7.0
305,306,3,4,5,6,7,1,2,3,4,5,4.0,5.0,6.0,7.0,7.0
306,307,3,4,5,6,7,1,2,3,4,5,4.0,5.0,6.0,,
307,308,1,2,3,4,5,3,4,5,6,7,2.0,3.0,4.0,,6.0
308,309,1,2,3,4,5,1,2,3,4,5,5.0,6.0,6.0,7.0,7.0
309,310,3,4,5,6,7,4,5,6,6,7,3.0,4.0,5.0,6.0,
310,311,4,5,5,6,7,5,5,6,6,7,,6.0,6.0,7.0,7.0
311,312,2,3,4,5,6,2,3,4,5,6,1.0,2.0,3.0,4.0,5.0
312,313,2,3,4,5,6,1,2,3,4,5,4.0,,6.0,,7.0
313,314,1,2,3,4,5,4,5,6,6,7,1.0,2.0,,4.0,5.0
314,315,5,5,5,6,7,1,2,3,4,5,5.0,,6.0,7.0,7.0
315,316,1,2,3,4,5,1,2,3,4,5,,4.0,5.0,6.0,
316,317,1,2,3,4,5,3,4,5,6,7,3.0,4.0,,6.0,7.0
317,318,1,2,3,4,5,5,5,6,6,7,3.0,4.0,5.0,,
318,319,3,4,5,6,7,1,2,3,4,5,,,6.0,7.0,7.0
319,320,3,4,5,6,7,3,4,5,6,7,5.0,,,7.0,7.0
320,321,5,5,5,6,7,5,5,6,6,7,1.0,2.0,3.0,4.0,5.0
321,322,5,5,5,6,7,1,2,3,4,5,4.0,5.0,6.0,7.0,7.0
322,323,5,5,5,6,7,1,2,3,4,5,2.0,3.0,4.0,5.0,6.0
323,324,2,3,4,5,6,5,5,6,6,7,3.0,,5.0,6.0,
324,325,5,5,5,6,7,4,5,6,6,7,,4.0,5.0,,7.0
325,326,4,5,5,6,7,4,5,6,6,7,1.0,,3.0,,5.0
326,327,3,4,5,6,7,5,5,6,6,7,5.0,6.0,6.0,7.0,7.0
327,328,2,3,4,5,6,1,2,3,4,5,3.0,4.0,5.0,6.0,
328,329,5,5,5,6,7,1,2,3,4,5,2.0,,4.0,5.0,6.0
329,330,5,5,5,6,7,3,4,5,6,7,2.0,,4.0,,6.0
330,331,3,4,5,6,7,5,5,6,6,7,5.0,6.0,6.0,7.0,7.0
331,332,2,3,4,5,6,3,4,5,6,7,5.0,,6.0,7.0,7.0
332,333,3,4,5,6,7,3,4,5,6,7,2.0,3.0,,5.0,
333,334,2,3,4,5,6,4,5,6,6,7,1.0,2.0,3.0,4.0,5.0
334,335,2,3,4,5,6,4,5,6,6,7,3.0,4.0,5.0,,7.0
335,336,2,3,4,5,6,4,5,6,6,7,,5.0,6.0,7.0,7.0
336,337,5,5,5,6,7,3,4,5,6,7,3.0,4.0,5.0,,
337,338,3,4,5,6,7,2,3,4,5,6,4.0,5.0,6.0,7.0,
338,339,5,5,5,6,7,5,5,6,6,7,4.0,5.0,6.0,7.0,7.0
339,340,5,5,5,6,7,1,2,3,4,5,3.0,4.0,5.0,6.0,7.0
340,341,4,5,5,6,7,3,4,5,6,7,1.0,2.0,3.0,4.0,
341,342,5,5,5,6,7,2,3,4,5,6,3.0,4.0,5.0,6.0,7.0
342,343,3,4,5,6,7,1,2,3,4,5,,6.0,6.0,7.0,7.0
343,344,1,2,3,4,5,4,5,6,6,7,,2.0,,4.0,5.0
344,345,5,5,5,6,7,3,4,5,6,7,1.0,2.0,,4.0,5.0
345,346,1,2,3,4,5,4,5,6,6,7,,2.0,3.0,4.0,5.0
346,347,3,4,5,6,7,5,5,6,6,7,3.0,4.0,5.0,6.0,7.0
347,348,4,5,5,6,7,5,5,6,6,7,,6.0,,7.0,7.0
348,349,1,2,3,4,5,1,2,3,4,5,4.0,5.0,6.0,7.0,
349,350,5,5,5,6,7,4,5,6,6,7,,6.0,6.0,7.0,7.0
350,351,5,5,5,6,7,4,5,6,6,7,5.0,6.0,,7.0,
351,352,4,5,5,6,7,3,4,5,6,7,2.0,3.0,,5.0,6.0
352,353,2,3,4,5,6,3,4,5,6,7,4.0,,6.0,7.0,
353,354,3,4,5,6,7,5,5,6,6,7,3.0,4.0,5.0,,7.0
354,355,5,5,5,6,7,2,3,4,5,6,,6.0,6.0,7.0,7.0
355,356,3,4,5,6,7,3,4,5,6,7,4.0,,6.0,,7.0
356,357,1,2,3,4,5,2,3,4,5,6,3.0,4.0,5.0,6.0,7.0
357,358,3,4,5,6,7,2,3,4,5,6,1.0,,3.0,4.0,5.0
358,359,4,5,5,6,7,2,3,4,5,6,1.0,2.0,3.0,4.0,5.0
359,360,5,5,5,6,7,1,2,3,4,5,1.0,2.0,3.0,4.0,
360,361,5,5,5,6,7,5,5,6,6,7,4.0,5.0,6.0,7.0,
361,362,1,2,3,4,5,3,4,5,6,7,3.0,,,6.0,7.0
362,363,2,3,4,5,6,3,4,5,6,7,4.0,5.0,6.0,7.0,7.0
363,364,5,5,5,6,7,3,4,5,6,7,1.0,2.0,3.0,4.0,5.0
364,365,3,4,5,6,7,3,4,5,6,7,3.0,4.0,5.0,6.0,
365,366,1,2,3,4,5,1,2,3,4,5,4.0,5.0,6.0,7.0,7.0
366,367,1,2,3,4,5,3,4,5,6,7,4.0,5.0,6.0,,7.0
367,368,1,2,3,4,5,3,4,5,6,7,3.0,4.0,5.0,6.0,7.0
368,369,4,5,5,6,7,1,2,3,4,5,,6.0,6.0,7.0,7.0
369,370,1,2,3,4,5,4,5,6,6,7,5.0,6.0,,7.0,7.0
370,371,1,2,3,4,5,5,5,6,6,7,,6.0,6.0,7.0,7.0
371,372,1,2,3,4,5,3,4,5,6,7,1.0,2.0,,,5.0
372,373,4,5,5,6,7,3,4,5,6,7,,3.0,4.0,5.0,
373,374,3,4,5,6,7,1,2,3,4,5,1.0,2.0,,4.0,
374,375,1,2,3,4,5,5,5,6,6,7,5.0,6.0,6.0,7.0,7.0
375,376,3,4,5,6,7,3,4,5,6,7,5.0,6.0,6.0,7.0,7.0
376,377,4,5,5,6,7,3,4,5,6,7,2.0,3.0,4.0,5.0,6.0
377,378,3,4,5,6,7,5,5,6,6,7,1.0,2.0,3.0,4.0,5.0
378,379,2,3,4,5,6,5,5,6,6,7,4.0,5.0,,,7.0
379,380,4,5,5,6,7,2,3,4,5,6,,3.0,4.0,5.0,6.0
380,381,5,5,5,6,7,2,3,4,5,6,3.0,4.0,5.0,,
381,382,5,5,5,6,7,3,4,5,6,7,2.0,3.0,4.0,5.0,6.0
382,383,5,5,5,6,7,2,3,4,5,6,4.0,5.0,,7.0,7.0
383,384,5,5,5,6,7,3,4,5,6,7,3.0,,5.0,6.0,7.0
384,385,4,5,5,6,7,1,2,3,4,5,5.0,6.0,6.0,7.0,7.0
385,386,3,4,5,6,7,1,2,3,4,5,2.0,3.0,4.0,,6.0
386,387,3,4,5,6,7,3,4,5,6,7,3.0,,5.0,6.0,7.0
387,388,2,3,4,5,6,5,5,6,6,7,5.0,6.0,6.0,7.0,7.0
388,389,3,4,5,6,7,5,5,6,6,7,5.0,6.0,6.0,7.0,7.0
389,390,4,5,5,6,7,4,5,6,6,7,,,6.0,7.0,7.0
390,391,4,5,5,6,7,4,5,6,6,7,1.0,2.0,3.0,,5.0
391,392,2,3,4,5,6,4,5,6,6,7,1.0,2.0,,,5.0
392,393,2,3,4,5,6,5,5,6,6,7,3.0,4.0,5.0,6.0,7.0
393,394,3,4,5,6,7,2,3,4,5,6,5.0,6.0,,7.0,
394,395,5,5,5,6,7,2,3,4,5,6,2.0,3.0,4.0,,6.0
395,396,5,5,5,6,7,2,3,4,5,6,3.0,,,6.0,7.0
396,397,4,5,5,6,7,3,4,5,6,7,,,6.0,7.0,7.0
397,398,5,5,5,6,7,3,4,5,6,7,3.0,4.0,5.0,6.0,7.0
398,399,5,5,5,6,7,1,2,3,4,5,4.0,5.0,6.0,7.0,7.0
399,400,1,2,3,4,5,3,4,5,6,7,2.0,3.0,4.0,5.0,6.0
400,401,3,4,5,6,7,3,4,5,6,7,5.0,6.0,6.0,7.0,
401,402,1,2,3,4,5,2,3,4,5,6,2.0,3.0,4.0,,6.0
402,403,4,5,5,6,7,2,3,4,5,6,,,4.0,5.0,6.0
403,404,3,4,5,6,7,1,2,3,4,5,2.0,3.0,4.0,5.0,6.0
404,405,3,4,5,6,7,5,5,6,6,7,3.0,4.0,5.0,6.0,7.0
405,406,4,5,5,6,7,3,4,5,6,7,,4.0,5.0,6.0,7.0
406,407,3,4,5,6,7,4,5,6,6,7,4.0,5.0,6.0,7.0,7.0
407,408,3,4,5,6,7,3,4,5,6,7,3.0,4.0,5.0,6.0,7.0
408,409,4,5,5,6,7,1,2,3,4,5,3.0,4.0,5.0,6.0,7.0
409,410,4,5,5,6,7,4,5,6,6,7,3.0,4.0,,6.0,7.0
410,411,2,3,4,5,6,1,2,3,4,5,3.0,,5.0,6.0,7.0
411,412,2,3,4,5,6,5,5,6,6,7,3.0,4.0,5.0,6.0,7.0
412,413,3,4,5,6,7,4,5,6,6,7,1.0,,,4.0,5.0
413,414,3,4,5,6,7,5,5,6,6,7,5.0,6.0,6.0,7.0,7.0
414,415,4,5,5,6,7,5,5,6,6,7,3.0,4.0,5.0,6.0,7.0
415,416,3,4,5,6,7,2,3,4,5,6,4.0,5.0,6.0,7.0,7.0
416,417,1,2,3,4,5,4,5,6,6,7,,2.0,3.0,4.0,5.0
417,418,1,2,3,4,5,3,4,5,6,7,,2.0,3.0,,5.0
418,419,4,5,5,6,7,2,3,4,5,6,,4.0,5.0,6.0,
419,420,5,5,5,6,7,5,5,6,6,7,3.0,4.0,,6.0,7.0
420,421,4,5,5,6,7,5,5,6,6,7,,3.0,4.0,5.0,6.0
421,422,5,5,5,6,7,2,3,4,5,6,3.0,4.0,,,7.0
422,423,2,3,4,5,6,1,2,3,4,5,2.0,3.0,,5.0,6.0
423,424,2,3,4,5,6,3,4,5,6,7,5.0,6.0,,7.0,
424,425,5,5,5,6,7,2,3,4,5,6,3.0,4.0,5.0,6.0,7.0
425,426,1,2,3,4,5,1,2,3,4,5,5.0,6.0,6.0,7.0,7.0
426,427,1,2,3,4,5,5,5,6,6,7,2.0,3.0,4.0,5.0,6.0
427,428,5,5,5,6,7,5,5,6,6,7,5.0,6.0,6.0,7.0,7.0
428,429,3,4,5,6,7,4,5,6,6,7,,,6.0,7.0,7.0
429,430,4,5,5,6,7,4,5,6,6,7,3.0,4.0,,6.0,7.0
430,431,5,5,5,6,7,4,5,6,6,7,,3.0,4.0,5.0,6.0
431,432,4,5,5,6,7,2,3,4,5,6,2.0,3.0,4.0,,6.0
432,433,5,5,5,6,7,5,5,6,6,7,4.0,5.0,6.0,,7.0
433,434,4,5,5,6,7,1,2,3,4,5,3.0,4.0,5.0,6.0,
434,435,3,4,5,6,7,2,3,4,5,6,5.0,6.0,6.0,7.0,7.0
435,436,4,5,5,6,7,1,2,3,4,5,4.0,5.0,6.0,7.0,7.0
436,437,4,5,5,6,7,5,5,6,6,7,5.0,6.0,,7.0,
437,438,1,2,3,4,5,1,2,3,4,5,4.0,5.0,6.0,7.0,7.0
438,439,4,5,5,6,7,5,5,6,6,7,2.0,,4.0,5.0,6.0
439,440,4,5,5,6,7,5,5,6,6,7,5.0,6.0,6.0,,7.0
440,441,1,2,3,4,5,4,5,6,6,7,4.0,5.0,6.0,7.0,7.0
441,442,1,2,3,4,5,1,2,3,4,5,5.0,6.0,6.0,7.0,7.0
442,443,2,3,4,5,6,5,5,6,6,7,,4.0,5.0,,7.0
443,444,2,3,4,5,6,5,5,6,6,7,3.0,,5.0,6.0,7.0
444,445,2,3,4,5,6,5,5,6,6,7,2.0,3.0,,5.0,6.0
445,446,2,3,4,5,6,2,3,4,5,6,3.0,4.0,5.0,6.0,
446,447,4,5,5,6,7,5,5,6,6,7,2.0,,4.0,5.0,6.0
447,448,1,2,3,4,5,3,4,5,6,7,1.0,2.0,,,5.0
448,449,5,5,5,6,7,5,5,6,6,7,5.0,6.0,6.0,7.0,7.0
449,450,3,4,5,6,7,3,4,5,6,7,2.0,3.0,4.0,5.0,6.0
450,451,1,2,3,4,5,2,3,4,5,6,1.0,2.0,3.0,,5.0
451,452,3,4,5,6,7,3,4,5,6,7,5.0,6.0,6.0,7.0,7.0
452,453,3,4,5,6,7,2,3,4,5,6,4.0,5.0,6.0,7.0,7.0
453,454,3,4,5,6,7,2,3,4,5,6,5.0,6.0,6.0,7.0,7.0
454,455,1,2,3,4,5,2,3,4,5,6,5.0,,6.0,,7.0
455,456,3,4,5,6,7,4,5,6,6,7,2.0,3.0,,5.0,6.0
456,457,3,4,5,6,7,5,5,6,6,7,2.0,3.0,4.0,5.0,6.0
457,458,2,3,4,5,6,3,4,5,6,7,,5.0,6.0,7.0,7.0
458,459,5,5,5,6,7,3,4,5,6,7,2.0,3.0,,5.0,6.0
459,460,5,5,5,6,7,5,5,6,6,7,4.0,,6.0,7.0,7.0
460,461,3,4,5,6,7,1,2,3,4,5,,3.0,4.0,5.0,
461,462,3,4,5,6,7,3,4,5,6,7,3.0,,5.0,6.0,
462,463,5,5,5,6,7,3,4,5,6,7,,4.0,5.0,6.0,7.0
463,464,2,3,4,5,6,1,2,3,4,5,,2.0,3.0,4.0,5.0
464,465,5,5,5,6,7,1,2,3,4,5,,5.0,6.0,7.0,7.0
465,466,3,4,5,6,7,1,2,3,4,5,2.0,3.0,,5.0,
466,467,1,2,3,4,5,1,2,3,4,5,,6.0,6.0,7.0,7.0
467,468,2,3,4,5,6,5,5,6,6,7,1.0,2.0,3.0,4.0,5.0
468,469,5,5,5,6,7,4,5,6,6,7,,6.0,6.0,7.0,7.0
469,470,5,5,5,6,7,4,5,6,6,7,,,6.0,7.0,7.0
470,471,2,3,4,5,6,1,2,3,4,5,,6.0,6.0,7.0,7.0
471,472,2,3,4,5,6,2,3,4,5,6,5.0,6.0,6.0,7.0,
472,473,2,3,4,5,6,5,5,6,6,7,,2.0,3.0,,5.0
473,474,4,5,5,6,7,1,2,3,4,5,5.0,,6.0,7.0,7.0
474,475,4,5,5,6,7,2,3,4,5,6,,5.0,6.0,7.0,
475,476,1,2,3,4,5,1,2,3,4,5,3.0,4.0,5.0,6.0,7.0
476,477,1,2,3,4,5,2,3,4,5,6,1.0,2.0,,4.0,5.0
477,478,3,4,5,6,7,5,5,6,6,7,3.0,4.0,5.0,6.0,7.0
478,479,2,3,4,5,6,5,5,6,6,7,4.0,5.0,6.0,7.0,7.0
479,480,5,5,5,6,7,1,2,3,4,5,,4.0,5.0,6.0,7.0
480,481,4,5,5,6,7,3,4,5,6,7,,2.0,,4.0,5.0
481,482,5,5,5,6,7,5,5,6,6,7,4.0,,6.0,,7.0
482,483,2,3,4,5,6,4,5,6,6,7,5.0,6.0,6.0,7.0,7.0
483,484,2,3,4,5,6,1,2,3,4,5,3.0,4.0,5.0,6.0,7.0
484,485,2,3,4,5,6,4,5,6,6,7,1.0,2.0,3.0,4.0,5.0
485,486,4,5,5,6,7,5,5,6,6,7,5.0,,,7.0,7.0
486,487,4,5,5,6,7,5,5,6,6,7,1.0,,3.0,,5.0
487,488,2,3,4,5,6,2,3,4,5,6,3.0,4.0,5.0,6.0,7.0
488,489,3,4,5,6,7,5,5,6,6,7,4.0,,6.0,7.0,
489,490,1,2,3,4,5,1,2,3,4,5,5.0,6.0,6.0,7.0,7.0
490,491,1,2,3,4,5,4,5,6,6,7,,6.0,6.0,7.0,7.0
491,492,3,4,5,6,7,5,5,6,6,7,3.0,4.0,5.0,6.0,7.0
492,493,2,3,4,5,6,1,2,3,4,5,3.0,4.0,5.0,,7.0
493,494,1,2,3,4,5,1,2,3,4,5,5.0,,6.0,,7.0
494,495,4,5,5,6,7,2,3,4,5,6,5.0,6.0,6.0,7.0,7.0
495,496,4,5,5,6,7,3,4,5,6,7,3.0,4.0,,6.0,
496,497,4,5,5,6,7,2,3,4,5,6,3.0,4.0,5.0,6.0,7.0
497,498,5,5,5,6,7,2,3,4,5,6,,6.0,,7.0,7.0
498,499,3,4,5,6,7,1,2,3,4,5,2.0,3.0,4.0,,6.0
499,500,3,4,5,6,7,3,4,5,6,7,3.0,,5.0,,7.0
500,501,1,2,3,4,5,2,3,4,5,6,4.0,,6.0,7.0,
501,502,5,5,5,6,7,1,2,3,4,5,,4.0,5.0,6.0,
502,503,3,4,5,6,7,2,3,4,5,6,,3.0,4.0,5.0,6.0
503,504,2,3,4,5,6,1,2,3,4,5,3.0,4.0,5.0,6.0,
504,505,3,4,5,6,7,1,2,3,4,5,5.0,,6.0,7.0,7.0
505,506,5,5,5,6,7,5,5,6,6,7,3.0,4.0,5.0,,
506,507,5,5,5,6,7,2,3,4,5,6,4.0,,6.0,,7.0
507,508,1,2,3,4,5,5,5,6,6,7,2.0,,4.0,5.0,6.0
508,509,5,5,5,6,7,2,3,4,5,6,,2.0,3.0,4.0,5.0
509,510,2,3,4,5,6,5,5,6,6,7,,4.0,5.0,6.0,7.0
510,511,5,5,5,6,7,1,2,3,4,5,4.0,5.0,6.0,7.0,7.0
511,512,5,5,5,6,7,4,5,6,6,7,4.0,,6.0,7.0,7.0
512,513,4,5,5,6,7,1,2,3,4,5,2.0,3.0,4.0,5.0,
513,514,4,5,5,6,7,2,3,4,5,6,2.0,3.0,,5.0,
514,515,4,5,5,6,7,3,4,5,6,7,4.0,5.0,6.0,7.0,7.0
515,516,2,3,4,5,6,4,5,6,6,7,4.0,5.0,6.0,7.0,7.0
516,517,4,5,5,6,7,4,5,6,6,7,2.0,3.0,,5.0,6.0
517,518,5,5,5,6,7,5,5,6,6,7,1.0,2.0,3.0,4.0,5.0
518,519,2,3,4,5,6,3,4,5,6,7,2.0,3.0,,5.0,
519,520,3,4,5,6,7,1,2,3,4,5,2.0,3.0,4.0,5.0,6.0
520,521,5,5,5,6,7,4,5,6,6,7,5.0,6.0,6.0,7.0,7.0
521,522,1,2,3,4,5,2,3,4,5,6,,5.0,6.0,,7.0
522,523,2,3,4,5,6,4,5,6,6,7,1.0,2.0,,4.0,
523,524,3,4,5,6,7,1,2,3,4,5,2.0,3.0,,5.0,6.0
524,525,4,5,5,6,7,2,3,4,5,6,4.0,5.0,6.0,,7.0
525,526,1,2,3,4,5,3,4,5,6,7,,3.0,4.0,5.0,
526,527,3,4,5,6,7,1,2,3,4,5,3.0,,5.0,6.0,7.0
527,528,5,5,5,6,7,4,5,6,6,7,2.0,3.0,4.0,5.0,
528,529,1,2,3,4,5,2,3,4,5,6,2.0,3.0,4.0,5.0,6.0
529,530,2,3,4,5,6,4,5,6,6,7,4.0,5.0,6.0,7.0,7.0
530,531,2,3,4,5,6,2,3,4,5,6,2.0,,4.0,5.0,6.0
531,532,1,2,3,4,5,5,5,6,6,7,1.0,2.0,3.0,4.0,
532,533,4,5,5,6,7,4,5,6,6,7,2.0,3.0,4.0,5.0,6.0
533,534,1,2,3,4,5,2,3,4,5,6,2.0,3.0,4.0,5.0,6.0
534,535,3,4,5,6,7,4,5,6,6,7,4.0,5.0,6.0,7.0,7.0
535,536,3,4,5,6,7,1,2,3,4,5,,3.0,4.0,5.0,6.0
536,537,1,2,3,4,5,1,2,3,4,5,3.0,4.0,5.0,6.0,7.0
537,538,5,5,5,6,7,4,5,6,6,7,5.0,6.0,6.0,,
538,539,1,2,3,4,5,5,5,6,6,7,5.0,6.0,6.0,7.0,7.0
539,540,1,2,3,4,5,3,4,5,6,7,3.0,4.0,5.0,6.0,7.0
540,541,1,2,3,4,5,1,2,3,4,5,5.0,6.0,,7.0,7.0
541,542,5,5,5,6,7,4,5,6,6,7,3.0,,5.0,6.0,7.0
542,543,5,5,5,6,7,4,5,6,6,7,3.0,,5.0,6.0,7.0
543,544,5,5,5,6,7,1,2,3,4,5,1.0,2.0,3.0,4.0,5.0
544,545,4,5,5,6,7,2,3,4,5,6,3.0,4.0,5.0,6.0,7.0
545,546,3,4,5,6,7,4,5,6,6,7,4.0,5.0,6.0,7.0,7.0
546,547,4,5,5,6,7,3,4,5,6,7,3.0,4.0,5.0,6.0,7.0
547,548,3,4,5,6,7,4,5,6,6,7,3.0,4.0,5.0,,7.0
548,549,5,5,5,6,7,1,2,3,4,5,1.0,2.0,3.0,4.0,5.0
549,550,3,4,5,6,7,2,3,4,5,6,5.0,6.0,6.0,7.0,7.0
550,551,3,4,5,6,7,5,5,6,6,7,5.0,6.0,6.0,7.0,7.0
551,552,5,5,5,6,7,3,4,5,6,7,3.0,4.0,5.0,6.0,7.0
552,553,3,4,5,6,7,3,4,5,6,7,3.0,4.0,,6.0,
553,554,2,3,4,5,6,4,5,6,6,7,1.0,2.0,3.0,,5.0
554,555,5,5,5,6,7,5,5,6,6,7,1.0,2.0,3.0,4.0,5.0
555,556,2,3,4,5,6,4,5,6,6,7,5.0,6.0,6.0,7.0,7.0
556,557,2,3,4,5,6,3,4,5,6,7,1.0,2.0,3.0,4.0,5.0
557,558,1,2,3,4,5,2,3,4,5,6,3.0,4.0,5.0,,7.0
558,559,4,5,5,6,7,2,3,4,5,6,5.0,6.0,6.0,7.0,7.0
559,560,2,3,4,5,6,5,5,6,6,7,,3.0,4.0,,6.0
560,561,5,5,5,6,7,3,4,5,6,7,1.0,2.0,3.0,4.0,5.0
561,562,2,3,4,5,6,5,5,6,6,7,,5.0,6.0,7.0,7.0
562,563,4,5,5,6,7,5,5,6,6,7,4.0,5.0,6.0,7.0,7.0
563,564,2,3,4,5,6,1,2,3,4,5,,5.0,6.0,,7.0
564,565,3,4,5,6,7,3,4,5,6,7,,5.0,6.0,7.0,7.0
565,566,1,2,3,4,5,1,2,3,4,5,5.0,6.0,6.0,7.0,7.0
566,567,2,3,4,5,6,2,3,4,5,6,4.0,5.0,6.0,7.0,7.0
567,568,4,5,5,6,7,2,3,4,5,6,4.0,5.0,6.0,,
568,569,2,3,4,5,6,1,2,3,4,5,2.0,3.0,,,6.0
569,570,2,3,4,5,6,3,4,5,6,7,3.0,4.0,5.0,,7.0
570,571,1,2,3,4,5,3,4,5,6,7,2.0,3.0,4.0,5.0,
571,572,3,4,5,6,7,1,2,3,4,5,2.0,3.0,4.0,,6.0
572,573,1,2,3,4,5,3,4,5,6,7,1.0,2.0,3.0,4.0,
573,574,4,5,5,6,7,1,2,3,4,5,1.0,2.0,3.0,,5.0
574,575,5,5,5,6,7,5,5,6,6,7,5.0,6.0,6.0,7.0,7.0
575,576,4,5,5,6,7,5,5,6,6,7,1.0,2.0,3.0,4.0,5.0
576,577,1,2,3,4,5,1,2,3,4,5,5.0,6.0,6.0,7.0,7.0
577,578,3,4,5,6,7,3,4,5,6,7,3.0,,,6.0,7.0
578,579,5,5,5,6,7,4,5,6,6,7,3.0,4.0,5.0,6.0,7.0
579,580,2,3,4,5,6,1,2,3,4,5,5.0,,6.0,7.0,7.0
580,581,4,5,5,6,7,5,5,6,6,7,1.0,2.0,,4.0,5.0
581,582,3,4,5,6,7,2,3,4,5,6,1.0,2.0,3.0,4.0,5.0
582,583,1,2,3,4,5,1,2,3,4,5,,3.0,4.0,5.0,6.0
583,584,3,4,5,6,7,1,2,3,4,5,,4.0,5.0,,7.0
584,585,1,2,3,4,5,3,4,5,6,7,4.0,5.0,6.0,7.0,7.0
585,586,5,5,5,6,7,1,2,3,4,5,1.0,2.0,3.0,4.0,5.0
586,587,4,5,5,6,7,2,3,4,5,6,2.0,,4.0,5.0,6.0
587,588,2,3,4,5,6,3,4,5,6,7,4.0,,,7.0,7.0
588,589,4,5,5,6,7,1,2,3,4,5,3.0,,5.0,6.0,7.0
589,590,3,4,5,6,7,1,2,3,4,5,5.0,6.0,6.0,7.0,7.0
590,591,2,3,4,5,6,5,5,6,6,7,4.0,5.0,6.0,,7.0
591,592,4,5,5,6,7,1,2,3,4,5,5.0,6.0,6.0,7.0,7.0
592,593,2,3,4,5,6,1,2,3,4,5,1.0,2.0,,4.0,
593,594,4,5,5,6,7,1,2,3,4,5,5.0,6.0,6.0,7.0,7.0
594,595,5,5,5,6,7,3,4,5,6,7,3.0,4.0,5.0,6.0,7.0
595,596,2,3,4,5,6,3,4,5,6,7,4.0,,6.0,7.0,7.0
596,597,1,2,3,4,5,4,5,6,6,7,3.0,4.0,5.0,6.0,7.0
597,598,4,5,5,6,7,3,4,5,6,7,5.0,,6.0,7.0,7.0
598,599,4,5,5,6,7,3,4,5,6,7,3.0,4.0,5.0,6.0,7.0
599,600,1,2,3,4,5,2,3,4,5,6,1.0,2.0,3.0,4.0,5.0
600,601,4,5,5,6,7,1,2,3,4,5,2.0,3.0,4.0,5.0,
601,602,4,5,5,6,7,2,3,4,5,6,3.0,,5.0,6.0,7.0
602,603,3,4,5,6,7,5,5,6,6,7,2.0,3.0,,5.0,6.0
603,604,3,4,5,6,7,2,3,4,5,6,4.0,5.0,,,7.0
604,605,5,5,5,6,7,1,2,3,4,5,,2.0,,4.0,5.0
605,606,2,3,4,5,6,5,5,6,6,7,1.0,2.0,3.0,4.0,5.0
606,607,3,4,5,6,7,5,5,6,6,7,3.0,4.0,5.0,6.0,7.0
607,608,5,5,5,6,7,4,5,6,6,7,4.0,,6.0,,7.0
608,609,3,4,5,6,7,3,4,5,6,7,,2.0,3.0,4.0,5.0
609,610,2,3,4,5,6,3,4,5,6,7,,4.0,5.0,6.0,7.0
610,611,3,4,5,6,7,5,5,6,6,7,5.0,6.0,6.0,7.0,7.0
611,612,3,4,5,6,7,4,5,6,6,7,5.0,6.0,6.0,7.0,7.0
612,613,5,5,5,6,7,1,2,3,4,5,,4.0,5.0,6.0,7.0
613,614,2,3,4,5,6,5,5,6,6,7,2.0,3.0,4.0,5.0,6.0
614,615,4,5,5,6,7,1,2,3,4,5,4.0,5.0,6.0,7.0,
615,616,1,2,3,4,5,3,4,5,6,7,5.0,6.0,6.0,,
616,617,2,3,4,5,6,2,3,4,5,6,,5.0,6.0,,7.0
617,618,5,5,5,6,7,2,3,4,5,6,2.0,3.0,4.0,5.0,6.0
618,619,5,5,5,6,7,5,5,6,6,7,,4.0,5.0,6.0,
619,620,2,3,4,5,6,1,2,3,4,5,1.0,2.0,3.0,,5.0
620,621,5,5,5,6,7,4,5,6,6,7,1.0,2.0,3.0,4.0,5.0
621,622,1,2,3,4,5,4,5,6,6,7,1.0,2.0,3.0,4.0,5.0
622,623,5,5,5,6,7,3,4,5,6,7,3.0,4.0,5.0,6.0,7.0
623,624,4,5,5,6,7,2,3,4,5,6,2.0,3.0,4.0,,6.0
624,625,1,2,3,4,5,4,5,6,6,7,5.0,6.0,,7.0,7.0
625,626,1,2,3,4,5,1,2,3,4,5,5.0,6.0,,7.0,7.0
626,627,3,4,5,6,7,1,2,3,4,5,3.0,4.0,5.0,6.0,7.0
627,628,5,5,5,6,7,1,2,3,4,5,1.0,2.0,3.0,,
628,629,3,4,5,6,7,2,3,4,5,6,4.0,5.0,6.0,7.0,7.0
629,630,1,2,3,4,5,1,2,3,4,5,1.0,2.0,3.0,4.0,5.0
630,631,3,4,5,6,7,2,3,4,5,6,4.0,,6.0,7.0,7.0
631,632,4,5,5,6,7,4,5,6,6,7,4.0,5.0,,7.0,
632,633,1,2,3,4,5,5,5,6,6,7,3.0,4.0,,,7.0
633,634,2,3,4,5,6,3,4,5,6,7,3.0,4.0,5.0,6.0,7.0
634,635,4,5,5,6,7,1,2,3,4,5,3.0,4.0,,6.0,7.0
635,636,4,5,5,6,7,5,5,6,6,7,4.0,5.0,6.0,7.0,7.0
636,637,1,2,3,4,5,1,2,3,4,5,2.0,3.0,4.0,5.0,6.0
637,638,5,5,5,6,7,1,2,3,4,5,2.0,3.0,4.0,5.0,6.0
638,639,1,2,3,4,5,3,4,5,6,7,2.0,3.0,4.0,5.0,6.0
639,640,3,4,5,6,7,5,5,6,6,7,4.0,5.0,6.0,7.0,7.0
640,641,1,2,3,4,5,4,5,6,6,7,4.0,,6.0,7.0,7.0
641,642,1,2,3,4,5,3,4,5,6,7,4.0,,6.0,,7.0
642,643,1,2,3,4,5,1,2,3,4,5,3.0,4.0,5.0,6.0,7.0
643,644,5,5,5,6,7,3,4,5,6,7,4.0,5.0,6.0,7.0,7.0
644,645,2,3,4,5,6,4,5,6,6,7,4.0,5.0,,7.0,7.0
645,646,2,3,4,5,6,5,5,6,6,7,5.0,6.0,6.0,7.0,7.0
646,647,5,5,5,6,7,1,2,3,4,5,5.0,6.0,,7.0,
647,648,3,4,5,6,7,4,5,6,6,7,,5.0,6.0,7.0,
648,649,5,5,5,6,7,5,5,6,6,7,5.0,,6.0,7.0,7.0
649,650,2,3,4,5,6,5,5,6,6,7,1.0,2.0,3.0,,5.0
650,651,4,5,5,6,7,3,4,5,6,7,2.0,3.0,4.0,5.0,6.0
651,652,3,4,5,6,7,5,5,6,6,7,4.0,5.0,6.0,7.0,7.0
652,653,5,5,5,6,7,2,3,4,5,6,4.0,5.0,6.0,7.0,7.0
653,654,4,5,5,6,7,3,4,5,6,7,1.0,2.0,3.0,,5.0
654,655,5,5,5,6,7,1,2,3,4,5,5.0,6.0,6.0,,7.0
655,656,5,5,5,6,7,2,3,4,5,6,2.0,3.0,,5.0,6.0
656,657,3,4,5,6,7,2,3,4,5,6,5.0,6.0,6.0,7.0,7.0
657,658,1,2,3,4,5,5,5,6,6,7,2.0,3.0,4.0,,6.0
658,659,5,5,5,6,7,3,4,5,6,7,2.0,3.0,4.0,5.0,6.0
659,660,5,5,5,6,7,2,3,4,5,6,3.0,4.0,5.0,6.0,7.0
660,661,1,2,3,4,5,3,4,5,6,7,2.0,3.0,,5.0,6.0
661,662,1,2,3,4,5,4,5,6,6,7,,,6.0,7.0,7.0
662,663,2,3,4,5,6,2,3,4,5,6,2.0,3.0,4.0,5.0,
663,664,1,2,3,4,5,2,3,4,5,6,1.0,2.0,3.0,4.0,5.0
664,665,3,4,5,6,7,2,3,4,5,6,,4.0,,6.0,7.0
665,666,5,5,5,6,7,4,5,6,6,7,4.0,,,7.0,7.0
666,667,3,4,5,6,7,2,3,4,5,6,1.0,2.0,,4.0,5.0
667,668,3,4,5,6,7,3,4,5,6,7,3.0,4.0,5.0,6.0,7.0
668,669,5,5,5,6,7,5,5,6,6,7,1.0,2.0,3.0,,5.0
669,670,2,3,4,5,6,4,5,6,6,7,4.0,5.0,6.0,7.0,7.0
670,671,3,4,5,6,7,1,2,3,4,5,5.0,6.0,6.0,7.0,7.0
671,672,5,5,5,6,7,2,3,4,5,6,5.0,6.0,6.0,7.0,7.0
672,673,4,5,5,6,7,5,5,6,6,7,,5.0,,7.0,7.0
673,674,1,2,3,4,5,5,5,6,6,7,,3.0,4.0,5.0,6.0
674,675,1,2,3,4,5,1,2,3,4,5,4.0,5.0,6.0,7.0,7.0
675,676,2,3,4,5,6,2,3,4,5,6,3.0,,5.0,6.0,7.0
676,677,2,3,4,5,6,4,5,6,6,7,5.0,6.0,6.0,7.0,
677,678,4,5,5,6,7,3,4,5,6,7,2.0,,4.0,5.0,
678,679,3,4,5,6,7,4,5,6,6,7,5.0,6.0,6.0,7.0,7.0
679,680,2,3,4,5,6,4,5,6,6,7,2.0,3.0,4.0,5.0,6.0
680,681,4,5,5,6,7,2,3,4,5,6,1.0,2.0,3.0,,5.0
681,682,1,2,3,4,5,5,5,6,6,7,5.0,,6.0,7.0,7.0
682,683,2,3,4,5,6,1,2,3,4,5,5.0,6.0,6.0,7.0,7.0
683,684,5,5,5,6,7,3,4,5,6,7,3.0,4.0,5.0,,7.0
684,685,5,5,5,6,7,4,5,6,6,7,4.0,5.0,,7.0,7.0
685,686,1,2,3,4,5,2,3,4,5,6,4.0,5.0,6.0,7.0,
686,687,2,3,4,5,6,3,4,5,6,7,,6.0,6.0,7.0,7.0
687,688,5,5,5,6,7,2,3,4,5,6,1.0,2.0,3.0,4.0,5.0
688,689,1,2,3,4,5,2,3,4,5,6,,,6.0,7.0,7.0
689,690,3,4,5,6,7,3,4,5,6,7,3.0,4.0,5.0,,7.0
690,691,2,3,4,5,6,3,4,5,6,7,3.0,4.0,5.0,,
691,692,2,3,4,5,6,4,5,6,6,7,4.0,5.0,6.0,7.0,7.0
692,693,3,4,5,6,7,1,2,3,4,5,2.0,3.0,4.0,5.0,6.0
693,694,3,4,5,6,7,4,5,6,6,7,4.0,5.0,,7.0,
694,695,2,3,4,5,6,5,5,6,6,7,2.0,3.0,4.0,5.0,6.0
695,696,4,5,5,6,7,2,3,4,5,6,,2.0,3.0,4.0,5.0
696,697,1,2,3,4,5,5,5,6,6,7,3.0,4.0,,,7.0
697,698,1,2,3,4,5,1,2,3,4,5,3.0,4.0,,,7.0
698,699,5,5,5,6,7,2,3,4,5,6,1.0,2.0,3.0,4.0,5.0
699,700,3,4,5,6,7,5,5,6,6,7,,4.0,5.0,6.0,7.0
700,701,4,5,5,6,7,1,2,3,4,5,,2.0,3.0,4.0,5.0
701,702,5,5,5,6,7,5,5,6,6,7,4.0,,6.0,7.0,7.0
702,703,5,5,5,6,7,1,2,3,4,5,5.0,6.0,6.0,,7.0
703,704,3,4,5,6,7,5,5,6,6,7,5.0,,,7.0,7.0
704,705,4,5,5,6,7,3,4,5,6,7,2.0,3.0,4.0,5.0,6.0
705,706,2,3,4,5,6,3,4,5,6,7,5.0,,6.0,7.0,7.0
706,707,5,5,5,6,7,3,4,5,6,7,1.0,2.0,3.0,4.0,5.0
707,708,2,3,4,5,6,2,3,4,5,6,5.0,,6.0,7.0,7.0
708,709,4,5,5,6,7,3,4,5,6,7,2.0,3.0,,5.0,
709,710,3,4,5,6,7,4,5,6,6,7,5.0,6.0,6.0,7.0,7.0
710,711,5,5,5,6,7,2,3,4,5,6,5.0,6.0,,7.0,7.0
711,712,2,3,4,5,6,4,5,6,6,7,3.0,4.0,5.0,6.0,7.0
712,713,1,2,3,4,5,3,4,5,6,7,3.0,,5.0,6.0,
713,714,4,5,5,6,7,3,4,5,6,7,,,6.0,7.0,7.0
714,715,2,3,4,5,6,4,5,6,6,7,3.0,4.0,5.0,6.0,7.0
715,716,1,2,3,4,5,5,5,6,6,7,1.0,2.0,3.0,,5.0
716,717,1,2,3,4,5,4,5,6,6,7,4.0,5.0,6.0,,7.0
717,718,5,5,5,6,7,2,3,4,5,6,4.0,5.0,6.0,7.0,7.0
718,719,4,5,5,6,7,3,4,5,6,7,3.0,4.0,5.0,6.0,7.0
719,720,5,5,5,6,7,4,5,6,6,7,2.0,,,5.0,6.0
720,721,5,5,5,6,7,2,3,4,5,6,2.0,3.0,4.0,5.0,6.0
721,722,3,4,5,6,7,1,2,3,4,5,2.0,3.0,,5.0,6.0
722,723,4,5,5,6,7,5,5,6,6,7,3.0,4.0,5.0,6.0,
723,724,4,5,5,6,7,5,5,6,6,7,5.0,6.0,,,7.0
724,725,4,5,5,6,7,2,3,4,5,6,2.0,3.0,4.0,5.0,6.0
725,726,3,4,5,6,7,5,5,6,6,7,2.0,3.0,,,6.0
726,727,3,4,5,6,7,3,4,5,6,7,2.0,3.0,4.0,5.0,6.0
727,728,4,5,5,6,7,4,5,6,6,7,2.0,3.0,4.0,5.0,6.0
728,729,1,2,3,4,5,4,5,6,6,7,3.0,4.0,5.0,,7.0
729,730,1,2,3,4,5,4,5,6,6,7,1.0,2.0,3.0,,5.0
730,731,4,5,5,6,7,5,5,6,6,7,,6.0,6.0,,7.0
731,732,3,4,5,6,7,3,4,5,6,7,5.0,6.0,,7.0,7.0
732,733,2,3,4,5,6,1,2,3,4,5,3.0,4.0,5.0,6.0,7.0
733,734,2,3,4,5,6,1,2,3,4,5,1.0,2.0,3.0,4.0,5.0
734,735,3,4,5,6,7,5,5,6,6,7,5.0,6.0,6.0,7.0,7.0
735,736,2,3,4,5,6,5,5,6,6,7,4.0,,,7.0,7.0
736,737,1,2,3,4,5,5,5,6,6,7,4.0,5.0,6.0,7.0,7.0
737,738,4,5,5,6,7,1,2,3,4,5,5.0,,6.0,,7.0
738,739,4,5,5,6,7,3,4,5,6,7,2.0,3.0,4.0,5.0,6.0
739,740,3,4,5,6,7,2,3,4,5,6,5.0,,6.0,7.0,
740,741,1,2,3,4,5,1,2,3,4,5,4.0,5.0,6.0,7.0,7.0
741,742,2,3,4,5,6,3,4,5,6,7,2.0,3.0,4.0,5.0,6.0
742,743,2,3,4,5,6,2,3,4,5,6,4.0,5.0,6.0,7.0,7.0
743,744,2,3,4,5,6,5,5,6,6,7,,6.0,6.0,7.0,
744,745,4,5,5,6,7,3,4,5,6,7,1.0,2.0,3.0,4.0,
745,746,4,5,5,6,7,1,2,3,4,5,,3.0,4.0,5.0,6.0
746,747,2,3,4,5,6,4,5,6,6,7,2.0,3.0,4.0,5.0,6.0
747,748,3,4,5,6,7,4,5,6,6,7,2.0,3.0,4.0,5.0,6.0
748,749,5,5,5,6,7,5,5,6,6,7,,5.0,,7.0,7.0
749,750,1,2,3,4,5,4,5,6,6,7,2.0,3.0,,5.0,6.0
750,751,5,5,5,5,6,1,1,2,3,4,2.0,2.0,3.0,3.0,
751,752,2,2,3,3,3,2,3,4,4,5,3.0,3.0,4.0,5.0,6.0
752,753,1,1,1,2,2,2,2,2,3,4,3.0,4.0,,6.0,6.0
753,754,2,3,4,5,6,4,5,5,6,7,4.0,4.0,4.0,5.0,5.0
754,755,4,4,5,6,6,3,4,5,5,5,4.0,4.0,5.0,5.0,6.0
755,756,3,4,5,6,6,5,5,5,6,6,,5.0,5.0,6.0,
756,757,2,2,2,3,3,3,3,3,3,4,4.0,4.0,4.0,4.0,4.0
757,758,4,5,5,6,6,3,3,4,5,5,1.0,2.0,2.0,3.0,4.0
758,759,2,3,4,5,6,5,5,6,6,6,1.0,2.0,2.0,3.0,3.0
759,760,4,4,5,6,6,3,3,3,3,3,2.0,3.0,3.0,,4.0
760,761,3,3,4,4,5,5,5,6,6,7,,4.0,5.0,5.0,
761,762,5,5,5,5,5,2,2,3,4,5,3.0,,5.0,5.0,6.0
762,763,3,4,4,5,5,2,2,3,4,5,2.0,3.0,3.0,4.0,4.0
763,764,4,4,5,5,5,5,5,6,6,7,3.0,3.0,4.0,,4.0
764,765,2,3,3,3,4,2,3,4,4,4,4.0,4.0,5.0,,6.0
765,766,2,2,2,2,2,3,4,4,4,4,,,4.0,4.0,4.0
766,767,4,5,5,5,5,4,4,4,4,5,4.0,5.0,6.0,6.0,7.0
767,768,3,3,4,5,6,4,5,5,5,5,5.0,5.0,5.0,6.0,6.0
768,769,4,5,5,5,5,5,5,5,5,5,3.0,3.0,,3.0,
769,770,4,5,5,5,7,1,2,2,2,3,3.0,3.0,4.0,4.0,4.0
770,771,2,3,3,3,4,4,4,4,5,6,2.0,3.0,3.0,4.0,
771,772,3,4,5,5,6,4,4,4,5,5,2.0,2.0,3.0,4.0,5.0
772,773,4,4,4,4,4,3,4,5,5,5,2.0,2.0,3.0,4.0,
773,774,3,3,4,5,6,3,4,4,4,5,3.0,4.0,4.0,5.0,5.0
774,775,2,2,2,3,4,1,1,2,3,3,3.0,3.0,3.0,,
775,776,5,5,5,6,6,3,4,5,6,7,,2.0,3.0,4.0,4.0
776,777,4,4,4,4,5,3,4,5,6,6,,2.0,,3.0,3.0
777,778,4,4,5,5,6,1,2,3,3,3,3.0,,,4.0,4.0
778,779,3,3,3,4,5,4,4,4,5,5,5.0,6.0,6.0,7.0,7.0
779,780,1,2,3,4,5,4,5,6,6,7,4.0,4.0,5.0,5.0,
780,781,5,5,5,6,7,2,2,2,3,3,4.0,4.0,,5.0,6.0
781,782,2,2,3,4,4,5,5,5,5,6,2.0,3.0,3.0,4.0,5.0
782,783,2,2,3,3,3,3,3,3,3,4,,,2.0,3.0,4.0
783,784,1,1,1,2,3,4,4,4,5,5,3.0,4.0,4.0,4.0,4.0
784,785,1,2,3,3,4,5,5,6,6,6,1.0,2.0,3.0,,5.0
785,786,4,4,5,6,6,5,5,5,5,7,2.0,3.0,3.0,3.0,
786,787,4,5,5,6,6,2,2,2,3,3,1.0,2.0,2.0,2.0,2.0
787,788,5,5,5,5,5,2,3,4,4,5,,4.0,4.0,5.0,5.0
788,789,3,3,4,5,5,2,3,3,4,4,4.0,5.0,5.0,6.0,
789,790,1,2,3,4,4,2,2,2,3,3,3.0,4.0,4.0,5.0,5.0
790,791,4,5,5,6,7,3,3,4,4,4,4.0,4.0,4.0,5.0,5.0
791,792,5,5,5,5,5,3,3,3,3,4,,1.0,1.0,2.0,3.0
792,793,4,5,5,6,6,2,3,3,4,5,3.0,4.0,5.0,6.0,7.0
793,794,3,4,4,5,6,4,5,6,6,6,1.0,1.0,,2.0,3.0
794,795,3,3,4,5,5,4,5,6,6,7,5.0,5.0,6.0,,7.0
795,796,1,1,2,2,2,1,1,2,2,2,1.0,2.0,2.0,2.0,3.0
796,797,3,3,3,3,3,2,2,3,3,4,5.0,6.0,6.0,7.0,7.0
797,798,4,5,5,5,7,5,5,5,5,6,3.0,4.0,,4.0,4.0
798,799,2,2,2,2,2,2,3,3,3,3,4.0,4.0,4.0,4.0,4.0
799,800,5,5,5,6,7,3,4,5,6,7,3.0,3.0,3.0,3.0,4.0
800,801,3,3,4,5,5,2,3,4,4,4,3.0,3.0,4.0,,5.0
801,802,5,5,5,6,7,5,5,5,5,5,4.0,5.0,5.0,6.0,6.0
802,803,5,5,5,6,7,3,3,4,4,4,,4.0,5.0,,6.0
803,804,4,4,4,4,5,3,4,5,5,5,4.0,,4.0,,4.0
804,805,5,5,5,5,5,2,2,2,2,3,2.0,,3.0,3.0,
805,806,2,3,3,3,3,4,4,5,6,7,,6.0,6.0,7.0,7.0
806,807,4,5,5,6,6,3,4,4,4,4,,5.0,,6.0,7.0
807,808,1,1,2,2,2,1,1,2,2,2,3.0,4.0,4.0,5.0,6.0
808,809,3,3,3,4,4,4,5,5,5,6,3.0,4.0,5.0,6.0,6.0
809,810,4,5,5,5,5,3,4,5,6,7,1.0,,1.0,2.0,2.0
810,811,4,4,5,5,6,1,2,3,3,4,3.0,4.0,5.0,6.0,7.0
811,812,3,4,4,5,6,3,4,4,4,4,1.0,1.0,2.0,3.0,4.0
812,813,3,4,5,5,5,1,2,2,3,3,4.0,4.0,5.0,5.0,6.0
813,814,1,1,2,3,3,4,4,4,4,5,,5.0,,6.0,7.0
814,815,1,1,1,1,1,5,5,6,6,7,2.0,2.0,,,2.0
815,816,1,2,2,2,3,4,4,4,4,4,1.0,1.0,2.0,,
816,817,3,3,3,3,4,3,3,4,4,4,,5.0,6.0,6.0,6.0
817,818,4,5,5,5,5,2,2,2,3,3,5.0,6.0,6.0,7.0,7.0
818,819,4,5,5,6,7,4,4,5,5,6,,3.0,4.0,5.0,6.0
819,820,4,4,4,5,6,3,4,4,5,5,4.0,4.0,4.0,4.0,4.0
820,821,1,1,2,3,4,5,5,6,6,7,4.0,4.0,,,6.0
821,822,5,5,5,5,7,5,5,6,6,7,5.0,6.0,6.0,7.0,7.0
822,823,5,5,5,6,7,4,4,5,5,6,5.0,5.0,6.0,6.0,7.0
823,824,3,4,4,5,5,3,4,4,5,6,1.0,2.0,3.0,,5.0
824,825,3,4,5,6,6,5,5,5,5,5,1.0,1.0,2.0,2.0,2.0
825,826,2,2,3,3,4,4,4,5,5,6,4.0,5.0,6.0,7.0,7.0
826,827,4,4,4,4,5,4,5,5,6,7,5.0,5.0,,5.0,5.0
827,828,5,5,5,6,6,3,4,4,4,5,,6.0,6.0,6.0,6.0
828,829,5,5,5,5,7,4,5,6,6,7,1.0,2.0,2.0,2.0,3.0
829,830,2,2,3,4,5,2,3,3,4,4,3.0,,,5.0,6.0
830,831,5,5,5,5,6,5,5,5,5,5,3.0,,4.0,5.0,6.0
831,832,3,4,4,5,6,1,1,2,2,2,1.0,1.0,1.0,2.0,
832,833,2,2,2,3,4,5,5,6,6,6,4.0,5.0,5.0,5.0,6.0
833,834,4,5,5,5,5,1,1,2,2,2,4.0,,6.0,7.0,7.0
834,835,1,1,1,1,1,2,2,3,4,4,5.0,5.0,6.0,6.0,7.0
835,836,1,1,1,2,2,5,5,6,6,7,3.0,,5.0,6.0,7.0
836,837,2,2,3,3,4,5,5,5,5,5,,6.0,6.0,6.0,6.0
837,838,3,3,4,5,6,3,4,4,5,5,2.0,3.0,3.0,3.0,
838,839,3,4,5,5,5,1,1,2,3,3,5.0,6.0,6.0,6.0,7.0
839,840,3,3,3,4,5,1,1,1,2,3,,,5.0,5.0,5.0
840,841,2,2,3,3,3,2,2,2,2,3,3.0,4.0,,6.0,6.0
841,842,4,4,4,5,6,1,1,1,1,2,,,4.0,4.0,5.0
842,843,5,5,5,5,7,1,1,2,3,3,3.0,,5.0,6.0,6.0
843,844,5,5,5,6,6,4,5,5,6,7,,6.0,6.0,7.0,7.0
844,845,2,3,3,4,5,5,5,5,5,5,2.0,3.0,4.0,,5.0
845,846,3,4,5,5,6,2,3,4,5,6,,5.0,5.0,6.0,6.0
846,847,3,3,4,4,4,5,5,6,6,7,1.0,2.0,3.0,3.0,3.0
847,848,5,5,5,5,6,4,5,5,6,6,3.0,4.0,5.0,,5.0
848,849,1,2,2,3,4,5,5,6,6,6,2.0,3.0,3.0,4.0,5.0
849,850,1,2,2,3,4,1,2,2,3,3,2.0,2.0,3.0,4.0,4.0
850,851,5,5,5,6,7,5,5,6,6,7,3.0,3.0,4.0,5.0,6.0
851,852,2,3,3,3,4,5,5,5,5,5,1.0,,2.0,3.0,3.0
852,853,3,4,4,5,6,3,4,5,5,5,5.0,5.0,5.0,5.0,5.0
853,854,4,4,4,5,5,3,3,3,3,4,5.0,,6.0,6.0,6.0
854,855,1,2,3,4,4,3,4,5,5,5,2.0,2.0,3.0,3.0,3.0
855,856,2,3,3,3,3,2,3,4,4,5,2.0,2.0,2.0,3.0,4.0
856,857,5,5,5,6,7,2,2,2,2,2,,1.0,1.0,1.0,
857,858,4,4,5,5,5,3,4,4,4,4,3.0,4.0,4.0,5.0,5.0
858,859,3,3,3,4,5,1,2,3,4,4,5.0,5.0,,6.0,6.0
859,860,4,4,5,5,6,5,5,5,5,5,4.0,5.0,,5.0,6.0
860,861,3,4,4,4,4,3,4,4,5,5,1.0,1.0,2.0,3.0,
861,862,2,2,3,4,4,4,4,4,4,5,,4.0,5.0,6.0,
862,863,1,1,1,1,2,2,3,4,5,6,,,4.0,5.0,5.0
863,864,2,3,4,5,5,1,1,1,1,2,1.0,2.0,3.0,,
864,865,5,5,5,5,5,1,1,1,2,3,,6.0,,7.0,7.0
865,866,2,2,3,4,5,3,3,3,3,4,5.0,,6.0,7.0,
866,867,3,3,4,5,6,3,4,4,5,6,5.0,5.0,5.0,,5.0
867,868,5,5,5,5,5,1,2,3,3,3,,4.0,5.0,5.0,6.0
868,869,5,5,5,6,6,5,5,5,6,7,4.0,4.0,4.0,4.0,5.0
869,870,1,1,1,2,3,4,4,5,5,6,3.0,3.0,3.0,4.0,5.0
870,871,5,5,5,5,5,3,3,3,4,4,1.0,,1.0,2.0,2.0
871,872,4,5,5,6,6,4,4,4,5,5,,3.0,,4.0,5.0
872,873,2,2,2,2,3,3,3,4,4,5,,2.0,2.0,3.0,
873,874,3,3,3,4,4,1,2,2,3,3,4.0,4.0,4.0,4.0,4.0
874,875,5,5,5,5,6,4,5,6,6,6,5.0,6.0,6.0,,6.0
875,876,4,4,5,6,6,1,2,2,3,4,5.0,5.0,6.0,7.0,
876,877,2,2,2,3,3,3,3,4,4,4,2.0,2.0,,4.0,
877,878,2,2,2,3,3,4,4,5,5,5,1.0,2.0,,4.0,5.0
878,879,4,4,5,5,6,5,5,6,6,6,,6.0,6.0,,7.0
879,880,3,3,4,4,4,5,5,6,6,6,2.0,3.0,3.0,3.0,4.0
880,881,3,3,4,5,6,3,4,4,5,6,3.0,4.0,5.0,5.0,6.0
881,882,2,2,2,3,3,5,5,6,6,6,4.0,5.0,6.0,6.0,7.0
882,883,1,1,2,2,3,3,3,4,5,6,,6.0,6.0,,7.0
883,884,4,4,4,5,5,1,2,3,3,4,,3.0,4.0,5.0,5.0
884,885,3,3,3,3,3,1,1,2,3,3,2.0,2.0,3.0,3.0,3.0
885,886,1,2,3,4,5,3,4,5,6,6,5.0,5.0,5.0,6.0,7.0
886,887,2,2,2,2,3,5,5,6,6,7,1.0,1.0,2.0,3.0,3.0
887,888,2,3,3,3,4,4,4,5,5,6,5.0,6.0,6.0,,
888,889,2,2,3,4,5,3,4,4,4,5,5.0,,6.0,7.0,
889,890,2,3,4,4,4,1,1,1,2,3,2.0,3.0,4.0,,5.0
890,891,3,3,3,3,3,3,3,3,3,3,,6.0,6.0,7.0,7.0
891,892,3,3,4,4,4,5,5,5,5,5,5.0,6.0,,6.0,
892,893,1,1,2,2,3,4,4,5,6,6,4.0,5.0,6.0,7.0,7.0
893,894,5,5,5,6,6,3,4,5,5,5,3.0,3.0,,5.0,5.0
894,895,5,5,5,6,6,3,4,4,4,5,1.0,1.0,2.0,2.0,
895,896,5,5,5,6,6,2,3,4,4,5,1.0,1.0,1.0,1.0,1.0
896,897,4,4,4,5,5,1,1,1,2,2,3.0,3.0,4.0,4.0,
897,898,4,5,5,6,6,5,5,6,6,7,,,6.0,7.0,7.0
898,899,5,5,5,6,7,2,2,2,3,4,2.0,3.0,3.0,3.0,4.0
899,900,5,5,5,5,5,4,5,5,5,6,4.0,,5.0,5.0,5.0
900,901,2,3,4,4,5,4,5,5,6,7,3.0,4.0,4.0,4.0,5.0
901,902,3,4,5,6,7,5,5,5,5,5,1.0,1.0,,1.0,1.0
902,903,4,5,5,5,5,4,5,5,6,7,4.0,4.0,4.0,5.0,
903,904,3,3,4,4,5,2,2,3,4,5,,2.0,,3.0,3.0
904,905,1,2,3,3,3,3,3,3,4,5,1.0,1.0,1.0,,2.0
905,906,1,1,1,1,2,5,5,6,6,7,3.0,4.0,,5.0,5.0
906,907,4,4,4,4,5,3,3,3,4,4,,3.0,4.0,5.0,6.0
907,908,1,1,1,1,2,2,2,2,3,3,3.0,4.0,,,5.0
908,909,3,3,3,4,5,5,5,6,6,7,,6.0,6.0,6.0,
909,910,3,4,5,6,7,2,3,4,5,5,3.0,,,3.0,4.0
910,911,1,2,3,4,4,1,1,2,2,3,5.0,5.0,5.0,,6.0
911,912,5,5,5,6,6,3,4,5,5,5,5.0,5.0,6.0,7.0,7.0
912,913,1,2,2,2,3,3,4,4,5,5,2.0,2.0,3.0,4.0,4.0
913,914,5,5,5,6,7,2,2,3,4,4,5.0,5.0,,6.0,7.0
914,915,3,3,3,3,3,1,1,1,1,1,5.0,,5.0,6.0,6.0
915,916,3,3,4,5,6,1,2,3,4,5,,2.0,3.0,3.0,3.0
916,917,2,2,3,3,3,2,2,2,3,4,5.0,6.0,6.0,7.0,7.0
917,918,5,5,5,5,5,1,2,2,2,2,2.0,3.0,3.0,4.0,5.0
918,919,1,1,1,2,2,4,4,5,6,7,3.0,3.0,4.0,4.0,4.0
919,920,4,4,4,4,4,4,5,5,6,6,4.0,,4.0,,4.0
920,921,5,5,5,5,5,3,4,4,5,6,4.0,4.0,5.0,6.0,6.0
921,922,4,4,5,6,6,2,2,3,4,4,2.0,3.0,4.0,4.0,4.0
922,923,5,5,5,5,6,3,3,3,3,4,2.0,3.0,4.0,5.0,
923,924,3,3,4,4,4,1,2,3,3,4,2.0,3.0,3.0,,
924,925,2,2,2,3,3,2,2,3,4,4,5.0,,6.0,6.0,7.0
925,926,3,3,3,3,3,1,2,3,4,4,1.0,2.0,2.0,2.0,2.0
926,927,1,1,1,1,1,1,2,2,3,3,,,6.0,7.0,7.0
927,928,4,4,4,4,4,4,4,4,4,4,2.0,3.0,4.0,4.0,5.0
928,929,2,3,4,5,5,5,5,6,6,7,3.0,4.0,4.0,5.0,6.0
929,930,3,4,4,4,4,1,2,3,3,4,3.0,,5.0,5.0,
930,931,2,3,3,3,3,4,5,5,5,5,1.0,,1.0,1.0,1.0
931,932,3,3,4,5,5,3,4,4,4,4,2.0,2.0,3.0,4.0,
932,933,4,5,5,5,6,1,2,2,3,3,3.0,4.0,,5.0,6.0
933,934,4,5,5,6,7,5,5,5,5,5,4.0,5.0,5.0,5.0,5.0
934,935,5,5,5,5,5,2,3,3,4,5,4.0,5.0,5.0,5.0,5.0
935,936,3,4,4,5,6,4,5,6,6,7,,,4.0,4.0,5.0
936,937,5,5,5,5,6,3,3,4,5,5,,4.0,5.0,5.0,5.0
937,938,4,4,5,5,5,2,2,3,3,4,5.0,5.0,6.0,7.0,7.0
938,939,5,5,5,5,7,3,3,4,5,5,5.0,6.0,6.0,,7.0
939,940,5,5,5,6,6,3,4,4,4,5,,5.0,5.0,6.0,6.0
940,941,2,3,3,3,3,2,3,4,5,6,4.0,4.0,5.0,5.0,
941,942,3,3,3,4,5,3,4,5,6,7,4.0,5.0,6.0,7.0,7.0
942,943,2,3,4,4,4,1,2,2,3,3,,2.0,3.0,3.0,4.0
943,944,3,3,3,4,5,4,5,6,6,7,5.0,,6.0,6.0,6.0
944,945,4,5,5,6,7,5,5,6,6,7,5.0,5.0,5.0,6.0,
945,946,5,5,5,6,7,5,5,6,6,6,4.0,,4.0,5.0,5.0
946,947,1,2,3,4,4,5,5,5,5,6,2.0,3.0,3.0,3.0,3.0
947,948,2,2,2,2,3,1,1,1,2,2,2.0,2.0,2.0,3.0,4.0
948,949,3,4,4,4,5,5,5,5,5,5,2.0,3.0,4.0,5.0,5.0
949,950,2,2,3,3,4,4,4,4,4,4,5.0,,6.0,7.0,7.0
950,951,4,5,5,6,6,2,3,3,3,4,3.0,,,5.0,6.0
951,952,5,5,5,5,5,3,3,4,4,4,1.0,,2.0,2.0,3.0
952,953,3,4,4,4,5,2,3,3,4,5,,,4.0,4.0,4.0
953,954,1,1,2,3,3,3,4,5,5,6,2.0,3.0,4.0,5.0,
954,955,2,3,3,4,5,5,5,6,6,6,3.0,3.0,3.0,,4.0
955,956,3,4,5,5,5,1,1,1,2,3,,1.0,,3.0,3.0
956,957,2,2,2,3,4,5,5,5,5,5,1.0,1.0,1.0,2.0,2.0
957,958,1,2,3,4,5,3,4,4,5,5,2.0,,4.0,5.0,5.0
958,959,2,2,2,2,3,4,5,5,5,5,5.0,6.0,6.0,,7.0
959,960,5,5,5,6,6,3,3,3,3,3,4.0,5.0,5.0,5.0,6.0
960,961,3,4,5,6,6,3,4,5,6,7,1.0,2.0,,,4.0
961,962,4,5,5,5,5,1,1,2,3,3,,5.0,6.0,6.0,6.0
962,963,5,5,5,5,5,1,1,2,3,3,5.0,6.0,6.0,6.0,6.0
963,964,5,5,5,6,7,3,4,4,5,6,2.0,3.0,3.0,4.0,
964,965,3,3,3,3,3,2,3,4,5,5,5.0,6.0,6.0,7.0,7.0
965,966,4,4,4,5,5,2,2,2,2,3,4.0,,4.0,4.0,4.0
966,967,2,3,3,3,3,4,5,6,6,6,4.0,,4.0,5.0,6.0
967,968,4,5,5,5,5,3,4,5,6,7,1.0,1.0,,1.0,
968,969,4,4,4,5,5,1,1,1,1,2,1.0,1.0,2.0,,
969,970,1,2,2,2,3,1,2,2,2,3,5.0,,,5.0,6.0
970,971,2,2,3,4,5,5,5,6,6,7,2.0,2.0,2.0,3.0,
971,972,5,5,5,5,7,2,3,3,4,5,4.0,,5.0,6.0,6.0
972,973,1,1,1,1,2,2,3,3,3,3,4.0,4.0,4.0,4.0,5.0
973,974,1,1,2,2,3,2,3,3,3,3,3.0,3.0,4.0,4.0,4.0
974,975,5,5,5,6,6,4,4,5,5,5,3.0,3.0,3.0,3.0,
975,976,5,5,5,6,6,1,2,3,4,5,3.0,4.0,4.0,,
976,977,4,5,5,6,6,3,3,4,4,5,1.0,1.0,2.0,3.0,4.0
977,978,5,5,5,5,5,1,2,3,4,4,,2.0,3.0,4.0,4.0
978,979,4,5,5,5,7,2,3,3,4,5,,5.0,5.0,5.0,5.0
979,980,2,3,4,5,5,5,5,5,5,5,5.0,6.0,6.0,,6.0
980,981,5,5,5,5,5,1,1,2,3,3,4.0,5.0,,,6.0
981,982,3,4,4,5,5,1,2,3,3,3,,3.0,4.0,,6.0
982,983,3,3,4,4,5,3,3,4,4,5,,2.0,3.0,3.0,
983,984,2,3,3,3,4,4,4,5,5,6,4.0,4.0,5.0,,
984,985,1,1,1,2,3,1,1,2,3,3,3.0,3.0,,,4.0
985,986,5,5,5,6,6,2,3,4,5,5,,6.0,6.0,6.0,6.0
986,987,3,3,4,5,5,3,4,5,5,5,3.0,4.0,,4.0,4.0
987,988,2,2,3,4,4,5,5,5,5,5,3.0,4.0,5.0,,6.0
988,989,3,4,5,5,6,3,3,3,4,4,5.0,6.0,6.0,7.0,7.0
989,990,5,5,5,6,7,5,5,6,6,7,3.0,,4.0,5.0,5.0
990,991,5,5,5,5,5,4,4,5,5,6,4.0,5.0,5.0,,7.0
991,992,2,3,4,5,5,4,5,6,6,6,3.0,3.0,3.0,3.0,3.0
992,993,3,3,3,4,5,4,4,4,4,5,3.0,4.0,4.0,4.0,
993,994,1,1,2,2,2,4,5,6,6,6,3.0,4.0,4.0,5.0,6.0
994,995,4,4,5,5,6,4,5,6,6,7,3.0,3.0,,5.0,5.0
995,996,2,3,4,5,5,1,2,3,3,3,5.0,6.0,6.0,6.0,6.0
996,997,5,5,5,5,7,2,2,3,4,5,1.0,1.0,2.0,2.0,
997,998,1,1,1,2,3,4,4,4,5,5,4.0,,4.0,5.0,5.0
998,999,1,1,2,2,3,1,1,2,2,2,,6.0,6.0,7.0,7.0
999,1000,2,2,2,2,3,2,2,3,4,4,1.0,2.0,2.0,2.0,3.0
