,Student,M1,T1,W1,TH1,F1,M2,T2,W2,TH2,F2,M3,T3,W3,TH3,F3,M4,T4,W4,TH4,F4,M5,T5,W5,TH5,F5
0,1,4,5,5,6,7,1,2,3,4,5,3,4,5,6,7,4,5,6,7,7,4,5,5,6,6
1,2,1,2,3,4,5,5,5,6,6,7,3,4,5,6,7,6,6,7,7,7,5,5,5,6,6
2,3,3,4,5,6,7,2,3,4,5,6,5,6,6,7,7,2,3,4,5,6,6,5,6,6,5
3,4,1,2,3,4,5,1,2,3,4,5,1,2,3,4,5,4,5,6,7,7,3,4,5,6,6
4,5,2,3,4,5,6,5,5,6,6,7,5,6,6,7,7,4,5,6,7,7,6,6,6,6,6
5,6,5,5,5,6,7,3,4,5,6,7,1,2,3,4,5,1,2,3,4,5,4,4,5,5,5
6,7,5,5,5,6,7,5,5,6,6,7,2,3,4,5,6,1,2,3,4,5,5,4,5,5,5
7,8,3,4,5,6,7,5,5,6,6,7,4,5,6,7,7,3,4,5,6,7,6,6,6,7,6
8,9,5,5,5,6,7,3,4,5,6,7,5,6,6,7,7,5,6,7,7,7,5,5,6,6,6
9,10,5,5,5,6,7,5,5,6,6,7,5,6,6,7,7,1,2,3,4,5,6,5,6,5,5
10,11,1,2,3,4,5,1,2,3,4,5,5,6,6,7,7,2,3,4,5,6,5,5,5,5,5
11,12,1,2,3,4,5,3,4,5,6,7,5,6,6,7,7,2,3,4,5,6,6,5,6,6,5
12,13,1,2,3,4,5,3,4,5,6,7,2,3,4,5,6,2,3,4,5,6,5,5,5,5,6
13,14,4,5,5,6,7,5,5,6,6,7,2,3,4,5,6,1,2,3,4,5,5,4,5,5,5
14,15,5,5,5,6,7,3,4,5,6,7,5,6,6,7,7,3,4,5,6,7,6,6,6,7,6
15,16,4,5,5,6,7,1,2,3,4,5,3,4,5,6,7,3,4,5,6,7,5,5,6,6,6
16,17,2,3,4,5,6,4,5,6,6,7,4,5,6,7,7,4,5,6,7,6,5,5,5,5,5
17,18,1,2,3,4,5,5,5,6,6,7,2,3,4,5,6,4,5,6,7,7,5,5,6,6,6
18,19,4,5,5,6,7,2,3,4,5,6,3,4,5,6,7,5,6,7,7,7,5,5,5,6,6
19,20,1,2,3,4,5,4,5,6,6,7,3,4,5,6,7,1,2,3,4,5,5,5,5,5,5
20,21,5,5,5,6,7,4,5,6,6,7,3,4,5,6,7,6,6,7,7,7,5,5,5,6,6
21,22,2,3,4,5,6,5,5,6,6,7,3,4,5,6,7,3,4,5,6,7,5,5,6,6,6
22,23,1,2,3,4,5,1,2,3,4,5,5,6,6,7,7,5,6,7,7,7,5,5,5,6,6
23,24,1,2,3,4,5,4,5,6,6,7,2,3,4,5,6,1,2,3,4,5,4,4,5,5,5
24,25,2,3,4,5,6,2,3,4,5,6,4,5,6,7,7,4,5,6,7,7,5,5,6,6,6
25,26,3,4,5,6,7,2,3,4,5,6,5,6,6,7,7,5,6,7,7,7,5,5,6,6,6
26,27,2,3,4,5,6,2,3,4,5,6,4,5,6,7,7,4,5,6,7,7,5,5,6,6,6
27,28,5,5,5,6,7,2,3,4,5,6,1,2,3,4,5,1,2,3,4,5,4,4,4,5,5
28,29,5,5,5,6,7,4,5,6,6,7,5,6,6,7,7,4,5,6,7,7,6,6,6,6,6
29,30,4,5,5,6,7,1,2,3,4,5,2,3,4,5,6,1,2,3,4,5,4,4,4,5,4
30,31,1,2,3,4,5,1,2,3,4,5,4,5,6,7,7,1,2,3,4,5,5,4,5,5,4
31,32,2,3,4,5,6,2,3,4,5,6,5,6,6,7,7,4,5,6,7,7,5,5,6,6,6
32,33,4,5,5,6,7,1,2,3,4,5,3,4,5,6,7,4,5,6,7,7,4,5,5,6,6
33,34,4,5,5,6,7,2,3,4,5,6,4,5,6,7,7,6,6,7,7,7,5,5,5,6,6
34,35,5,5,5,6,7,2,3,4,5,6,1,2,3,4,5,3,4,5,6,7,4,5,5,6,6
35,36,4,5,5,6,7,3,4,5,6,7,3,4,5,6,7,4,5,6,7,7,5,5,6,6,6
36,37,2,3,4,5,6,4,5,6,6,7,5,6,6,7,7,3,4,5,6,7,6,6,6,6,6
37,38,4,5,5,6,7,4,5,6,6,7,3,4,5,6,7,3,4,5,6,7,5,5,6,6,6
38,39,5,5,5,6,7,5,5,6,6,7,4,5,6,7,7,2,3,4,5,6,6,6,6,6,6
39,40,4,5,5,6,7,4,5,6,6,7,3,4,5,6,7,3,4,5,6,7,5,5,6,6,6
40,41,5,5,5,6,7,1,2,3,4,5,2,3,4,5,6,4,5,6,7,7,4,4,5,6,6
41,42,1,2,3,4,5,4,5,6,6,7,1,2,3,4,5,4,5,6,7,7,4,4,5,6,6
42,43,1,2,3,4,5,2,3,4,5,6,2,3,4,5,6,1,2,3,4,5,4,4,5,5,4
43,44,1,2,3,4,5,3,4,5,6,7,4,5,6,7,7,2,3,4,5,6,5,5,6,6,5
44,45,3,4,5,6,7,1,2,3,4,5,2,3,4,5,6,2,3,4,5,6,4,4,5,5,5
45,46,5,5,5,6,7,3,4,5,6,7,5,6,6,7,7,6,6,7,7,7,5,6,6,6,6
46,47,1,2,3,4,5,4,5,6,6,7,1,2,3,4,5,6,6,7,7,7,4,4,5,6,6
47,48,1,2,3,4,5,5,5,6,6,7,1,2,3,4,5,3,4,5,6,7,5,5,6,6,7
48,49,4,5,5,6,7,5,5,6,6,7,3,4,5,6,7,3,4,5,6,7,6,6,6,6,7
49,50,5,5,5,6,7,5,5,6,6,7,3,4,5,6,7,2,3,4,5,6,5,5,6,6,6
50,51,5,5,5,6,7,1,2,3,4,5,3,4,5,6,7,2,3,4,5,6,5,5,5,5,5
51,52,1,2,3,4,5,2,3,4,5,6,4,5,6,7,7,4,5,6,7,6,4,4,5,5,5
52,53,4,5,5,6,7,4,5,6,6,7,5,6,6,7,7,1,2,3,4,5,6,5,6,5,5
53,54,1,2,3,4,5,2,3,4,5,6,3,4,5,6,7,5,6,7,7,7,4,4,5,6,6
54,55,5,5,5,6,7,3,4,5,6,7,2,3,4,5,6,4,5,6,7,7,5,5,5,6,6
55,56,5,5,5,6,7,4,5,6,6,7,5,6,6,7,7,4,5,6,7,7,6,6,6,6,6
56,57,4,5,5,6,7,1,2,3,4,5,4,5,6,7,7,2,3,4,5,6,5,5,5,6,5
57,58,1,2,3,4,5,1,2,3,4,5,4,5,6,7,7,6,6,7,7,7,5,5,5,6,6
58,59,1,2,3,4,5,3,4,5,6,7,2,3,4,5,6,5,6,7,7,7,4,4,5,6,6
59,60,3,4,5,6,7,4,5,6,6,7,1,2,3,4,5,6,6,7,7,7,4,4,5,6,7
60,61,3,4,5,6,7,1,2,3,4,5,4,5,6,7,7,5,6,6,7,7,5,5,5,6,6
61,62,3,4,5,6,7,5,5,6,6,7,1,2,3,4,5,3,4,5,6,7,5,5,6,6,7
62,63,3,4,5,6,7,2,3,4,5,6,3,4,5,6,7,3,4,5,6,7,5,5,6,6,6
63,64,4,5,5,6,7,5,5,6,6,7,5,6,6,7,7,6,6,7,7,7,6,6,6,6,6
64,65,4,5,5,6,7,4,5,6,6,7,5,6,6,7,7,6,6,7,7,7,6,6,6,6,6
65,66,4,5,5,6,7,3,4,5,6,7,1,2,3,4,5,6,6,7,7,7,4,4,5,6,7
66,67,5,5,5,6,7,1,2,3,4,5,2,3,4,5,6,5,6,7,7,7,4,4,5,6,6
67,68,5,5,5,6,7,1,2,3,4,5,2,3,4,5,6,2,3,4,5,6,4,4,5,5,5
68,69,1,2,3,4,5,4,5,6,6,7,3,4,5,6,7,2,3,4,5,6,5,5,6,5,5
69,70,5,5,5,6,7,1,2,3,4,5,4,5,6,7,7,6,6,7,7,7,5,5,5,6,6
70,71,2,3,4,5,6,3,4,5,6,7,1,2,3,4,5,1,2,3,4,5,4,4,5,5,5
71,72,2,3,4,5,6,3,4,5,6,7,1,2,3,4,5,1,2,3,4,5,4,4,5,5,5
72,73,5,5,5,6,7,2,3,4,5,6,4,5,6,7,7,3,4,5,6,7,6,6,6,6,6
73,74,4,5,5,6,7,5,5,6,6,7,1,2,3,4,5,3,4,5,6,7,5,5,6,6,7
74,75,4,5,5,6,7,2,3,4,5,6,1,2,3,4,5,4,5,6,7,7,4,4,5,6,6
75,76,1,2,3,4,5,3,4,5,6,7,5,6,6,7,7,1,2,3,4,5,5,5,5,5,5
76,77,5,5,5,6,7,5,5,6,6,7,2,3,4,5,6,6,6,7,7,7,5,5,5,6,7
77,78,3,4,5,6,7,1,2,3,4,5,3,4,5,6,7,5,6,7,7,7,4,4,5,6,6
78,79,2,3,4,5,6,4,5,6,6,7,4,5,6,7,7,6,6,7,7,7,5,5,6,6,6
79,80,5,5,5,6,7,3,4,5,6,7,5,6,6,7,7,2,3,4,5,6,6,6,6,6,6
80,81,5,5,5,6,7,2,3,4,5,6,4,5,6,7,7,5,6,7,7,7,5,5,5,6,6
81,82,3,4,5,6,7,3,4,5,6,7,3,4,5,6,7,2,3,4,5,6,5,5,6,6,6
82,83,3,4,5,6,7,5,5,6,6,7,1,2,3,4,5,2,3,4,5,6,4,4,5,6,6
83,84,5,5,5,6,7,4,5,6,6,7,2,3,4,5,6,4,5,6,7,7,5,5,6,6,7
84,85,2,3,4,5,6,5,5,6,6,7,4,5,6,7,7,3,4,5,6,7,6,6,6,6,6
85,86,3,4,5,6,7,5,5,6,6,7,1,2,3,4,5,4,5,6,7,7,4,4,5,6,7
86,87,2,3,4,5,6,3,4,5,6,7,2,3,4,5,6,1,2,3,4,5,4,4,5,5,5
87,88,3,4,5,6,7,1,2,3,4,5,5,6,6,7,7,2,3,4,5,6,5,5,5,6,5
88,89,3,4,5,6,7,1,2,3,4,5,5,6,6,7,7,2,3,4,5,6,5,5,5,6,5
89,90,4,5,5,6,7,2,3,4,5,6,4,5,6,7,7,1,2,3,4,5,5,5,5,5,5
90,91,5,5,5,6,7,4,5,6,6,7,5,6,6,7,7,1,2,3,4,5,6,5,6,5,5
91,92,2,3,4,5,6,1,2,3,4,5,5,6,6,7,7,3,4,5,6,7,5,6,6,6,6
92,93,4,5,5,6,7,2,3,4,5,6,4,5,6,7,7,6,6,7,7,7,5,5,5,6,6
93,94,4,5,5,6,7,1,2,3,4,5,4,5,6,7,7,1,2,3,4,5,5,5,5,5,4
94,95,5,5,5,6,7,2,3,4,5,6,2,3,4,5,6,5,6,7,7,7,4,4,5,6,6
95,96,4,5,5,6,7,1,2,3,4,5,5,6,6,7,7,6,6,7,7,7,5,5,5,6,6
96,97,3,4,5,6,7,5,5,6,6,7,1,2,3,4,5,5,6,7,7,7,4,4,5,6,6
97,98,3,4,5,6,7,1,2,3,4,5,4,5,6,7,7,3,4,5,6,7,5,5,6,6,6
98,99,1,2,3,4,5,2,3,4,5,6,4,5,6,7,7,4,5,6,7,6,4,4,5,5,5
99,100,5,5,5,6,7,1,2,3,4,5,4,5,6,7,7,1,2,3,4,5,5,5,5,5,4
100,101,5,5,5,6,7,2,3,4,5,6,1,2,3,4,5,6,6,7,7,7,4,4,5,6,6
101,102,4,5,5,6,7,5,5,6,6,7,5,6,6,7,7,6,6,7,7,7,6,6,6,6,6
102,103,2,3,4,5,6,1,2,3,4,5,3,4,5,6,7,4,5,6,7,7,4,5,5,6,6
103,104,4,5,5,6,7,3,4,5,6,7,5,6,6,7,7,4,5,6,7,7,6,6,6,6,6
104,105,3,4,5,6,7,4,5,6,6,7,4,5,6,7,7,3,4,5,6,7,6,6,6,6,6
105,106,4,5,5,6,7,5,5,6,6,7,2,3,4,5,6,3,4,5,6,7,5,5,6,6,7
106,107,4,5,5,6,7,5,5,6,6,7,5,6,6,7,7,5,6,7,7,7,6,6,6,6,6
107,108,4,5,5,6,7,1,2,3,4,5,1,2,3,4,5,3,4,5,6,7,4,4,5,6,6
108,109,2,3,4,5,6,4,5,6,6,7,1,2,3,4,5,5,6,7,7,7,4,4,5,6,6
109,110,1,2,3,4,5,2,3,4,5,6,5,6,6,7,7,6,6,7,7,7,5,5,5,6,6
110,111,3,4,5,6,7,3,4,5,6,7,5,6,6,7,7,2,3,4,5,6,6,6,6,6,5
111,112,1,2,3,4,5,4,5,6,6,7,4,5,6,7,7,1,2,3,4,5,5,5,5,5,5
112,113,4,5,5,6,7,2,3,4,5,6,2,3,4,5,6,1,2,3,4,5,4,4,5,5,5
113,114,2,3,4,5,6,5,5,6,6,7,4,5,6,7,7,1,2,3,4,5,5,5,5,5,5
114,115,5,5,5,6,7,5,5,6,6,7,1,2,3,4,5,5,6,7,7,7,4,4,5,6,6
115,116,3,4,5,6,7,4,5,6,6,7,4,5,6,7,7,2,3,4,5,6,6,5,6,6,6
116,117,1,2,3,4,5,1,2,3,4,5,3,4,5,6,7,3,4,5,6,7,5,5,5,6,6
117,118,1,2,3,4,5,4,5,6,6,7,4,5,6,7,7,6,6,7,7,7,5,5,6,6,6
118,119,4,5,5,6,7,3,4,5,6,7,2,3,4,5,6,4,5,6,7,7,5,5,5,6,6
119,120,1,2,3,4,5,4,5,6,6,7,2,3,4,5,6,4,5,6,7,7,5,5,5,6,6
120,121,5,5,5,6,7,5,5,6,6,7,5,6,6,7,7,3,4,5,6,7,6,6,7,7,6
121,122,1,2,3,4,5,5,5,6,6,7,1,2,3,4,5,1,2,3,4,5,4,4,5,5,5
122,123,2,3,4,5,6,2,3,4,5,6,3,4,5,6,7,2,3,4,5,6,5,5,5,5,5
123,124,5,5,5,6,7,2,3,4,5,6,1,2,3,4,5,1,2,3,4,5,4,4,4,5,5
124,125,5,5,5,6,7,3,4,5,6,7,1,2,3,4,5,3,4,5,6,7,4,5,6,6,7
125,126,3,4,5,6,7,1,2,3,4,5,1,2,3,4,5,2,3,4,5,6,4,4,5,5,5
126,127,5,5,5,6,7,5,5,6,6,7,4,5,6,7,7,2,3,4,5,6,6,6,6,6,6
127,128,2,3,4,5,6,3,4,5,6,7,3,4,5,6,7,4,5,6,7,7,5,5,6,6,6
128,129,4,5,5,6,7,5,5,6,6,7,1,2,3,4,5,1,2,3,4,5,4,4,5,5,5
129,130,3,4,5,6,7,2,3,4,5,6,2,3,4,5,6,5,6,7,7,7,4,4,5,6,6
130,131,3,4,5,6,7,3,4,5,6,7,4,5,6,7,7,1,2,3,4,5,5,5,5,5,5
131,132,1,2,3,4,5,5,5,6,6,7,2,3,4,5,6,6,6,7,7,7,4,4,5,6,6
132,133,2,3,4,5,6,2,3,4,5,6,3,4,5,6,7,4,5,6,7,6,4,4,4,5,5
133,134,2,3,4,5,6,4,5,6,6,7,1,2,3,4,5,6,6,7,7,7,4,4,5,6,6
134,135,3,4,5,6,7,5,5,6,6,7,1,2,3,4,5,4,5,6,7,7,4,4,5,6,7
135,136,1,2,3,4,5,1,2,3,4,5,1,2,3,4,5,4,5,6,7,7,3,4,5,6,6
136,137,1,2,3,4,5,4,5,6,6,7,2,3,4,5,6,4,4,5,6,7,5,5,6,6,7
137,138,5,5,5,6,7,4,5,6,6,7,1,2,3,4,5,1,2,3,4,5,4,4,5,5,5
138,139,1,2,3,4,5,2,3,4,5,6,3,4,5,6,7,3,4,5,6,7,5,5,6,6,6
139,140,5,5,5,6,7,4,5,6,6,7,5,6,6,7,7,3,4,5,6,7,6,6,7,7,6
140,141,5,5,5,6,7,5,5,6,6,7,2,3,4,5,6,1,2,3,4,5,5,4,5,5,5
141,142,2,3,4,5,6,1,2,3,4,5,1,2,3,4,5,5,6,7,7,7,3,4,4,5,6
142,143,4,5,5,6,7,5,5,6,6,7,2,3,4,5,6,2,3,4,5,6,5,5,6,6,6
143,144,2,3,4,5,6,4,5,6,6,7,2,3,4,5,6,3,4,5,6,7,5,5,6,6,7
144,145,5,5,5,6,7,4,5,6,6,7,5,6,6,7,7,5,6,7,7,7,6,6,6,6,6
145,146,3,4,5,6,7,5,5,6,6,7,1,2,3,4,5,4,5,6,7,7,4,4,5,6,7
146,147,1,2,3,4,5,5,5,6,6,7,4,5,6,7,7,4,5,6,7,6,5,5,5,5,5
147,148,4,5,5,6,7,1,2,3,4,5,3,4,5,6,7,2,3,4,5,6,5,5,5,5,5
148,149,3,4,5,6,7,4,5,6,6,7,5,6,6,7,7,3,4,5,5,7,6,6,7,7,6
149,150,4,5,5,6,7,5,5,6,6,7,2,3,4,5,6,4,5,6,7,7,5,5,6,6,7
150,151,2,3,4,5,6,3,4,5,6,7,5,6,6,7,7,6,6,7,7,7,5,5,6,6,6
151,152,1,2,3,4,5,5,5,6,6,7,4,5,6,7,7,1,2,3,4,5,5,5,5,5,5
152,153,4,5,5,6,7,1,2,3,4,5,4,5,6,7,7,3,4,5,6,7,5,5,6,6,6
153,154,5,5,5,6,7,4,5,6,6,7,5,6,6,7,7,1,2,3,4,5,6,5,6,5,5
154,155,5,5,5,6,7,2,3,4,5,6,2,3,4,5,6,4,5,6,7,7,4,5,5,6,6
155,156,1,2,3,4,5,1,2,3,4,5,4,5,6,7,7,2,3,4,5,6,5,5,5,5,5
156,157,1,2,3,4,5,2,3,4,5,6,2,3,4,5,6,6,6,7,7,7,4,4,5,6,6
157,158,1,2,3,4,5,2,3,4,5,6,4,5,6,7,7,1,2,3,4,5,5,5,5,5,4
158,159,1,2,3,4,5,2,3,4,5,6,2,3,4,5,6,4,5,6,7,7,4,4,5,6,6
159,160,4,5,5,6,7,4,5,6,6,7,5,6,6,7,7,1,2,3,4,5,6,5,6,5,5
160,161,5,5,5,6,7,3,4,5,6,7,5,6,6,7,7,1,2,3,4,5,6,5,5,5,5
161,162,5,5,5,6,7,5,5,6,6,7,2,3,4,5,6,5,6,7,7,7,5,5,5,6,6
162,163,1,2,3,4,5,5,5,6,6,7,4,5,6,7,7,2,3,4,5,6,6,5,6,6,6
163,164,2,3,4,5,6,2,3,4,5,6,1,2,3,4,5,6,6,7,7,7,4,4,5,6,6
164,165,2,3,4,5,6,1,2,3,4,5,5,6,6,7,7,5,6,7,7,7,5,5,5,6,6
165,166,4,5,5,6,7,2,3,4,5,6,3,4,5,6,7,1,2,3,4,5,5,4,5,5,5
166,167,1,2,3,4,5,4,5,6,6,7,2,3,4,5,6,1,2,3,4,5,4,4,5,5,5
167,168,5,5,5,6,7,4,5,6,6,7,5,6,6,7,7,5,6,7,7,7,6,6,6,6,6
168,169,1,2,3,4,5,1,2,3,4,5,3,4,5,6,7,6,6,7,7,7,4,4,5,5,6
169,170,2,3,4,5,6,5,5,6,6,7,2,3,4,5,6,2,3,4,5,6,5,5,5,5,6
170,171,1,2,3,4,5,2,3,4,5,6,1,2,3,4,5,6,6,7,7,7,4,4,5,6,6
171,172,3,4,5,6,7,1,2,3,4,5,1,2,3,4,5,5,6,7,7,7,3,4,4,5,6
172,173,4,5,5,6,7,2,3,4,5,6,1,2,3,4,5,5,6,7,7,7,4,4,5,6,6
173,174,1,2,3,4,5,3,4,5,6,7,5,6,6,7,7,6,6,7,7,7,5,5,6,6,6
174,175,5,5,5,6,7,3,4,5,6,7,5,6,6,7,7,6,6,7,7,7,5,6,6,6,6
175,176,3,4,5,6,7,2,3,4,5,6,1,2,3,4,5,5,6,7,7,7,4,4,5,6,6
176,177,4,5,5,6,7,1,2,3,4,5,2,3,4,5,6,5,6,7,7,7,4,4,5,6,6
177,178,4,5,5,6,7,2,3,4,5,6,2,3,4,5,6,4,5,6,7,7,4,5,5,6,6
178,179,2,3,4,5,6,4,5,6,6,7,3,4,5,6,7,2,3,4,5,6,5,5,6,6,6
179,180,5,5,5,6,7,2,3,4,5,6,4,5,6,7,7,5,6,6,7,7,5,5,6,6,6
180,181,5,5,5,6,7,5,5,6,6,7,2,3,4,5,6,5,5,6,6,7,5,5,6,6,7
181,182,1,2,3,4,5,3,4,5,6,7,4,5,6,7,7,6,6,7,7,7,5,5,6,6,6
182,183,5,5,5,6,7,1,2,3,4,5,5,6,6,7,7,1,2,3,4,5,5,5,5,5,4
183,184,5,5,5,6,7,1,2,3,4,5,2,3,4,5,6,4,5,6,7,6,3,4,4,5,5
184,185,4,5,5,6,7,1,2,3,4,5,2,3,4,5,6,5,6,7,7,7,4,4,5,6,6
185,186,4,5,5,6,7,4,5,6,6,7,5,6,6,7,7,2,3,4,5,6,6,6,6,6,6
186,187,1,2,3,4,5,5,5,6,6,7,5,6,6,7,7,4,5,6,7,7,6,6,6,6,6
187,188,3,4,5,6,7,3,4,5,6,7,1,2,3,4,5,1,2,3,4,5,4,4,5,5,5
188,189,5,5,5,6,7,4,5,6,6,7,1,2,3,4,5,5,6,7,7,7,4,4,5,6,6
189,190,3,4,5,6,7,1,2,3,4,5,5,6,6,7,7,1,2,3,4,5,5,5,5,5,4
190,191,1,2,3,4,5,1,2,3,4,5,4,5,6,7,7,4,5,6,7,7,5,5,5,6,6
191,192,4,5,5,6,7,2,3,4,5,6,4,5,6,7,7,2,3,4,5,6,5,5,6,6,5
192,193,3,4,5,6,7,1,2,3,4,5,3,4,5,6,7,1,2,3,4,5,4,4,5,5,4
193,194,3,4,5,6,7,5,5,6,6,7,2,3,4,5,6,5,6,7,7,7,4,5,5,6,6
194,195,2,3,4,5,6,1,2,3,4,5,2,3,4,5,6,2,3,4,5,6,4,4,5,5,5
195,196,5,5,5,6,7,5,5,6,6,7,1,2,3,4,5,4,5,6,7,7,4,4,5,6,7
196,197,2,3,4,5,6,4,5,6,6,7,5,6,6,7,7,6,6,7,7,7,6,6,6,6,6
197,198,5,5,5,6,7,4,5,6,6,7,4,5,6,7,7,1,2,3,4,5,5,5,5,5,5
198,199,4,5,5,6,7,1,2,3,4,5,5,6,6,7,7,2,3,4,5,6,5,5,5,6,5
199,200,1,2,3,4,5,1,2,3,4,5,3,4,5,6,7,6,6,7,7,7,4,4,5,5,6
200,201,2,3,4,5,6,3,4,5,6,7,2,3,4,5,6,5,6,7,7,7,4,4,5,6,6
201,202,5,5,5,6,7,3,4,5,6,7,5,6,6,7,7,3,4,5,6,7,6,6,6,7,6
202,203,4,5,5,6,7,4,5,6,6,7,1,2,3,4,5,6,6,7,7,7,4,4,5,6,7
203,204,5,5,5,6,7,4,5,6,6,7,3,4,5,6,7,1,2,3,4,5,5,5,5,5,5
204,205,4,5,5,6,7,4,5,6,6,7,4,5,6,7,7,6,6,7,7,7,5,5,6,6,6
205,206,1,2,3,4,5,2,3,4,5,6,5,6,6,7,7,5,6,7,7,7,5,5,5,6,6
206,207,4,5,5,6,7,1,2,3,4,5,1,2,3,4,5,6,6,7,7,7,3,4,5,6,6
207,208,3,4,5,6,7,3,4,5,6,7,2,3,4,5,6,5,6,7,7,7,4,4,5,6,6
208,209,4,5,5,6,7,5,5,6,6,7,4,5,6,7,7,5,6,7,7,7,5,5,6,6,6
209,210,1,2,3,4,5,2,3,4,5,6,1,2,3,4,5,4,5,6,7,7,4,4,5,6,6
210,211,5,5,5,6,7,2,3,4,5,6,3,4,5,6,7,5,6,7,7,7,5,5,5,6,6
211,212,3,4,5,6,7,2,3,4,5,6,3,4,5,6,7,2,3,4,5,6,5,5,5,5,5
212,213,1,2,3,4,5,2,3,4,5,6,4,5,6,7,7,5,6,7,7,7,5,5,5,6,6
213,214,2,3,4,5,6,2,3,4,5,6,5,6,6,7,7,5,6,7,7,7,5,5,6,6,6
214,215,5,5,5,6,7,5,5,6,6,7,5,6,6,7,7,6,6,7,7,7,6,6,6,6,6
215,216,3,4,5,6,7,4,5,6,6,7,1,2,3,4,5,6,6,7,7,7,4,4,5,6,7
216,217,2,3,4,5,6,3,4,5,6,7,1,2,3,4,5,2,3,4,5,6,4,4,5,5,6
217,218,4,5,5,6,7,2,3,4,5,6,2,3,4,5,6,5,6,7,7,7,4,4,5,6,6
218,219,5,5,5,6,7,1,2,3,4,5,4,5,6,7,7,6,6,7,7,7,5,5,5,6,6
219,220,5,5,5,6,7,3,4,5,6,7,4,5,6,7,7,4,5,6,7,7,5,5,6,6,6
220,221,3,4,5,6,7,3,4,5,6,7,3,4,5,6,7,1,2,3,4,5,5,5,5,5,5
221,222,1,2,3,4,5,5,5,6,6,7,4,5,6,7,7,3,4,5,6,7,6,6,6,6,6
222,223,2,3,4,5,6,2,3,4,5,6,4,5,6,7,7,4,5,6,7,7,5,5,6,6,6
223,224,5,5,5,6,7,1,2,3,4,5,2,3,4,5,6,1,2,3,4,5,4,4,4,5,4
224,225,4,5,5,6,7,4,5,6,6,7,1,2,3,4,5,1,2,3,4,5,4,4,5,5,5
225,226,3,4,5,6,7,2,3,4,5,6,2,3,4,5,6,1,2,3,4,5,4,4,5,5,5
226,227,2,3,4,5,6,5,5,6,6,7,2,3,4,5,6,5,6,7,7,7,4,4,5,6,6
227,228,1,2,3,4,5,2,3,4,5,6,1,2,3,4,5,4,5,6,7,7,4,4,5,6,6
228,229,2,3,4,5,6,5,5,6,6,7,4,5,6,7,7,5,6,7,7,7,5,5,6,6,6
229,230,5,5,5,6,7,2,3,4,5,6,3,4,5,6,7,4,5,6,7,7,5,5,5,6,6
230,231,3,4,5,6,7,3,4,5,6,7,2,3,4,5,6,1,2,3,4,5,4,4,5,5,5
231,232,4,5,5,6,7,2,3,4,5,6,2,3,4,5,6,4,5,6,7,7,4,5,5,6,6
232,233,1,2,3,4,5,1,2,3,4,5,2,3,4,5,6,3,4,5,6,7,4,4,5,6,6
233,234,4,5,5,6,7,1,2,3,4,5,4,5,6,7,7,1,2,3,4,5,5,5,5,5,4
234,235,3,4,5,6,7,1,2,3,4,5,4,5,6,7,7,1,2,3,4,5,5,5,5,5,4
235,236,3,4,5,6,7,5,5,6,6,7,1,2,3,4,5,1,2,3,4,5,4,4,5,5,5
236,237,4,5,5,6,7,2,3,4,5,6,4,5,6,7,7,3,4,5,6,7,6,6,6,6,6
237,238,4,5,5,6,7,3,4,5,6,7,5,6,6,7,7,1,2,3,4,5,6,5,5,5,5
238,239,3,4,5,6,7,1,2,3,4,5,2,3,4,5,6,5,6,7,7,7,4,4,5,6,6
239,240,4,5,5,6,7,1,2,3,4,5,5,6,6,7,7,1,2,3,4,5,5,5,5,5,4
240,241,3,4,5,6,7,2,3,4,5,6,4,5,6,7,7,4,5,6,7,7,5,5,6,6,6
241,242,1,2,3,4,5,1,2,3,4,5,5,6,6,7,7,2,3,4,4,6,5,5,6,5,5
242,243,5,5,5,6,7,4,5,6,6,7,5,6,6,7,7,4,5,6,7,6,5,5,5,5,5
243,244,2,3,4,5,6,2,3,4,5,6,5,6,6,7,7,6,6,7,7,7,5,5,5,6,6
244,245,5,5,5,6,7,3,4,5,6,7,3,4,5,6,7,2,3,4,5,6,5,5,6,6,6
245,246,5,5,5,6,7,2,3,4,5,6,5,6,6,7,7,3,4,5,6,7,6,6,6,6,6
246,247,5,5,5,6,7,1,2,3,4,5,1,2,3,4,5,5,6,7,7,7,3,4,5,6,6
247,248,3,4,5,6,7,1,2,3,4,5,4,5,6,7,7,3,4,5,6,7,5,5,6,6,6
248,249,2,3,4,5,6,3,4,5,6,7,3,4,5,6,7,5,6,7,7,7,5,5,5,6,6
249,250,2,3,4,5,6,3,4,5,6,7,2,3,4,5,6,5,6,7,7,7,4,4,5,6,6
250,251,3,4,5,6,7,2,3,4,5,6,2,3,4,5,6,5,6,7,7,7,4,4,5,6,6
251,252,2,3,4,5,6,3,4,5,6,7,2,3,4,5,6,5,6,7,7,7,4,4,5,6,6
252,253,1,2,3,4,5,4,5,6,6,7,5,6,6,7,7,6,6,7,7,7,5,5,6,6,6
253,254,3,4,5,6,7,2,3,4,5,6,2,3,4,5,6,4,5,6,7,7,4,4,5,6,6
254,255,4,5,5,6,7,4,5,6,6,7,4,5,6,7,7,2,3,4,5,6,6,6,6,6,6
255,256,1,2,3,4,5,3,4,5,6,7,1,2,3,4,5,5,6,7,7,7,4,4,5,6,6
256,257,5,5,5,6,7,1,2,3,4,5,5,6,6,7,7,6,6,7,7,7,5,5,5,6,6
257,258,4,5,5,6,7,2,3,4,5,6,4,5,6,7,7,2,3,4,5,6,5,5,6,6,5
258,259,4,5,5,6,7,1,2,3,4,5,4,5,6,7,7,6,6,7,7,7,5,5,5,6,6
259,260,2,3,4,5,6,5,5,6,6,7,3,4,5,6,7,5,6,7,7,7,5,5,6,6,6
260,261,2,3,4,5,6,1,2,3,4,5,1,2,3,4,5,6,6,7,7,7,3,4,4,5,6
261,262,3,4,5,6,7,1,2,3,4,5,2,3,4,5,6,1,2,3,4,5,4,4,4,5,4
262,263,3,4,5,6,7,1,2,3,4,5,5,6,6,7,7,3,4,5,6,7,6,6,6,6,6
263,264,3,4,5,6,7,1,2,3,4,5,2,3,4,5,6,1,2,3,4,5,4,4,4,5,4
264,265,5,5,5,6,7,2,3,4,5,6,4,5,6,7,7,6,6,7,7,7,5,5,5,6,6
265,266,4,5,5,6,7,1,2,3,4,5,5,6,6,7,7,5,6,7,7,7,5,5,5,6,6
266,267,5,5,5,6,7,4,5,6,6,7,1,2,3,4,5,3,4,5,6,7,5,5,6,6,7
267,268,1,2,3,4,5,5,5,6,6,7,5,6,6,7,7,3,4,5,6,7,6,6,7,6,6
268,269,2,3,4,5,6,5,5,6,6,7,4,5,6,7,7,1,2,3,4,5,5,5,5,5,5
269,270,1,2,3,4,5,1,2,3,4,5,2,3,4,5,6,2,3,4,5,6,4,4,5,5,5
270,271,4,5,5,6,7,1,2,3,4,5,4,5,6,7,7,6,6,7,7,7,5,5,5,6,6
271,272,5,5,5,6,7,1,2,3,4,5,4,5,6,7,7,6,6,7,7,7,5,5,5,6,6
272,273,5,5,5,6,7,2,3,4,5,6,1,2,3,4,5,1,2,3,4,5,4,4,4,5,5
273,274,2,3,4,5,6,2,3,4,5,6,4,5,6,7,7,6,6,7,7,7,5,5,5,6,6
274,275,5,5,5,6,7,4,5,6,6,7,4,5,6,7,7,3,4,5,6,7,6,6,6,7,6
275,276,2,3,4,5,6,3,4,5,6,7,1,2,3,4,5,3,4,5,6,7,4,5,6,6,7
276,277,3,4,5,6,7,2,3,4,5,6,3,4,5,6,7,4,5,6,7,7,5,5,5,6,6
277,278,2,3,4,5,6,4,5,6,6,7,2,3,4,5,6,6,6,7,7,7,4,5,5,6,6
278,279,2,3,4,5,6,4,5,6,6,7,2,3,4,5,6,6,6,7,7,7,4,5,5,6,6
279,280,5,5,5,6,7,4,5,6,6,7,3,4,5,6,7,4,5,6,7,7,5,5,6,6,6
280,281,2,3,4,5,6,3,4,5,6,7,3,4,5,6,7,1,2,3,4,5,5,5,5,5,5
281,282,5,5,5,6,7,2,3,4,5,6,5,6,6,7,7,3,4,5,6,7,6,6,6,6,6
282,283,1,2,3,4,5,1,2,3,4,5,1,2,3,4,5,5,6,7,7,7,3,4,4,5,6
283,284,1,2,3,4,5,2,3,4,5,6,4,5,6,7,7,1,2,3,4,5,5,5,5,5,4
284,285,4,5,5,6,7,3,4,5,6,7,4,5,6,7,7,1,2,3,4,5,5,5,5,5,5
285,286,1,2,3,4,5,5,5,6,6,7,2,3,4,5,6,6,6,7,7,7,4,4,5,6,6
286,287,2,3,4,5,6,5,5,6,6,7,2,3,4,5,6,1,2,3,4,5,5,4,5,5,5
287,288,3,4,5,6,7,1,2,3,4,5,2,3,4,5,6,5,6,7,7,7,4,4,5,6,6
288,289,4,5,5,6,7,5,5,6,6,7,1,2,3,4,5,6,6,7,7,7,4,4,5,6,7
289,290,5,5,5,6,7,1,2,3,4,5,3,4,5,6,7,1,2,3,4,5,4,4,5,5,4
290,291,1,2,3,4,5,4,5,6,6,7,2,3,4,5,6,4,5,6,7,7,5,5,5,6,6
291,292,5,5,5,6,7,1,2,3,4,5,3,4,5,6,7,3,4,5,6,7,5,5,6,6,6
292,293,2,3,4,5,6,2,3,4,5,6,4,5,6,7,7,2,3,4,5,6,5,5,5,6,5
293,294,1,2,3,4,5,2,3,4,5,6,4,5,6,7,7,1,2,3,4,5,5,5,5,5,4
294,295,1,2,3,4,5,1,2,3,4,5,1,2,3,4,5,2,3,4,5,6,4,4,5,5,5
295,296,2,3,4,5,6,5,5,6,6,7,2,3,4,5,6,3,4,5,6,7,5,5,6,6,7
296,297,3,4,5,6,7,5,5,6,6,7,3,4,5,6,7,5,6,7,7,7,5,5,6,6,6
297,298,5,5,5,6,7,3,4,5,6,7,1,2,3,4,5,5,6,7,7,7,4,4,5,6,6
298,299,2,3,4,5,6,2,3,4,5,6,2,3,4,5,6,2,3,4,5,6,4,4,5,5,5
299,300,1,2,3,4,5,2,3,4,5,6,5,6,6,7,7,5,6,7,7,7,5,5,5,6,6
300,301,4,5,5,6,7,2,3,4,5,6,2,3,4,5,6,4,5,6,7,7,4,5,5,6,6
301,302,1,2,3,4,5,5,5,6,6,7,3,4,5,6,7,4,5,6,7,7,5,5,6,6,6
302,303,4,5,5,6,7,2,3,4,5,6,3,4,5,6,7,3,4,5,6,7,5,5,6,6,6
303,304,3,4,5,6,7,1,2,3,4,5,3,4,5,6,7,4,5,6,7,7,4,5,5,6,6
304,305,5,5,5,6,7,1,2,3,4,5,4,5,6,7,7,2,3,4,5,6,5,5,5,6,5
305,306,3,4,5,6,7,1,2,3,4,5,4,5,6,7,7,2,3,4,5,6,5,5,5,5,5
306,307,3,4,5,6,7,1,2,3,4,5,4,5,6,7,7,1,2,3,4,5,5,5,5,5,4
307,308,1,2,3,4,5,3,4,5,6,7,2,3,4,5,6,6,6,7,7,7,4,4,5,6,6
308,309,1,2,3,4,5,1,2,3,4,5,5,6,6,7,7,5,6,6,7,7,5,5,5,6,6
309,310,3,4,5,6,7,4,5,6,6,7,3,4,5,6,7,4,5,6,6,7,5,5,6,6,6
310,311,4,5,5,6,7,5,5,6,6,7,5,6,6,7,7,3,4,5,6,7,6,6,7,7,6
311,312,2,3,4,5,6,2,3,4,5,6,1,2,3,4,5,4,5,6,7,7,4,4,5,6,6
312,313,2,3,4,5,6,1,2,3,4,5,4,5,6,7,7,5,6,7,7,7,5,5,5,6,6
313,314,1,2,3,4,5,4,5,6,6,7,1,2,3,4,5,4,5,6,7,7,4,4,5,6,6
314,315,5,5,5,6,7,1,2,3,4,5,5,6,6,7,7,4,5,6,7,7,5,5,6,6,6
315,316,1,2,3,4,5,1,2,3,4,5,3,4,5,6,7,5,6,7,7,7,4,4,5,5,6
316,317,1,2,3,4,5,3,4,5,6,7,3,4,5,6,7,2,3,4,5,6,5,5,5,5,5
317,318,1,2,3,4,5,5,5,6,6,7,3,4,5,6,7,1,2,3,4,5,5,5,5,5,5
318,319,3,4,5,6,7,1,2,3,4,5,5,6,6,7,7,5,6,7,7,7,5,5,5,6,6
319,320,3,4,5,6,7,3,4,5,6,7,5,6,6,7,7,6,6,7,7,7,5,6,6,6,6
320,321,5,5,5,6,7,5,5,6,6,7,1,2,3,4,5,6,6,7,7,7,4,4,5,6,7
321,322,5,5,5,6,7,1,2,3,4,5,4,5,6,7,7,4,5,6,7,7,5,5,5,6,6
322,323,5,5,5,6,7,1,2,3,4,5,2,3,4,5,6,2,3,4,5,6,4,4,5,5,5
323,324,2,3,4,5,6,5,5,6,6,7,3,4,5,6,7,4,5,6,7,7,5,5,6,6,6
324,325,5,5,5,6,7,4,5,6,6,7,3,4,5,6,7,5,6,7,7,7,5,5,6,6,6
325,326,4,5,5,6,7,4,5,6,6,7,1,2,3,4,5,5,6,7,7,7,4,4,5,6,6
326,327,3,4,5,6,7,5,5,6,6,7,5,6,6,7,7,4,5,6,7,7,6,6,6,6,6
327,328,2,3,4,5,6,1,2,3,4,5,3,4,5,6,7,5,6,7,7,7,4,4,5,5,6
328,329,5,5,5,6,7,1,2,3,4,5,2,3,4,5,6,3,4,5,6,7,4,5,5,6,6
329,330,5,5,5,6,7,3,4,5,6,7,2,3,4,5,6,4,5,6,7,7,5,5,5,6,6
330,331,3,4,5,6,7,5,5,6,6,7,5,6,6,7,7,3,4,5,6,7,6,6,7,7,6
331,332,2,3,4,5,6,3,4,5,6,7,5,6,6,7,7,1,2,3,4,5,6,5,5,5,5
332,333,3,4,5,6,7,3,4,5,6,7,2,3,4,5,6,2,3,4,5,6,5,5,5,6,6
333,334,2,3,4,5,6,4,5,6,6,7,1,2,3,4,5,4,5,6,7,7,4,4,5,6,7
334,335,2,3,4,5,6,4,5,6,6,7,3,4,5,6,7,2,3,4,5,6,5,5,6,6,6
335,336,2,3,4,5,6,4,5,6,6,7,4,5,6,7,7,4,5,6,7,7,6,5,6,6,6
336,337,5,5,5,6,7,3,4,5,6,7,3,4,5,6,7,1,2,3,4,5,5,5,5,5,5
337,338,3,4,5,6,7,2,3,4,5,6,4,5,6,7,7,2,3,4,5,6,5,5,6,6,5
338,339,5,5,5,6,7,5,5,6,6,7,4,5,6,7,7,5,6,7,7,7,5,5,6,6,6
339,340,5,5,5,6,7,1,2,3,4,5,3,4,5,6,7,1,2,3,4,5,4,4,5,5,4
340,341,4,5,5,6,7,3,4,5,6,7,1,2,3,4,5,6,6,7,7,7,4,4,5,6,7
341,342,5,5,5,6,7,2,3,4,5,6,3,4,5,6,7,3,4,5,6,7,5,5,6,6,6
342,343,3,4,5,6,7,1,2,3,4,5,5,6,6,7,7,3,4,5,6,7,6,6,6,6,6
343,344,1,2,3,4,5,4,5,6,6,7,1,2,3,4,5,4,5,6,7,7,4,4,5,6,6
344,345,5,5,5,6,7,3,4,5,6,7,1,2,3,4,5,5,6,7,7,7,4,4,5,6,6
345,346,1,2,3,4,5,4,5,6,6,7,1,2,3,4,5,3,4,5,6,7,4,5,6,6,7
346,347,3,4,5,6,7,5,5,6,6,7,3,4,5,6,7,5,6,6,7,7,5,5,6,6,6
347,348,4,5,5,6,7,5,5,6,6,7,5,6,6,7,7,6,6,7,7,7,6,6,6,6,6
348,349,1,2,3,4,5,1,2,3,4,5,4,5,6,7,7,4,5,6,7,6,4,4,4,5,5
349,350,5,5,5,6,7,4,5,6,6,7,5,6,6,7,7,2,3,4,5,6,6,6,6,6,6
350,351,5,5,5,6,7,4,5,6,6,7,5,6,6,7,7,1,2,3,4,5,6,5,6,5,5
351,352,4,5,5,6,7,3,4,5,6,7,2,3,4,5,6,4,5,6,7,7,5,5,5,6,6
352,353,2,3,4,5,6,3,4,5,6,7,4,5,6,7,7,6,6,7,7,7,5,5,6,6,6
353,354,3,4,5,6,7,5,5,6,6,7,3,4,5,6,7,5,6,7,7,7,5,5,6,6,6
354,355,5,5,5,6,7,2,3,4,5,6,5,6,6,7,7,4,5,6,7,7,5,6,6,6,6
355,356,3,4,5,6,7,3,4,5,6,7,4,5,6,7,7,6,6,7,7,7,5,5,6,6,6
356,357,1,2,3,4,5,2,3,4,5,6,3,4,5,6,7,4,5,6,7,7,5,5,5,6,6
357,358,3,4,5,6,7,2,3,4,5,6,1,2,3,4,5,1,2,3,4,5,4,4,4,5,5
358,359,4,5,5,6,7,2,3,4,5,6,1,2,3,4,5,3,4,5,6,7,4,5,5,6,6
359,360,5,5,5,6,7,1,2,3,4,5,1,2,3,4,5,5,6,7,7,7,3,4,5,6,6
360,361,5,5,5,6,7,5,5,6,6,7,4,5,6,7,7,1,2,3,4,5,6,5,6,5,5
361,362,1,2,3,4,5,3,4,5,6,7,3,4,5,6,7,5,6,7,7,7,5,5,5,6,6
362,363,2,3,4,5,6,3,4,5,6,7,4,5,6,7,7,1,2,3,4,5,5,5,5,5,5
363,364,5,5,5,6,7,3,4,5,6,7,1,2,3,4,5,6,6,7,7,7,4,4,5,6,7
364,365,3,4,5,6,7,3,4,5,6,7,3,4,5,6,7,5,6,7,7,7,5,5,5,6,6
365,366,1,2,3,4,5,1,2,3,4,5,4,5,6,7,7,4,5,6,7,6,4,4,4,5,5
366,367,1,2,3,4,5,3,4,5,6,7,4,5,6,7,7,5,6,7,7,7,5,5,6,6,6
367,368,1,2,3,4,5,3,4,5,6,7,3,4,5,6,7,4,5,6,7,7,5,5,6,6,6
368,369,4,5,5,6,7,1,2,3,4,5,5,6,6,7,7,5,6,7,7,7,5,5,5,6,6
369,370,1,2,3,4,5,4,5,6,6,7,5,6,6,7,7,1,2,3,4,5,6,5,5,5,5
370,371,1,2,3,4,5,5,5,6,6,7,5,6,6,7,7,6,6,7,7,7,6,5,6,6,6
371,372,1,2,3,4,5,3,4,5,6,7,1,2,3,4,5,5,6,7,7,7,4,4,5,6,6
372,373,4,5,5,6,7,3,4,5,6,7,2,3,4,5,6,2,3,4,5,6,5,5,5,6,6
373,374,3,4,5,6,7,1,2,3,4,5,1,2,3,4,5,4,5,6,7,7,4,4,5,6,6
374,375,1,2,3,4,5,5,5,6,6,7,5,6,6,7,7,3,4,5,6,7,6,6,7,6,6
375,376,3,4,5,6,7,3,4,5,6,7,5,6,6,7,7,4,5,6,7,7,6,6,6,6,6
376,377,4,5,5,6,7,3,4,5,6,7,2,3,4,5,6,5,6,7,7,7,4,4,5,6,6
377,378,3,4,5,6,7,5,5,6,6,7,1,2,3,4,5,5,6,7,7,7,4,4,5,6,6
378,379,2,3,4,5,6,5,5,6,6,7,4,5,6,7,7,1,2,3,4,5,5,5,5,5,5
379,380,4,5,5,6,7,2,3,4,5,6,2,3,4,5,6,5,6,7,7,7,4,4,5,6,6
380,381,5,5,5,6,7,2,3,4,5,6,3,4,5,6,7,5,6,7,7,7,5,5,5,6,6
381,382,5,5,5,6,7,3,4,5,6,7,2,3,4,5,6,4,5,6,7,7,5,5,5,6,6
382,383,5,5,5,6,7,2,3,4,5,6,4,5,6,7,7,2,3,4,5,6,5,5,6,6,5
383,384,5,5,5,6,7,3,4,5,6,7,3,4,5,6,7,1,2,3,4,5,5,5,5,5,5
384,385,4,5,5,6,7,1,2,3,4,5,5,6,6,7,7,2,3,4,5,6,5,5,5,6,5
385,386,3,4,5,6,7,1,2,3,4,5,2,3,4,5,6,5,6,7,7,7,4,4,5,6,6
386,387,3,4,5,6,7,3,4,5,6,7,3,4,5,6,7,3,4,5,6,7,5,5,6,6,6
387,388,2,3,4,5,6,5,5,6,6,7,5,6,6,7,7,3,4,5,6,7,6,6,7,6,6
388,389,3,4,5,6,7,5,5,6,6,7,5,6,6,7,7,6,6,7,7,7,6,6,6,6,6
389,390,4,5,5,6,7,4,5,6,6,7,4,5,6,7,7,3,4,5,6,7,6,6,6,7,6
390,391,4,5,5,6,7,4,5,6,6,7,1,2,3,4,5,2,3,4,5,6,4,4,5,6,6
391,392,2,3,4,5,6,4,5,6,6,7,1,2,3,4,5,4,5,6,7,7,4,4,5,6,7
392,393,2,3,4,5,6,5,5,6,6,7,3,4,5,6,7,4,5,6,7,7,5,5,6,6,6
393,394,3,4,5,6,7,2,3,4,5,6,5,6,6,7,7,1,2,3,4,5,5,5,5,5,4
394,395,5,5,5,6,7,2,3,4,5,6,2,3,4,5,6,5,6,7,7,7,4,4,5,6,6
395,396,5,5,5,6,7,2,3,4,5,6,3,4,5,6,7,2,3,4,5,6,5,5,5,5,5
396,397,4,5,5,6,7,3,4,5,6,7,4,5,6,7,7,4,5,6,7,7,5,5,6,6,6
397,398,5,5,5,6,7,3,4,5,6,7,3,4,5,6,7,4,5,6,7,7,5,5,6,6,6
398,399,5,5,5,6,7,1,2,3,4,5,4,5,6,7,7,3,4,5,6,7,5,5,6,6,6
399,400,1,2,3,4,5,3,4,5,6,7,2,3,4,5,6,2,3,4,5,6,5,5,5,5,6
400,401,3,4,5,6,7,3,4,5,6,7,5,6,6,7,7,1,2,3,4,5,6,5,5,5,5
401,402,1,2,3,4,5,2,3,4,5,6,2,3,4,5,6,3,4,5,6,7,5,5,6,6,6
402,403,4,5,5,6,7,2,3,4,5,6,2,3,4,5,6,5,6,7,7,7,4,4,5,6,6
403,404,3,4,5,6,7,1,2,3,4,5,2,3,4,5,6,5,6,7,7,7,4,4,5,6,6
404,405,3,4,5,6,7,5,5,6,6,7,3,4,5,6,7,6,6,7,7,7,5,5,6,6,6
405,406,4,5,5,6,7,3,4,5,6,7,3,4,5,6,7,3,4,5,6,7,5,5,6,6,6
406,407,3,4,5,6,7,4,5,6,6,7,4,5,6,7,7,4,5,6,7,7,6,6,6,6,6
407,408,3,4,5,6,7,3,4,5,6,7,3,4,5,6,7,2,3,4,5,6,5,5,6,6,6
408,409,4,5,5,6,7,1,2,3,4,5,3,4,5,6,7,1,2,3,4,5,4,4,5,5,4
409,410,4,5,5,6,7,4,5,6,6,7,3,4,5,6,7,1,2,3,4,5,5,5,5,5,5
410,411,2,3,4,5,6,1,2,3,4,5,3,4,5,6,7,4,5,6,7,6,4,4,4,5,5
411,412,2,3,4,5,6,5,5,6,6,7,3,4,5,6,7,1,2,3,4,5,5,5,5,5,5
412,413,3,4,5,6,7,4,5,6,6,7,1,2,3,4,5,4,5,6,7,6,4,4,4,5,6
413,414,3,4,5,6,7,5,5,6,6,7,5,6,6,7,7,5,6,7,7,7,6,6,6,6,6
414,415,4,5,5,6,7,5,5,6,6,7,3,4,5,6,7,3,4,5,6,7,6,6,6,6,7
415,416,3,4,5,6,7,2,3,4,5,6,4,5,6,7,7,1,2,3,4,5,5,5,5,5,4
416,417,1,2,3,4,5,4,5,6,6,7,1,2,3,4,5,1,2,3,4,5,4,4,5,5,5
417,418,1,2,3,4,5,3,4,5,6,7,1,2,3,4,5,3,4,5,6,7,4,5,6,6,7
418,419,4,5,5,6,7,2,3,4,5,6,3,4,5,6,7,5,6,7,7,7,5,5,5,6,6
419,420,5,5,5,6,7,5,5,6,6,7,3,4,5,6,7,5,6,7,7,7,5,5,6,6,6
420,421,4,5,5,6,7,5,5,6,6,7,2,3,4,5,6,5,6,7,6,7,5,5,6,6,6
421,422,5,5,5,6,7,2,3,4,5,6,3,4,5,6,7,6,6,7,7,7,5,5,5,6,6
422,423,2,3,4,5,6,1,2,3,4,5,2,3,4,5,6,4,5,6,7,7,4,4,5,6,6
423,424,2,3,4,5,6,3,4,5,6,7,5,6,6,7,7,6,6,7,7,7,5,5,6,6,6
424,425,5,5,5,6,7,2,3,4,5,6,3,4,5,6,7,4,5,6,7,7,5,5,5,6,6
425,426,1,2,3,4,5,1,2,3,4,5,5,6,6,7,7,2,3,4,5,6,5,5,5,5,5
426,427,1,2,3,4,5,5,5,6,6,7,2,3,4,5,6,4,5,6,7,7,5,5,6,6,6
427,428,5,5,5,6,7,5,5,6,6,7,5,6,6,7,7,2,3,4,5,6,6,6,6,6,6
428,429,3,4,5,6,7,4,5,6,6,7,4,5,6,7,7,1,2,3,4,5,5,5,5,5,5
429,430,4,5,5,6,7,4,5,6,6,7,3,4,5,6,7,6,6,7,7,7,5,5,5,6,6
430,431,5,5,5,6,7,4,5,6,6,7,2,3,4,5,6,5,6,7,7,7,4,5,5,6,6
431,432,4,5,5,6,7,2,3,4,5,6,2,3,4,5,6,5,6,7,7,7,4,4,5,6,6
432,433,5,5,5,6,7,5,5,6,6,7,4,5,6,7,7,1,2,3,4,5,6,5,6,5,5
433,434,4,5,5,6,7,1,2,3,4,5,3,4,5,6,7,1,2,3,4,5,4,4,5,5,4
434,435,3,4,5,6,7,2,3,4,5,6,5,6,6,7,7,3,4,5,6,7,6,6,6,6,6
435,436,4,5,5,6,7,1,2,3,4,5,4,5,6,7,7,4,5,6,7,7,5,5,5,6,6
436,437,4,5,5,6,7,5,5,6,6,7,5,6,6,7,7,2,3,4,5,6,6,6,6,6,6
437,438,1,2,3,4,5,1,2,3,4,5,4,5,6,7,7,1,2,3,4,5,5,4,5,5,4
438,439,4,5,5,6,7,5,5,6,6,7,2,3,4,5,6,5,6,7,7,7,5,5,5,6,6
439,440,4,5,5,6,7,5,5,6,6,7,5,6,6,7,7,5,6,7,7,7,6,6,6,6,6
440,441,1,2,3,4,5,4,5,6,6,7,4,5,6,7,7,5,6,7,7,7,5,5,6,6,6
441,442,1,2,3,4,5,1,2,3,4,5,5,6,6,7,7,4,5,6,7,7,5,5,5,6,6
442,443,2,3,4,5,6,5,5,6,6,7,3,4,5,6,7,2,3,4,5,6,5,5,6,6,6
443,444,2,3,4,5,6,5,5,6,6,7,3,4,5,6,7,6,6,7,7,7,5,5,6,6,6
444,445,2,3,4,5,6,5,5,6,6,7,2,3,4,5,6,2,3,4,5,6,5,5,5,5,6
445,446,2,3,4,5,6,2,3,4,5,6,3,4,5,6,7,5,6,7,7,7,4,4,5,6,6
446,447,4,5,5,6,7,5,5,6,6,7,2,3,4,5,6,4,5,6,7,7,5,5,6,6,7
447,448,1,2,3,4,5,3,4,5,6,7,1,2,3,4,5,6,6,7,7,7,4,4,5,6,6
448,449,5,5,5,6,7,5,5,6,6,7,5,6,6,7,7,6,6,7,7,7,6,6,6,6,6
449,450,3,4,5,6,7,3,4,5,6,7,2,3,4,5,6,3,4,5,5,6,4,4,5,5,5
450,451,1,2,3,4,5,2,3,4,5,6,1,2,3,4,5,4,5,6,7,7,4,4,5,6,6
451,452,3,4,5,6,7,3,4,5,6,7,5,6,6,7,7,3,4,5,6,7,6,6,6,7,6
452,453,3,4,5,6,7,2,3,4,5,6,4,5,6,7,7,5,6,7,7,7,5,5,5,6,6
453,454,3,4,5,6,7,2,3,4,5,6,5,6,6,7,7,6,6,7,7,7,5,5,6,6,6
454,455,1,2,3,4,5,2,3,4,5,6,5,6,6,7,7,6,6,7,7,7,5,5,5,6,6
455,456,3,4,5,6,7,4,5,6,6,7,2,3,4,5,6,5,6,7,7,7,4,5,5,6,6
456,457,3,4,5,6,7,5,5,6,6,7,2,3,4,5,6,5,6,7,7,7,4,5,5,6,6
457,458,2,3,4,5,6,3,4,5,6,7,4,5,6,7,7,2,3,4,5,6,6,5,6,6,5
458,459,5,5,5,6,7,3,4,5,6,7,2,3,4,5,6,5,6,7,7,7,4,4,5,6,6
459,460,5,5,5,6,7,5,5,6,6,7,4,5,6,7,7,4,5,6,7,7,6,6,6,6,6
460,461,3,4,5,6,7,1,2,3,4,5,2,3,4,5,6,5,6,7,7,7,4,4,5,6,6
461,462,3,4,5,6,7,3,4,5,6,7,3,4,5,6,7,1,2,3,4,5,5,5,5,5,5
462,463,5,5,5,6,7,3,4,5,6,7,3,4,5,6,7,4,5,6,7,7,5,5,6,6,6
463,464,2,3,4,5,6,1,2,3,4,5,1,2,3,4,5,3,4,5,6,7,4,4,5,6,6
464,465,5,5,5,6,7,1,2,3,4,5,4,5,6,7,7,5,6,7,7,7,5,5,5,6,6
465,466,3,4,5,6,7,1,2,3,4,5,2,3,4,5,6,2,3,4,5,6,4,4,5,5,5
466,467,1,2,3,4,5,1,2,3,4,5,5,6,6,7,7,5,6,7,7,7,5,5,5,6,6
467,468,2,3,4,5,6,5,5,6,6,7,1,2,3,4,5,3,4,5,6,7,5,5,6,6,7
468,469,5,5,5,6,7,4,5,6,6,7,5,6,6,7,7,1,2,3,4,5,6,5,6,5,5
469,470,5,5,5,6,7,4,5,6,6,7,4,5,6,7,7,4,5,6,7,6,5,5,5,5,5
470,471,2,3,4,5,6,1,2,3,4,5,5,6,6,7,7,6,6,7,7,7,5,5,5,6,6
471,472,2,3,4,5,6,2,3,4,5,6,5,6,6,7,7,2,3,4,4,6,6,5,6,6,5
472,473,2,3,4,5,6,5,5,6,6,7,1,2,3,4,5,1,2,3,4,5,4,4,5,5,5
473,474,4,5,5,6,7,1,2,3,4,5,5,6,6,7,7,1,2,3,4,5,5,5,5,5,4
474,475,4,5,5,6,7,2,3,4,5,6,4,5,6,7,7,1,2,3,4,5,5,5,5,5,5
475,476,1,2,3,4,5,1,2,3,4,5,3,4,5,6,7,3,4,5,6,7,5,5,5,6,6
476,477,1,2,3,4,5,2,3,4,5,6,1,2,3,4,5,5,6,7,7,7,3,4,5,5,6
477,478,3,4,5,6,7,5,5,6,6,7,3,4,5,6,7,1,2,3,4,5,5,5,5,5,5
478,479,2,3,4,5,6,5,5,6,6,7,4,5,6,7,7,2,3,4,5,6,6,5,6,6,6
479,480,5,5,5,6,7,1,2,3,4,5,3,4,5,6,7,3,4,5,6,7,5,5,6,6,6
480,481,4,5,5,6,7,3,4,5,6,7,1,2,3,4,5,6,6,7,7,7,4,4,5,6,7
481,482,5,5,5,6,7,5,5,6,6,7,4,5,6,7,7,6,6,7,7,7,5,5,6,6,6
482,483,2,3,4,5,6,4,5,6,6,7,5,6,6,7,7,3,4,5,6,7,6,6,6,6,6
483,484,2,3,4,5,6,1,2,3,4,5,3,4,5,6,7,1,2,3,4,5,4,4,5,4,4
484,485,2,3,4,5,6,4,5,6,6,7,1,2,3,4,5,3,4,5,6,7,5,5,6,6,7
485,486,4,5,5,6,7,5,5,6,6,7,5,6,6,7,7,5,6,7,7,7,6,6,6,6,6
486,487,4,5,5,6,7,5,5,6,6,7,1,2,3,4,5,3,4,5,6,7,5,5,6,6,7
487,488,2,3,4,5,6,2,3,4,5,6,3,4,5,6,7,4,5,6,7,7,5,5,5,6,6
488,489,3,4,5,6,7,5,5,6,6,7,4,5,6,7,7,1,2,3,4,5,6,5,5,5,5
489,490,1,2,3,4,5,1,2,3,4,5,5,6,6,7,7,4,5,6,7,7,5,5,5,6,6
490,491,1,2,3,4,5,4,5,6,6,7,5,6,6,7,7,1,2,3,4,5,6,5,5,5,5
491,492,3,4,5,6,7,5,5,6,6,7,3,4,5,6,7,1,2,3,4,5,5,5,5,5,5
492,493,2,3,4,5,6,1,2,3,4,5,3,4,5,6,7,2,3,4,5,6,5,5,5,5,5
493,494,1,2,3,4,5,1,2,3,4,5,5,6,6,7,7,1,2,3,4,5,5,5,5,5,4
494,495,4,5,5,6,7,2,3,4,5,6,5,6,6,7,7,1,2,3,4,5,5,5,5,5,4
495,496,4,5,5,6,7,3,4,5,6,7,3,4,5,6,7,4,5,6,7,7,5,5,6,6,6
496,497,4,5,5,6,7,2,3,4,5,6,3,4,5,6,7,2,3,4,5,6,5,5,5,5,5
497,498,5,5,5,6,7,2,3,4,5,6,5,6,6,7,7,4,5,6,7,7,5,6,6,6,6
498,499,3,4,5,6,7,1,2,3,4,5,2,3,4,5,6,4,5,6,7,6,3,4,4,5,5
499,500,3,4,5,6,7,3,4,5,6,7,3,4,5,6,7,3,4,5,6,7,5,5,6,6,6
500,501,1,2,3,4,5,2,3,4,5,6,4,5,6,7,7,2,3,4,5,6,5,5,5,5,5
501,502,5,5,5,6,7,1,2,3,4,5,3,4,5,6,7,2,3,4,5,6,5,5,5,5,5
502,503,3,4,5,6,7,2,3,4,5,6,2,3,4,5,6,3,4,5,6,7,5,5,6,6,6
503,504,2,3,4,5,6,1,2,3,4,5,3,4,5,6,7,2,3,4,5,6,5,5,5,5,5
504,505,3,4,5,6,7,1,2,3,4,5,5,6,6,7,7,1,2,3,4,5,5,5,5,5,4
505,506,5,5,5,6,7,5,5,6,6,7,3,4,5,6,7,4,5,6,7,7,5,5,6,6,6
506,507,5,5,5,6,7,2,3,4,5,6,4,5,6,7,7,5,6,7,7,7,5,5,5,6,6
507,508,1,2,3,4,5,5,5,6,6,7,2,3,4,5,6,5,6,7,7,7,4,4,5,6,6
508,509,5,5,5,6,7,2,3,4,5,6,1,2,3,4,5,4,5,6,7,7,4,4,5,6,6
509,510,2,3,4,5,6,5,5,6,6,7,3,4,5,6,7,6,6,7,7,7,5,5,6,6,6
510,511,5,5,5,6,7,1,2,3,4,5,4,5,6,7,7,3,4,5,6,7,5,5,6,6,6
511,512,5,5,5,6,7,4,5,6,6,7,4,5,6,7,7,2,3,4,5,6,6,6,6,6,6
512,513,4,5,5,6,7,1,2,3,4,5,2,3,4,5,6,1,2,3,4,5,4,4,4,5,4
513,514,4,5,5,6,7,2,3,4,5,6,2,3,4,5,6,5,6,7,7,7,4,4,5,6,6
514,515,4,5,5,6,7,3,4,5,6,7,4,5,6,7,7,2,3,4,5,6,6,5,6,6,6
515,516,2,3,4,5,6,4,5,6,6,7,4,5,6,7,7,5,6,7,7,7,5,5,6,6,6
516,517,4,5,5,6,7,4,5,6,6,7,2,3,4,5,6,3,4,5,6,7,5,5,6,6,7
517,518,5,5,5,6,7,5,5,6,6,7,1,2,3,4,5,5,6,7,7,7,4,4,5,6,6
518,519,2,3,4,5,6,3,4,5,6,7,2,3,4,5,6,4,5,6,7,7,4,5,5,6,6
519,520,3,4,5,6,7,1,2,3,4,5,2,3,4,5,6,4,5,6,7,7,4,4,5,6,6
520,521,5,5,5,6,7,4,5,6,6,7,5,6,6,7,7,4,5,6,7,7,6,6,6,6,6
521,522,1,2,3,4,5,2,3,4,5,6,4,5,6,7,7,5,6,7,7,7,5,5,5,6,6
522,523,2,3,4,5,6,4,5,6,6,7,1,2,3,4,5,1,2,3,4,5,4,4,5,5,5
523,524,3,4,5,6,7,1,2,3,4,5,2,3,4,5,6,2,3,4,5,6,4,4,5,5,5
524,525,4,5,5,6,7,2,3,4,5,6,4,5,6,7,7,2,3,4,5,6,5,5,6,6,5
525,526,1,2,3,4,5,3,4,5,6,7,2,3,4,5,6,5,6,7,7,7,4,4,5,6,6
526,527,3,4,5,6,7,1,2,3,4,5,3,4,5,6,7,6,6,7,7,7,4,4,5,6,6
527,528,5,5,5,6,7,4,5,6,6,7,2,3,4,5,6,5,6,7,7,7,4,5,5,6,6
528,529,1,2,3,4,5,2,3,4,5,6,2,3,4,5,6,4,5,6,7,7,4,4,5,6,6
529,530,2,3,4,5,6,4,5,6,6,7,4,5,6,7,7,6,6,7,7,7,5,5,6,6,6
530,531,2,3,4,5,6,2,3,4,5,6,2,3,4,5,6,3,4,5,6,7,5,5,6,6,6
531,532,1,2,3,4,5,5,5,6,6,7,1,2,3,4,5,4,5,6,6,7,4,4,6,6,6
532,533,4,5,5,6,7,4,5,6,6,7,2,3,4,5,6,1,2,3,4,5,5,4,5,5,5
533,534,1,2,3,4,5,2,3,4,5,6,2,3,4,5,6,1,2,3,4,5,4,4,5,5,4
534,535,3,4,5,6,7,4,5,6,6,7,4,5,6,7,7,6,6,7,7,7,5,5,6,6,6
535,536,3,4,5,6,7,1,2,3,4,5,2,3,4,5,6,1,2,3,4,5,4,4,4,5,4
536,537,1,2,3,4,5,1,2,3,4,5,3,4,5,6,7,4,5,6,7,7,4,4,5,6,6
537,538,5,5,5,6,7,4,5,6,6,7,5,6,6,7,7,1,2,3,4,5,6,5,6,5,5
538,539,1,2,3,4,5,5,5,6,6,7,5,6,6,7,7,5,6,7,7,7,6,5,6,6,6
539,540,1,2,3,4,5,3,4,5,6,7,3,4,5,6,7,4,5,6,7,7,5,5,6,6,6
540,541,1,2,3,4,5,1,2,3,4,5,5,6,6,7,7,2,3,4,5,6,5,5,5,5,5
541,542,5,5,5,6,7,4,5,6,6,7,3,4,5,6,7,1,2,3,4,5,5,5,5,5,5
542,543,5,5,5,6,7,4,5,6,6,7,3,4,5,6,7,6,6,7,7,7,5,5,5,6,6
543,544,5,5,5,6,7,1,2,3,4,5,1,2,3,4,5,2,3,4,5,6,4,4,5,5,5
544,545,4,5,5,6,7,2,3,4,5,6,3,4,5,6,7,1,2,3,4,5,5,4,5,5,5
545,546,3,4,5,6,7,4,5,6,6,7,4,5,6,7,7,6,6,7,7,7,5,5,6,6,6
546,547,4,5,5,6,7,3,4,5,6,7,3,4,5,6,7,4,5,6,7,7,5,5,6,6,6
547,548,3,4,5,6,7,4,5,6,6,7,3,4,5,6,7,3,4,5,6,7,5,5,6,6,6
548,549,5,5,5,6,7,1,2,3,4,5,1,2,3,4,5,1,2,3,4,5,3,4,4,5,5
549,550,3,4,5,6,7,2,3,4,5,6,5,6,6,7,7,3,4,5,6,7,6,6,6,6,6
550,551,3,4,5,6,7,5,5,6,6,7,5,6,6,7,7,6,6,7,7,7,6,6,6,6,6
551,552,5,5,5,6,7,3,4,5,6,7,3,4,5,6,7,1,2,3,4,5,5,5,5,5,5
552,553,3,4,5,6,7,3,4,5,6,7,3,4,5,6,7,1,2,3,4,5,5,5,5,5,5
553,554,2,3,4,5,6,4,5,6,6,7,1,2,3,4,5,5,6,7,7,7,4,4,5,6,6
554,555,5,5,5,6,7,5,5,6,6,7,1,2,3,4,5,1,2,3,4,5,4,4,5,5,5
555,556,2,3,4,5,6,4,5,6,6,7,5,6,6,7,7,1,2,3,4,5,6,5,5,5,5
556,557,2,3,4,5,6,3,4,5,6,7,1,2,3,4,5,3,4,5,6,7,4,5,6,6,7
557,558,1,2,3,4,5,2,3,4,5,6,3,4,5,6,7,5,6,7,7,7,4,4,5,6,6
558,559,4,5,5,6,7,2,3,4,5,6,5,6,6,7,7,2,3,4,5,6,6,5,6,6,5
559,560,2,3,4,5,6,5,5,6,6,7,2,3,4,5,6,3,4,5,6,7,5,5,6,6,7
560,561,5,5,5,6,7,3,4,5,6,7,1,2,3,4,5,2,3,4,5,6,4,4,5,6,6
561,562,2,3,4,5,6,5,5,6,6,7,4,5,6,7,7,3,4,5,6,7,6,6,6,6,6
562,563,4,5,5,6,7,5,5,6,6,7,4,5,6,7,7,6,6,7,7,7,5,5,6,6,6
563,564,2,3,4,5,6,1,2,3,4,5,4,5,6,7,7,2,3,4,5,6,5,5,5,5,5
564,565,3,4,5,6,7,3,4,5,6,7,4,5,6,7,7,1,2,3,4,5,5,5,5,5,5
565,566,1,2,3,4,5,1,2,3,4,5,5,6,6,7,7,1,2,3,4,5,5,5,5,5,4
566,567,2,3,4,5,6,2,3,4,5,6,4,5,6,7,7,5,6,7,7,7,5,5,5,6,6
567,568,4,5,5,6,7,2,3,4,5,6,4,5,6,7,7,5,6,7,7,7,5,5,5,6,6
568,569,2,3,4,5,6,1,2,3,4,5,2,3,4,5,6,6,6,7,7,7,4,4,5,5,6
569,570,2,3,4,5,6,3,4,5,6,7,3,4,5,6,7,5,6,7,7,7,5,5,5,6,6
570,571,1,2,3,4,5,3,4,5,6,7,2,3,4,5,6,1,2,3,4,5,4,4,5,5,5
571,572,3,4,5,6,7,1,2,3,4,5,2,3,4,5,6,5,6,7,7,7,4,4,5,6,6
572,573,1,2,3,4,5,3,4,5,6,7,1,2,3,4,5,6,6,7,7,7,4,4,5,6,6
573,574,4,5,5,6,7,1,2,3,4,5,1,2,3,4,5,3,4,5,6,7,4,4,5,6,6
574,575,5,5,5,6,7,5,5,6,6,7,5,6,6,7,7,3,4,5,6,7,6,6,7,7,6
575,576,4,5,5,6,7,5,5,6,6,7,1,2,3,4,5,5,6,7,7,7,4,4,5,6,6
576,577,1,2,3,4,5,1,2,3,4,5,5,6,6,7,7,2,3,4,5,6,5,5,5,5,5
577,578,3,4,5,6,7,3,4,5,6,7,3,4,5,6,7,4,5,6,7,7,5,5,6,6,6
578,579,5,5,5,6,7,4,5,6,6,7,3,4,5,6,7,6,6,7,7,7,5,5,5,6,6
579,580,2,3,4,5,6,1,2,3,4,5,5,6,6,7,7,5,6,7,7,7,5,5,5,6,6
580,581,4,5,5,6,7,5,5,6,6,7,1,2,3,4,5,4,5,6,7,7,4,4,5,6,7
581,582,3,4,5,6,7,2,3,4,5,6,1,2,3,4,5,5,6,7,7,7,4,4,5,6,6
582,583,1,2,3,4,5,1,2,3,4,5,2,3,4,5,6,5,6,7,7,7,4,4,5,5,6
583,584,3,4,5,6,7,1,2,3,4,5,3,4,5,6,7,4,5,6,7,6,4,4,4,5,5
584,585,1,2,3,4,5,3,4,5,6,7,4,5,6,7,7,1,2,3,4,5,5,5,5,5,5
585,586,5,5,5,6,7,1,2,3,4,5,1,2,3,4,5,4,5,6,7,7,4,4,5,6,6
586,587,4,5,5,6,7,2,3,4,5,6,2,3,4,5,6,4,5,6,7,7,4,5,5,6,6
587,588,2,3,4,5,6,3,4,5,6,7,4,5,6,7,7,1,2,3,4,5,5,5,5,5,5
588,589,4,5,5,6,7,1,2,3,4,5,3,4,5,6,7,2,3,4,5,6,5,5,5,5,5
589,590,3,4,5,6,7,1,2,3,4,5,5,6,6,7,7,2,3,4,5,6,5,5,5,6,5
590,591,2,3,4,5,6,5,5,6,6,7,4,5,6,7,7,4,5,6,7,6,5,5,5,5,5
591,592,4,5,5,6,7,1,2,3,4,5,5,6,6,7,7,1,2,3,4,5,5,5,5,5,4
592,593,2,3,4,5,6,1,2,3,4,5,1,2,3,4,5,1,2,3,4,5,3,3,4,4,4
593,594,4,5,5,6,7,1,2,3,4,5,5,6,6,7,7,4,5,6,7,7,5,5,6,6,6
594,595,5,5,5,6,7,3,4,5,6,7,3,4,5,6,7,5,6,7,7,7,5,5,5,6,6
595,596,2,3,4,5,6,3,4,5,6,7,4,5,6,7,7,2,3,4,5,6,6,5,6,6,5
596,597,1,2,3,4,5,4,5,6,6,7,3,4,5,6,7,5,6,7,7,7,5,5,5,6,6
597,598,4,5,5,6,7,3,4,5,6,7,5,6,6,7,7,3,4,5,6,7,6,6,6,7,6
598,599,4,5,5,6,7,3,4,5,6,7,3,4,5,6,7,4,5,6,7,6,4,4,5,5,5
599,600,1,2,3,4,5,2,3,4,5,6,1,2,3,4,5,6,6,7,7,7,4,4,5,6,6
600,601,4,5,5,6,7,1,2,3,4,5,2,3,4,5,6,5,6,7,7,7,4,4,5,6,6
601,602,4,5,5,6,7,2,3,4,5,6,3,4,5,6,7,3,4,5,6,7,5,5,6,6,6
602,603,3,4,5,6,7,5,5,6,6,7,2,3,4,5,6,2,3,4,5,6,5,5,6,6,6
603,604,3,4,5,6,7,2,3,4,5,6,4,5,6,7,7,3,4,5,6,7,6,6,6,6,6
604,605,5,5,5,6,7,1,2,3,4,5,1,2,3,4,5,5,6,6,7,7,4,4,5,6,6
605,606,2,3,4,5,6,5,5,6,6,7,1,2,3,4,5,4,5,6,7,7,4,4,5,6,7
606,607,3,4,5,6,7,5,5,6,6,7,3,4,5,6,7,1,2,3,4,5,5,5,5,5,5
607,608,5,5,5,6,7,4,5,6,6,7,4,5,6,7,7,2,3,4,5,6,6,6,6,6,6
608,609,3,4,5,6,7,3,4,5,6,7,1,2,3,4,5,4,5,6,7,7,4,4,5,6,7
609,610,2,3,4,5,6,3,4,5,6,7,3,4,5,6,7,3,4,5,6,7,5,5,6,6,6
610,611,3,4,5,6,7,5,5,6,6,7,5,6,6,7,7,6,6,7,7,7,6,6,6,6,6
611,612,3,4,5,6,7,4,5,6,6,7,5,6,6,7,7,2,3,4,4,6,6,6,6,6,5
612,613,5,5,5,6,7,1,2,3,4,5,3,4,5,6,7,1,2,3,4,5,4,4,5,5,4
613,614,2,3,4,5,6,5,5,6,6,7,2,3,4,5,6,1,2,3,4,5,5,4,5,5,5
614,615,4,5,5,6,7,1,2,3,4,5,4,5,6,7,7,2,3,4,5,6,5,5,5,6,5
615,616,1,2,3,4,5,3,4,5,6,7,5,6,6,7,7,5,6,7,7,7,5,5,6,6,6
616,617,2,3,4,5,6,2,3,4,5,6,4,5,6,7,7,5,6,6,7,7,5,5,5,6,6
617,618,5,5,5,6,7,2,3,4,5,6,2,3,4,5,6,2,3,4,5,6,4,4,5,5,6
618,619,5,5,5,6,7,5,5,6,6,7,3,4,5,6,7,1,2,3,4,5,5,5,5,5,5
619,620,2,3,4,5,6,1,2,3,4,5,1,2,3,4,5,4,5,6,7,7,4,4,5,6,6
620,621,5,5,5,6,7,4,5,6,6,7,1,2,3,4,5,5,6,7,7,7,4,4,5,6,6
621,622,1,2,3,4,5,4,5,6,6,7,1,2,3,4,5,1,2,3,4,5,4,4,5,5,5
622,623,5,5,5,6,7,3,4,5,6,7,3,4,5,6,7,5,6,7,7,7,5,5,5,6,6
623,624,4,5,5,6,7,2,3,4,5,6,2,3,4,5,6,3,4,5,6,7,5,5,6,6,6
624,625,1,2,3,4,5,4,5,6,6,7,5,6,6,7,7,1,2,3,4,5,6,5,5,5,5
625,626,1,2,3,4,5,1,2,3,4,5,5,6,6,7,7,2,3,4,5,6,5,5,5,5,5
626,627,3,4,5,6,7,1,2,3,4,5,3,4,5,6,7,4,5,6,7,7,4,5,5,6,6
627,628,5,5,5,6,7,1,2,3,4,5,1,2,3,4,5,1,2,3,4,5,3,4,4,5,5
628,629,3,4,5,6,7,2,3,4,5,6,4,5,6,7,7,2,3,4,5,6,5,5,6,6,5
629,630,1,2,3,4,5,1,2,3,4,5,1,2,3,4,5,4,5,6,7,7,3,4,5,6,6
630,631,3,4,5,6,7,2,3,4,5,6,4,5,6,7,7,4,5,6,7,7,5,5,6,6,6
631,632,4,5,5,6,7,4,5,6,6,7,4,5,6,7,7,5,6,7,7,7,5,5,6,6,6
632,633,1,2,3,4,5,5,5,6,6,7,3,4,5,6,7,5,6,7,7,7,5,5,5,6,6
633,634,2,3,4,5,6,3,4,5,6,7,3,4,5,6,7,1,2,3,4,5,5,5,5,5,5
634,635,4,5,5,6,7,1,2,3,4,5,3,4,5,6,7,2,3,4,5,6,5,5,5,5,5
635,636,4,5,5,6,7,5,5,6,6,7,4,5,6,7,7,6,6,7,7,7,5,5,6,6,6
636,637,1,2,3,4,5,1,2,3,4,5,2,3,4,5,6,4,5,6,7,7,4,4,5,6,6
637,638,5,5,5,6,7,1,2,3,4,5,2,3,4,5,6,1,2,3,4,5,4,4,4,5,4
638,639,1,2,3,4,5,3,4,5,6,7,2,3,4,5,6,4,5,6,7,7,4,5,5,6,6
639,640,3,4,5,6,7,5,5,6,6,7,4,5,6,7,7,3,4,5,6,7,6,6,6,7,6
640,641,1,2,3,4,5,4,5,6,6,7,4,5,6,7,7,3,4,5,6,7,6,6,6,6,6
641,642,1,2,3,4,5,3,4,5,6,7,4,5,6,7,7,1,2,3,4,5,5,5,5,5,5
642,643,1,2,3,4,5,1,2,3,4,5,3,4,5,6,7,2,3,4,5,6,4,4,5,5,5
643,644,5,5,5,6,7,3,4,5,6,7,4,5,6,7,7,3,4,5,6,7,6,6,6,7,6
644,645,2,3,4,5,6,4,5,6,6,7,4,5,6,7,7,6,6,7,7,7,5,5,6,6,6
645,646,2,3,4,5,6,5,5,6,6,7,5,6,6,7,7,4,5,6,7,7,6,6,6,6,6
646,647,5,5,5,6,7,1,2,3,4,5,5,6,6,7,7,4,5,6,7,7,5,5,6,6,6
647,648,3,4,5,6,7,4,5,6,6,7,4,5,6,7,7,3,4,5,6,7,6,6,6,6,6
648,649,5,5,5,6,7,5,5,6,6,7,5,6,6,7,7,4,5,6,7,7,6,6,6,6,6
649,650,2,3,4,5,6,5,5,6,6,7,1,2,3,4,5,4,5,6,7,7,4,4,5,6,7
650,651,4,5,5,6,7,3,4,5,6,7,2,3,4,5,6,3,4,5,6,7,5,5,6,6,7
651,652,3,4,5,6,7,5,5,6,6,7,4,5,6,7,7,1,2,3,4,5,6,5,5,5,5
652,653,5,5,5,6,7,2,3,4,5,6,4,5,6,7,7,2,3,4,5,6,5,5,6,6,5
653,654,4,5,5,6,7,3,4,5,6,7,1,2,3,4,5,6,6,7,7,7,4,4,5,6,7
654,655,5,5,5,6,7,1,2,3,4,5,5,6,6,7,7,5,6,7,7,7,5,5,5,6,6
655,656,5,5,5,6,7,2,3,4,5,6,2,3,4,5,6,3,4,5,6,7,5,5,6,6,6
656,657,3,4,5,6,7,2,3,4,5,6,5,6,6,7,7,3,4,5,5,7,6,6,6,7,6
657,658,1,2,3,4,5,5,5,6,6,7,2,3,4,5,6,4,5,6,7,6,4,4,5,5,5
658,659,5,5,5,6,7,3,4,5,6,7,2,3,4,5,6,5,6,7,7,7,4,4,5,6,6
659,660,5,5,5,6,7,2,3,4,5,6,3,4,5,6,7,3,4,5,6,7,5,5,6,6,6
660,661,1,2,3,4,5,3,4,5,6,7,2,3,4,5,6,1,2,3,4,5,4,4,5,5,5
661,662,1,2,3,4,5,4,5,6,6,7,4,5,6,7,7,4,5,6,7,7,5,5,6,6,6
662,663,2,3,4,5,6,2,3,4,5,6,2,3,4,5,6,2,3,4,5,6,4,4,5,5,5
663,664,1,2,3,4,5,2,3,4,5,6,1,2,3,4,5,3,4,5,6,7,4,4,5,6,6
664,665,3,4,5,6,7,2,3,4,5,6,3,4,5,6,7,2,3,4,5,6,5,5,5,5,5
665,666,5,5,5,6,7,4,5,6,6,7,4,5,6,7,7,3,4,5,6,7,6,6,6,7,6
666,667,3,4,5,6,7,2,3,4,5,6,1,2,3,4,5,4,5,6,7,7,4,4,5,6,6
667,668,3,4,5,6,7,3,4,5,6,7,3,4,5,6,7,6,6,7,7,7,5,5,5,6,6
668,669,5,5,5,6,7,5,5,6,6,7,1,2,3,4,5,3,4,5,6,7,5,5,6,6,7
669,670,2,3,4,5,6,4,5,6,6,7,4,5,6,7,7,4,5,6,7,7,6,5,6,6,6
670,671,3,4,5,6,7,1,2,3,4,5,5,6,6,7,7,3,4,5,6,7,6,6,6,6,6
671,672,5,5,5,6,7,2,3,4,5,6,5,6,6,7,7,4,5,6,7,7,5,6,6,6,6
672,673,4,5,5,6,7,5,5,6,6,7,4,5,6,7,7,1,2,3,4,5,6,5,6,5,5
673,674,1,2,3,4,5,5,5,6,6,7,2,3,4,5,6,4,5,6,7,7,5,5,6,6,6
674,675,1,2,3,4,5,1,2,3,4,5,4,5,6,7,7,4,5,6,7,7,5,5,5,6,6
675,676,2,3,4,5,6,2,3,4,5,6,3,4,5,6,7,5,6,7,7,7,4,4,5,6,6
676,677,2,3,4,5,6,4,5,6,6,7,5,6,6,7,7,6,6,7,7,7,6,6,6,6,6
677,678,4,5,5,6,7,3,4,5,6,7,2,3,4,5,6,1,2,3,4,5,4,4,5,5,5
678,679,3,4,5,6,7,4,5,6,6,7,5,6,6,7,7,5,6,7,7,7,6,6,6,6,6
679,680,2,3,4,5,6,4,5,6,6,7,2,3,4,5,6,5,6,7,7,7,4,4,5,6,6
680,681,4,5,5,6,7,2,3,4,5,6,1,2,3,4,5,1,2,3,4,5,4,4,4,5,5
681,682,1,2,3,4,5,5,5,6,6,7,5,6,6,7,7,6,6,7,7,7,6,5,6,6,6
682,683,2,3,4,5,6,1,2,3,4,5,5,6,6,7,7,1,2,3,4,5,5,5,5,5,4
683,684,5,5,5,6,7,3,4,5,6,7,3,4,5,6,7,6,6,7,7,7,5,5,5,6,6
684,685,5,5,5,6,7,4,5,6,6,7,4,5,6,7,7,4,5,6,7,7,6,6,6,6,6
685,686,1,2,3,4,5,2,3,4,5,6,4,5,6,7,7,3,4,5,6,7,5,5,6,6,6
686,687,2,3,4,5,6,3,4,5,6,7,5,6,6,7,7,5,6,6,7,7,6,6,6,6,6
687,688,5,5,5,6,7,2,3,4,5,6,1,2,3,4,5,5,6,7,7,7,4,4,5,6,6
688,689,1,2,3,4,5,2,3,4,5,6,5,6,6,7,7,5,6,7,7,7,5,5,5,6,6
689,690,3,4,5,6,7,3,4,5,6,7,3,4,5,6,7,3,4,5,6,7,5,5,6,6,6
690,691,2,3,4,5,6,3,4,5,6,7,3,4,5,6,7,3,4,5,6,7,5,5,6,6,6
691,692,2,3,4,5,6,4,5,6,6,7,4,5,6,7,7,2,3,4,5,6,6,5,6,6,6
692,693,3,4,5,6,7,1,2,3,4,5,2,3,4,5,6,6,6,7,7,7,4,4,5,6,6
693,694,3,4,5,6,7,4,5,6,6,7,4,5,6,7,7,2,3,4,5,6,6,5,6,6,6
694,695,2,3,4,5,6,5,5,6,6,7,2,3,4,5,6,3,4,5,6,7,5,5,6,6,7
695,696,4,5,5,6,7,2,3,4,5,6,1,2,3,4,5,4,5,6,7,7,4,4,5,6,6
696,697,1,2,3,4,5,5,5,6,6,7,3,4,5,6,7,4,5,6,7,7,5,5,6,6,6
697,698,1,2,3,4,5,1,2,3,4,5,3,4,5,6,7,5,6,7,7,7,4,4,5,5,6
698,699,5,5,5,6,7,2,3,4,5,6,1,2,3,4,5,3,4,5,6,7,4,5,5,6,6
699,700,3,4,5,6,7,5,5,6,6,7,3,4,5,6,7,6,6,7,7,7,5,5,6,6,6
700,701,4,5,5,6,7,1,2,3,4,5,1,2,3,4,5,5,6,7,7,7,3,4,5,6,6
701,702,5,5,5,6,7,5,5,6,6,7,4,5,6,7,7,2,3,4,5,6,6,6,6,6,6
702,703,5,5,5,6,7,1,2,3,4,5,5,6,6,7,7,5,6,7,7,7,5,5,5,6,6
703,704,3,4,5,6,7,5,5,6,6,7,5,6,6,7,7,5,6,7,7,7,6,6,6,6,6
704,705,4,5,5,6,7,3,4,5,6,7,2,3,4,5,6,4,5,6,7,7,5,5,5,6,6
705,706,2,3,4,5,6,3,4,5,6,7,5,6,6,7,7,5,6,7,7,7,5,5,6,6,6
706,707,5,5,5,6,7,3,4,5,6,7,1,2,3,4,5,5,6,7,7,7,4,4,5,6,6
707,708,2,3,4,5,6,2,3,4,5,6,5,6,6,7,7,5,6,7,7,7,5,5,6,6,6
708,709,4,5,5,6,7,3,4,5,6,7,2,3,4,5,6,4,5,6,7,7,5,5,5,6,6
709,710,3,4,5,6,7,4,5,6,6,7,5,6,6,7,7,2,3,4,5,6,6,6,6,6,6
710,711,5,5,5,6,7,2,3,4,5,6,5,6,6,7,7,6,6,7,7,7,5,5,6,6,6
711,712,2,3,4,5,6,4,5,6,6,7,3,4,5,6,7,6,6,7,7,7,5,5,5,6,6
712,713,1,2,3,4,5,3,4,5,6,7,3,4,5,6,7,5,6,7,7,7,5,5,5,6,6
713,714,4,5,5,6,7,3,4,5,6,7,4,5,6,7,7,5,6,7,7,7,5,5,6,6,6
714,715,2,3,4,5,6,4,5,6,6,7,3,4,5,6,7,5,6,7,7,7,5,5,5,6,6
715,716,1,2,3,4,5,5,5,6,6,7,1,2,3,4,5,4,5,6,7,7,4,4,5,6,7
716,717,1,2,3,4,5,4,5,6,6,7,4,5,6,7,7,6,6,7,7,7,5,5,6,6,6
717,718,5,5,5,6,7,2,3,4,5,6,4,5,6,7,7,4,5,6,7,7,5,5,6,6,6
718,719,4,5,5,6,7,3,4,5,6,7,3,4,5,6,7,4,5,6,7,7,5,5,6,6,6
719,720,5,5,5,6,7,4,5,6,6,7,2,3,4,5,6,2,3,4,5,6,5,5,5,6,6
720,721,5,5,5,6,7,2,3,4,5,6,2,3,4,5,6,3,4,5,6,7,5,5,6,6,6
721,722,3,4,5,6,7,1,2,3,4,5,2,3,4,5,6,5,6,7,7,7,4,4,5,6,6
722,723,4,5,5,6,7,5,5,6,6,7,3,4,5,6,7,5,6,7,7,7,5,5,6,6,6
723,724,4,5,5,6,7,5,5,6,6,7,5,6,6,7,7,2,3,4,5,6,6,6,6,6,6
724,725,4,5,5,6,7,2,3,4,5,6,2,3,4,5,6,3,4,5,6,7,5,5,6,6,6
725,726,3,4,5,6,7,5,5,6,6,7,2,3,4,5,6,4,5,6,7,6,4,4,5,5,6
726,727,3,4,5,6,7,3,4,5,6,7,2,3,4,5,6,2,3,4,5,6,5,5,5,6,6
727,728,4,5,5,6,7,4,5,6,6,7,2,3,4,5,6,6,6,7,7,7,4,5,5,6,6
728,729,1,2,3,4,5,4,5,6,6,7,3,4,5,6,7,4,5,6,7,7,5,5,6,6,6
729,730,1,2,3,4,5,4,5,6,6,7,1,2,3,4,5,3,4,5,6,7,4,5,6,6,7
730,731,4,5,5,6,7,5,5,6,6,7,5,6,6,7,7,4,5,6,7,6,5,5,5,5,5
731,732,3,4,5,6,7,3,4,5,6,7,5,6,6,7,7,3,4,5,6,7,6,6,6,7,6
732,733,2,3,4,5,6,1,2,3,4,5,3,4,5,6,7,3,4,5,6,7,5,5,6,6,6
733,734,2,3,4,5,6,1,2,3,4,5,1,2,3,4,5,4,5,6,7,7,4,4,5,6,6
734,735,3,4,5,6,7,5,5,6,6,7,5,6,6,7,7,3,4,5,6,7,6,6,7,7,6
735,736,2,3,4,5,6,5,5,6,6,7,4,5,6,7,7,5,6,7,7,7,5,5,6,6,6
736,737,1,2,3,4,5,5,5,6,6,7,4,5,6,7,7,3,4,5,6,7,6,6,6,6,6
737,738,4,5,5,6,7,1,2,3,4,5,5,6,6,7,7,2,3,4,5,6,5,5,5,6,5
738,739,4,5,5,6,7,3,4,5,6,7,2,3,4,5,6,3,4,5,6,7,5,5,6,6,7
739,740,3,4,5,6,7,2,3,4,5,6,5,6,6,7,7,4,5,6,7,7,5,5,6,6,6
740,741,1,2,3,4,5,1,2,3,4,5,4,5,6,7,7,2,3,4,5,6,5,5,5,5,5
741,742,2,3,4,5,6,3,4,5,6,7,2,3,4,5,6,1,2,3,4,5,4,4,5,5,5
742,743,2,3,4,5,6,2,3,4,5,6,4,5,6,7,7,3,4,5,6,7,5,5,6,6,6
743,744,2,3,4,5,6,5,5,6,6,7,5,6,6,7,7,3,4,5,6,7,6,6,7,6,6
744,745,4,5,5,6,7,3,4,5,6,7,1,2,3,4,5,4,5,6,7,7,4,4,5,6,7
745,746,4,5,5,6,7,1,2,3,4,5,2,3,4,5,6,4,4,5,6,7,4,5,5,6,6
746,747,2,3,4,5,6,4,5,6,6,7,2,3,4,5,6,3,4,5,6,7,5,5,6,6,7
747,748,3,4,5,6,7,4,5,6,6,7,2,3,4,5,6,1,2,3,4,5,5,4,5,5,5
748,749,5,5,5,6,7,5,5,6,6,7,4,5,6,7,7,6,6,7,7,7,5,5,6,6,6
749,750,1,2,3,4,5,4,5,6,6,7,2,3,4,5,6,4,5,6,7,7,5,5,5,6,6
750,751,5,5,5,5,6,1,1,2,3,4,2,2,3,3,4,2,3,3,3,3,2,2,2,3,2
751,752,2,2,3,3,3,2,3,4,4,5,3,3,4,5,6,4,4,4,4,4,3,3,3,3,3
752,753,1,1,1,2,2,2,2,2,3,4,3,4,5,6,6,1,1,2,2,3,3,3,3,3,2
753,754,2,3,4,5,6,4,5,5,6,7,4,4,4,5,5,1,2,2,2,2,3,3,3,2,2
754,755,4,4,5,6,6,3,4,5,5,5,4,4,5,5,6,5,6,7,7,7,4,5,5,6,6
755,756,3,4,5,6,6,5,5,5,6,6,5,5,5,6,7,1,2,3,3,3,4,4,4,3,2
756,757,2,2,2,3,3,3,3,3,3,4,4,4,4,4,4,2,3,4,5,6,4,5,5,5,5
757,758,4,5,5,6,6,3,3,4,5,5,1,2,2,3,4,1,1,1,1,2,3,2,3,2,2
758,759,2,3,4,5,6,5,5,6,6,6,1,2,2,3,3,6,6,6,6,6,4,4,4,5,6
759,760,4,4,5,6,6,3,3,3,3,3,2,3,3,4,4,5,6,6,7,7,4,4,5,6,6
760,761,3,3,4,4,5,5,5,6,6,7,4,4,5,5,5,4,5,6,7,6,4,5,5,5,6
761,762,5,5,5,5,5,2,2,3,4,5,3,4,5,5,6,3,3,4,4,5,4,4,4,4,4
762,763,3,4,4,5,5,2,2,3,4,5,2,3,3,4,4,6,6,6,6,6,3,4,4,5,5
763,764,4,4,5,5,5,5,5,6,6,7,3,3,4,4,4,1,1,1,2,2,4,3,3,3,2
764,765,2,3,3,3,4,2,3,4,4,4,4,4,5,5,6,2,2,2,3,4,4,4,4,4,4
765,766,2,2,2,2,2,3,4,4,4,4,3,3,4,4,4,2,3,4,4,4,3,3,3,3,3
766,767,4,5,5,5,5,4,4,4,4,5,4,5,6,6,7,4,5,6,7,7,5,5,6,6,6
767,768,3,3,4,5,6,4,5,5,5,5,5,5,5,6,6,5,5,6,6,6,5,5,5,5,5
768,769,4,5,5,5,5,5,5,5,5,5,3,3,3,3,3,4,5,6,6,7,4,5,6,6,6
769,770,4,5,5,5,7,1,2,2,2,3,3,3,4,4,4,4,5,6,7,7,4,4,5,6,6
770,771,2,3,3,3,4,4,4,4,5,6,2,3,3,4,5,6,5,6,6,7,4,5,5,6,6
771,772,3,4,5,5,6,4,4,4,5,5,2,2,3,4,5,4,5,5,6,6,4,4,4,5,5
772,773,4,4,4,4,4,3,4,5,5,5,2,2,3,4,5,1,1,2,2,4,4,4,4,4,4
773,774,3,3,4,5,6,3,4,4,4,5,3,4,4,5,5,2,2,2,3,4,4,4,4,4,4
774,775,2,2,2,3,4,1,1,2,3,3,3,3,3,4,4,1,1,1,2,3,3,3,3,3,3
775,776,5,5,5,6,6,3,4,5,6,7,1,2,3,4,4,5,5,6,6,6,4,4,5,5,6
776,777,4,4,4,4,5,3,4,5,6,6,1,2,3,3,3,5,5,6,6,7,4,4,5,6,7
777,778,4,4,5,5,6,1,2,3,3,3,3,4,4,4,4,6,6,5,6,6,4,4,4,5,5
778,779,3,3,3,4,5,4,4,4,5,5,5,6,6,7,7,1,1,1,1,2,4,4,3,2,2
779,780,1,2,3,4,5,4,5,6,6,7,4,4,5,5,5,3,5,5,6,7,5,5,6,7,6
780,781,5,5,5,6,7,2,2,2,3,3,4,4,4,5,6,4,6,6,6,7,4,5,5,6,6
781,782,2,2,3,4,4,5,5,5,5,6,2,3,3,4,5,2,4,4,4,5,4,4,4,4,4
782,783,2,2,3,3,3,3,3,3,3,4,1,2,2,3,4,2,2,3,4,5,3,3,4,4,4
783,784,1,1,1,2,3,4,4,4,5,5,3,4,4,4,4,4,5,6,7,7,4,5,5,6,6
784,785,1,2,3,3,4,5,5,6,6,6,1,2,3,4,5,2,2,3,3,4,3,3,4,4,4
785,786,4,4,5,6,6,5,5,5,5,7,2,3,3,3,4,2,2,3,3,3,3,3,3,3,3
786,787,4,5,5,6,6,2,2,2,3,3,1,2,2,2,2,1,1,2,3,3,2,2,3,3,3
787,788,5,5,5,5,5,2,3,4,4,5,4,4,4,5,5,5,6,7,7,7,4,4,5,6,6
788,789,3,3,4,5,5,2,3,3,4,4,4,5,5,6,7,3,4,4,4,4,4,3,3,3,3
789,790,1,2,3,4,4,2,2,2,3,3,3,4,4,5,5,2,2,2,3,4,4,4,4,4,3
790,791,4,5,5,6,7,3,3,4,4,4,4,4,4,5,5,4,4,5,5,4,3,3,3,3,3
791,792,5,5,5,5,5,3,3,3,3,4,1,1,1,2,3,2,3,3,4,4,2,2,3,3,4
792,793,4,5,5,6,6,2,3,3,4,5,3,4,5,6,7,5,5,5,6,7,5,5,6,6,6
793,794,3,4,4,5,6,4,5,6,6,6,1,1,2,2,3,3,3,4,4,6,4,4,5,6,6
794,795,3,3,4,5,5,4,5,6,6,7,5,5,6,7,7,3,4,4,4,5,5,5,5,5,4
795,796,1,1,2,2,2,1,1,2,2,2,1,2,2,2,3,5,5,6,6,6,2,3,3,4,5
796,797,3,3,3,3,3,2,2,3,3,4,5,6,6,7,7,1,1,1,2,2,4,3,3,2,1
797,798,4,5,5,5,7,5,5,5,5,6,3,4,4,4,4,6,6,7,7,7,5,5,5,6,6
798,799,2,2,2,2,2,2,3,3,3,3,4,4,4,4,4,3,4,5,5,5,3,3,4,4,4
799,800,5,5,5,6,7,3,4,5,6,7,3,3,3,3,4,5,6,7,7,7,4,5,5,6,7
800,801,3,3,4,5,5,2,3,4,4,4,3,3,4,5,5,2,3,4,4,5,4,4,4,4,4
801,802,5,5,5,6,7,5,5,5,5,5,4,5,5,6,6,4,4,5,5,6,5,5,5,5,5
802,803,5,5,5,6,7,3,3,4,4,4,4,4,5,5,6,6,6,7,7,7,4,5,5,6,6
803,804,4,4,4,4,5,3,4,5,5,5,4,4,4,4,4,2,3,3,4,4,4,4,4,4,4
804,805,5,5,5,5,5,2,2,2,2,3,2,2,3,3,4,1,2,3,4,5,3,3,4,4,4
805,806,2,3,3,3,3,4,4,5,6,7,5,6,6,7,7,1,1,1,2,2,4,4,3,2,2
806,807,4,5,5,6,6,3,4,4,4,4,4,5,6,6,7,4,6,6,6,6,4,4,5,5,5
807,808,1,1,2,2,2,1,1,2,2,2,3,4,4,5,6,3,3,3,4,5,4,3,4,4,4
808,809,3,3,3,4,4,4,5,5,5,6,3,4,5,6,6,1,1,1,1,2,4,3,3,2,2
809,810,4,5,5,5,5,3,4,5,6,7,1,1,1,2,2,4,5,6,7,7,3,4,5,6,7
810,811,4,4,5,5,6,1,2,3,3,4,3,4,5,6,7,3,4,5,5,6,4,4,5,5,5
811,812,3,4,4,5,6,3,4,4,4,4,1,1,2,3,4,5,6,7,7,7,3,4,4,5,6
812,813,3,4,5,5,5,1,2,2,3,3,4,4,5,5,6,1,2,2,2,2,3,2,2,2,1
813,814,1,1,2,3,3,4,4,4,4,5,5,5,6,6,7,4,5,6,6,6,5,5,5,5,5
814,815,1,1,1,1,1,5,5,6,6,7,2,2,2,2,2,3,3,3,4,3,3,3,3,3,3
815,816,1,2,2,2,3,4,4,4,4,4,1,1,2,2,2,5,6,7,7,7,3,3,4,5,6
816,817,3,3,3,3,4,3,3,4,4,4,5,5,6,6,6,4,4,5,6,6,5,5,5,5,5
817,818,4,5,5,5,5,2,2,2,3,3,5,6,6,7,7,1,1,2,2,2,3,3,3,2,1
818,819,4,5,5,6,7,4,4,5,5,6,2,3,4,5,6,6,6,6,6,6,4,4,5,5,5
819,820,4,4,4,5,6,3,4,4,5,5,4,4,4,4,4,1,2,3,3,4,4,4,4,4,4
820,821,1,1,2,3,4,5,5,6,6,7,4,4,5,5,6,1,1,2,3,3,4,4,4,3,3
821,822,5,5,5,5,7,5,5,6,6,7,5,6,6,7,7,6,5,6,7,7,6,6,6,6,7
822,823,5,5,5,6,7,4,4,5,5,6,5,5,6,6,7,5,6,6,7,7,5,6,6,6,6
823,824,3,4,4,5,5,3,4,4,5,6,1,2,3,4,5,3,3,4,4,5,4,4,4,4,5
824,825,3,4,5,6,6,5,5,5,5,5,1,1,2,2,2,1,1,2,3,3,3,3,3,3,3
825,826,2,2,3,3,4,4,4,5,5,6,4,5,6,7,7,5,4,6,5,6,5,5,5,5,5
826,827,4,4,4,4,5,4,5,5,6,7,5,5,5,5,5,6,6,7,7,7,5,5,6,6,6
827,828,5,5,5,6,6,3,4,4,4,5,5,6,6,6,6,3,4,4,5,6,5,5,6,6,5
828,829,5,5,5,5,7,4,5,6,6,7,1,2,2,2,3,2,3,4,4,6,4,4,5,6,6
829,830,2,2,3,4,5,2,3,3,4,4,3,4,4,5,6,5,5,6,6,6,4,4,4,5,5
830,831,5,5,5,5,6,5,5,5,5,5,3,4,4,5,6,6,6,6,6,6,4,4,5,5,5
831,832,3,4,4,5,6,1,1,2,2,2,1,1,1,2,2,4,5,5,6,6,2,3,4,5,5
832,833,2,2,2,3,4,5,5,6,6,6,4,5,5,5,6,5,5,6,7,7,5,5,6,6,6
833,834,4,5,5,5,5,1,1,2,2,2,4,5,6,7,7,1,2,2,2,2,3,2,2,2,1
834,835,1,1,1,1,1,2,2,3,4,4,5,5,6,6,7,2,3,4,4,5,4,4,4,4,4
835,836,1,1,1,2,2,5,5,6,6,7,3,4,5,6,7,3,4,4,4,5,5,4,5,4,4
836,837,2,2,3,3,4,5,5,5,5,5,5,6,6,6,6,1,2,3,4,5,5,5,5,5,4
837,838,3,3,4,5,6,3,4,4,5,5,2,3,3,3,3,3,3,3,3,3,3,3,3,3,3
838,839,3,4,5,5,5,1,1,2,3,3,5,6,6,6,7,2,3,4,5,5,4,4,4,4,4
839,840,3,3,3,4,5,1,1,1,2,3,5,5,5,5,5,1,1,2,2,2,3,3,2,2,1
840,841,2,2,3,3,3,2,2,2,2,3,3,4,5,6,6,6,6,7,7,7,4,4,5,5,6
841,842,4,4,4,5,6,1,1,1,1,2,3,4,4,4,5,2,3,3,4,4,3,3,3,3,3
842,843,5,5,5,5,7,1,1,2,3,3,3,4,5,6,6,2,3,3,4,5,4,4,4,5,4
843,844,5,5,5,6,6,4,5,5,6,7,5,6,6,7,7,6,6,6,6,7,6,6,6,6,6
844,845,2,3,3,4,5,5,5,5,5,5,2,3,4,4,5,6,6,7,7,7,4,4,5,6,6
845,846,3,4,5,5,6,2,3,4,5,6,4,5,5,6,6,1,2,3,3,3,4,3,3,3,2
846,847,3,3,4,4,4,5,5,6,6,7,1,2,3,3,3,4,5,6,6,7,4,4,6,6,7
847,848,5,5,5,5,6,4,5,5,6,6,3,4,5,5,5,6,6,7,7,7,5,5,5,6,6
848,849,1,2,2,3,4,5,5,6,6,6,2,3,3,4,5,2,3,4,5,6,4,4,5,5,6
849,850,1,2,2,3,4,1,2,2,3,3,2,2,3,4,4,1,2,3,4,4,3,3,3,3,3
850,851,5,5,5,6,7,5,5,6,6,7,3,3,4,5,6,1,1,1,1,1,3,3,2,2,1
851,852,2,3,3,3,4,5,5,5,5,5,1,2,2,3,3,2,3,3,4,5,4,4,4,5,5
852,853,3,4,4,5,6,3,4,5,5,5,5,5,5,5,5,6,6,7,7,7,5,5,5,6,6
853,854,4,4,4,5,5,3,3,3,3,4,5,6,6,6,6,5,5,5,6,6,5,5,5,5,5
854,855,1,2,3,4,4,3,4,5,5,5,2,2,3,3,3,2,2,2,3,4,3,4,4,4,4
855,856,2,3,3,3,3,2,3,4,4,5,2,2,2,3,4,3,4,5,6,6,3,3,4,5,5
856,857,5,5,5,6,7,2,2,2,2,2,1,1,1,1,1,5,6,7,7,7,2,3,4,5,6
857,858,4,4,5,5,5,3,4,4,4,4,3,4,4,5,5,1,2,2,3,3,3,3,3,3,2
858,859,3,3,3,4,5,1,2,3,4,4,5,5,5,6,6,1,2,3,4,5,4,4,5,5,4
859,860,4,4,5,5,6,5,5,5,5,5,4,5,5,5,6,4,5,6,6,6,4,5,5,5,5
860,861,3,4,4,4,4,3,4,4,5,5,1,1,2,3,3,6,6,7,7,7,3,4,4,6,6
861,862,2,2,3,4,4,4,4,4,4,5,4,4,5,6,6,2,2,3,4,3,3,3,3,3,3
862,863,1,1,1,1,2,2,3,4,5,6,3,4,4,5,5,5,6,6,7,7,4,4,5,6,6
863,864,2,3,4,5,5,1,1,1,1,2,1,2,3,3,4,1,2,2,3,4,3,3,3,3,3
864,865,5,5,5,5,5,1,1,1,2,3,5,6,6,7,7,1,2,3,3,4,4,4,4,3,3
865,866,2,2,3,4,5,3,3,3,3,4,5,5,6,7,7,6,6,7,7,7,5,5,5,6,6
866,867,3,3,4,5,6,3,4,4,5,6,5,5,5,5,5,4,5,6,7,7,5,5,6,6,6
867,868,5,5,5,5,5,1,2,3,3,3,3,4,5,5,6,3,4,5,6,6,4,4,4,5,5
868,869,5,5,5,6,6,5,5,5,6,7,4,4,4,4,5,4,3,4,5,6,5,5,6,6,6
869,870,1,1,1,2,3,4,4,5,5,6,3,3,3,4,5,4,4,5,6,7,5,5,6,6,6
870,871,5,5,5,5,5,3,3,3,4,4,1,1,1,2,2,3,3,3,4,5,3,3,4,5,5
871,872,4,5,5,6,6,4,4,4,5,5,3,3,4,4,5,5,5,6,7,7,4,5,5,6,7
872,873,2,2,2,2,3,3,3,4,4,5,2,2,2,3,4,5,6,6,7,7,3,4,5,6,6
873,874,3,3,3,4,4,1,2,2,3,3,4,4,4,4,4,4,5,6,7,6,3,4,4,5,5
874,875,5,5,5,5,6,4,5,6,6,6,5,6,6,6,6,6,6,6,6,6,5,5,5,5,5
875,876,4,4,5,6,6,1,2,2,3,4,5,5,6,7,7,1,1,1,1,1,3,3,2,1,0
876,877,2,2,2,3,3,3,3,4,4,4,2,2,3,4,5,2,3,4,5,5,3,3,4,4,4
877,878,2,2,2,3,3,4,4,5,5,5,1,2,3,4,5,2,3,3,4,5,4,3,4,4,5
878,879,4,4,5,5,6,5,5,6,6,6,5,6,6,7,7,3,4,4,5,5,5,5,5,5,4
879,880,3,3,4,4,4,5,5,6,6,6,2,3,3,3,4,2,2,3,3,4,4,4,4,4,4
880,881,3,3,4,5,6,3,4,4,5,6,3,4,5,5,6,6,6,6,6,7,5,5,6,6,6
881,882,2,2,2,3,3,5,5,6,6,6,4,5,6,6,7,2,3,3,3,4,5,4,4,4,4
882,883,1,1,2,2,3,3,3,4,5,6,5,6,6,7,7,2,3,3,4,5,5,5,5,5,4
883,884,4,4,4,5,5,1,2,3,3,4,3,3,4,5,5,4,4,5,6,7,4,5,5,6,6
884,885,3,3,3,3,3,1,1,2,3,3,2,2,3,3,3,5,6,6,7,7,3,4,4,6,6
885,886,1,2,3,4,5,3,4,5,6,6,5,5,5,6,7,6,6,7,7,7,5,5,5,6,6
886,887,2,2,2,2,3,5,5,6,6,7,1,1,2,3,3,3,3,4,3,6,4,4,5,6,6
887,888,2,3,3,3,4,4,4,5,5,6,5,6,6,6,6,2,3,4,5,5,5,5,5,5,4
888,889,2,2,3,4,5,3,4,4,4,5,5,5,6,7,7,4,4,4,4,5,5,5,5,5,4
889,890,2,3,4,4,4,1,1,1,2,3,2,3,4,5,5,5,5,6,6,6,3,3,4,4,5
890,891,3,3,3,3,3,3,3,3,3,3,5,6,6,7,7,4,5,5,6,6,5,5,5,5,5
891,892,3,3,4,4,4,5,5,5,5,5,5,6,6,6,7,3,5,5,5,5,5,4,4,4,4
892,893,1,1,2,2,3,4,4,5,6,6,4,5,6,7,7,2,3,3,4,4,4,4,4,4,3
893,894,5,5,5,6,6,3,4,5,5,5,3,3,4,5,5,2,3,4,5,6,5,5,5,5,6
894,895,5,5,5,6,6,3,4,4,4,5,1,1,2,2,2,5,6,6,6,6,3,3,4,5,6
895,896,5,5,5,6,6,2,3,4,4,5,1,1,1,1,1,2,2,2,2,3,2,3,3,3,3
896,897,4,4,4,5,5,1,1,1,2,2,3,3,4,4,4,5,5,6,7,7,4,4,5,6,6
897,898,4,5,5,6,6,5,5,6,6,7,5,6,6,7,7,4,5,6,6,7,6,6,6,6,6
898,899,5,5,5,6,7,2,2,2,3,4,2,3,3,3,4,6,6,7,7,7,3,4,5,6,6
899,900,5,5,5,5,5,4,5,5,5,6,4,5,5,5,5,6,6,7,7,7,5,5,5,6,6
900,901,2,3,4,4,5,4,5,5,6,7,3,4,4,4,5,1,2,3,3,4,4,4,4,4,4
901,902,3,4,5,6,7,5,5,5,5,5,1,1,1,1,1,1,3,3,4,4,3,3,3,4,4
902,903,4,5,5,5,5,4,5,5,6,7,4,4,4,5,5,1,1,1,1,1,3,3,2,2,1
903,904,3,3,4,4,5,2,2,3,4,5,2,2,3,3,3,5,6,7,7,7,3,4,5,6,6
904,905,1,2,3,3,3,3,3,3,4,5,1,1,1,2,2,2,2,2,2,2,2,2,2,2,2
905,906,1,1,1,1,2,5,5,6,6,7,3,4,5,5,5,5,5,5,6,6,5,5,5,5,6
906,907,4,4,4,4,5,3,3,3,4,4,2,3,4,5,6,5,6,7,7,7,4,4,5,5,6
907,908,1,1,1,1,2,2,2,2,3,3,3,4,4,5,5,4,5,6,7,7,4,4,5,5,6
908,909,3,3,3,4,5,5,5,6,6,7,5,6,6,6,6,3,4,5,5,6,6,5,6,6,5
909,910,3,4,5,6,7,2,3,4,5,5,3,3,3,3,4,6,6,7,7,7,4,4,5,6,6
910,911,1,2,3,4,4,1,1,2,2,3,5,5,5,5,6,5,6,7,7,7,4,4,5,5,6
911,912,5,5,5,6,6,3,4,5,5,5,5,5,6,7,7,5,6,6,7,7,5,5,6,6,6
912,913,1,2,2,2,3,3,4,4,5,5,2,2,3,4,4,5,5,6,7,7,4,4,5,6,6
913,914,5,5,5,6,7,2,2,3,4,4,5,5,6,6,7,2,3,3,4,4,4,4,4,4,3
914,915,3,3,3,3,3,1,1,1,1,1,5,5,5,6,6,5,4,5,6,6,4,4,4,5,5
915,916,3,3,4,5,6,1,2,3,4,5,1,2,3,3,3,2,2,3,4,5,3,4,4,5,5
916,917,2,2,3,3,3,2,2,2,3,4,5,6,6,7,7,2,2,4,4,5,5,4,5,4,4
917,918,5,5,5,5,5,1,2,2,2,2,2,3,3,4,5,2,3,3,4,4,3,3,3,3,3
918,919,1,1,1,2,2,4,4,5,6,7,3,3,4,4,4,1,1,2,3,3,3,3,4,3,3
919,920,4,4,4,4,4,4,5,5,6,6,4,4,4,4,4,1,1,2,2,3,4,4,4,3,3
920,921,5,5,5,5,5,3,4,4,5,6,4,4,5,6,6,1,1,2,2,3,4,4,4,3,3
921,922,4,4,5,6,6,2,2,3,4,4,2,3,4,4,4,3,3,3,3,3,3,3,3,3,3
922,923,5,5,5,5,6,3,3,3,3,4,2,3,4,5,6,2,3,3,4,4,3,3,3,3,3
923,924,3,3,4,4,4,1,2,3,3,4,2,3,3,3,4,5,6,6,6,7,4,4,5,6,6
924,925,2,2,2,3,3,2,2,3,4,4,5,6,6,6,7,5,6,6,7,7,5,5,5,6,6
925,926,3,3,3,3,3,1,2,3,4,4,1,2,2,2,2,4,6,6,6,7,3,4,5,6,6
926,927,1,1,1,1,1,1,2,2,3,3,5,5,6,7,7,1,1,1,1,2,3,3,2,2,1
927,928,4,4,4,4,4,4,4,4,4,4,2,3,4,4,5,1,2,3,3,4,3,3,4,3,3
928,929,2,3,4,5,5,5,5,6,6,7,3,4,4,5,6,6,6,6,6,6,4,4,5,5,6
929,930,3,4,4,4,4,1,2,3,3,4,3,4,5,5,5,4,4,5,6,6,4,4,4,5,5
930,931,2,3,3,3,3,4,5,5,5,5,1,1,1,1,1,1,3,3,4,5,3,3,4,5,5
931,932,3,3,4,5,5,3,4,4,4,4,2,2,3,4,4,4,4,4,5,6,4,4,5,5,5
932,933,4,5,5,5,6,1,2,2,3,3,3,4,4,5,6,1,2,2,3,4,4,3,4,4,3
933,934,4,5,5,6,7,5,5,5,5,5,4,5,5,5,5,4,5,6,6,7,5,5,6,6,6
934,935,5,5,5,5,5,2,3,3,4,5,4,5,5,5,5,4,4,5,6,7,5,5,6,6,6
935,936,3,4,4,5,6,4,5,6,6,7,3,4,4,4,5,6,6,7,7,7,5,5,5,6,7
936,937,5,5,5,5,6,3,3,4,5,5,4,4,5,5,5,3,3,4,4,4,4,4,4,4,4
937,938,4,4,5,5,5,2,2,3,3,4,5,5,6,7,7,3,4,5,5,6,5,5,5,5,5
938,939,5,5,5,5,7,3,3,4,5,5,5,6,6,7,7,3,3,4,4,5,5,5,5,5,4
939,940,5,5,5,6,6,3,4,4,4,5,5,5,5,6,6,4,5,5,5,5,4,4,4,4,4
940,941,2,3,3,3,3,2,3,4,5,6,4,4,5,5,5,1,2,2,2,3,4,3,4,3,3
941,942,3,3,3,4,5,3,4,5,6,7,4,5,6,7,7,1,1,1,2,2,4,4,3,3,2
942,943,2,3,4,4,4,1,2,2,3,3,2,2,3,3,4,3,4,4,4,5,3,3,4,4,4
943,944,3,3,3,4,5,4,5,6,6,7,5,6,6,6,6,3,3,4,5,6,6,6,6,6,6
944,945,4,5,5,6,7,5,5,6,6,7,5,5,5,6,6,5,6,6,6,6,5,5,5,5,5
945,946,5,5,5,6,7,5,5,6,6,6,4,4,4,5,5,4,5,5,6,6,5,5,5,6,6
946,947,1,2,3,4,4,5,5,5,5,6,2,3,3,3,3,3,3,4,4,5,4,4,5,5,5
947,948,2,2,2,2,3,1,1,1,2,2,2,2,2,3,4,2,2,3,4,5,3,3,4,4,4
948,949,3,4,4,4,5,5,5,5,5,5,2,3,4,5,5,2,2,3,3,4,4,4,4,4,4
949,950,2,2,3,3,4,4,4,4,4,4,5,6,6,7,7,1,1,1,2,2,4,3,3,2,1
950,951,4,5,5,6,6,2,3,3,3,4,3,4,4,5,6,3,3,4,5,5,4,4,4,4,4
951,952,5,5,5,5,5,3,3,4,4,4,1,2,2,2,3,3,4,5,6,6,3,3,4,5,5
952,953,3,4,4,4,5,2,3,3,4,5,4,4,4,4,4,2,3,4,5,6,4,5,5,6,5
953,954,1,1,2,3,3,3,4,5,5,6,2,3,4,5,6,6,6,7,7,7,4,4,5,5,6
954,955,2,3,3,4,5,5,5,6,6,6,3,3,3,3,4,4,5,5,6,7,5,5,6,6,7
955,956,3,4,5,5,5,1,1,1,2,3,1,1,2,3,3,2,2,3,4,5,3,3,4,4,4
956,957,2,2,2,3,4,5,5,5,5,5,1,1,1,2,2,4,6,6,6,6,3,3,4,5,5
957,958,1,2,3,4,5,3,4,4,5,5,2,3,4,5,5,2,2,2,3,3,3,3,3,3,3
958,959,2,2,2,2,3,4,5,5,5,5,5,6,6,7,7,5,6,7,7,7,5,5,5,5,6
959,960,5,5,5,6,6,3,3,3,3,3,4,5,5,5,6,3,4,4,4,5,4,4,4,4,4
960,961,3,4,5,6,6,3,4,5,6,7,1,2,3,4,4,6,6,6,6,6,4,4,4,5,6
961,962,4,5,5,5,5,1,1,2,3,3,5,5,6,6,6,1,3,3,4,4,4,4,4,4,3
962,963,5,5,5,5,5,1,1,2,3,3,5,6,6,6,6,1,1,1,1,1,3,3,2,1,1
963,964,5,5,5,6,7,3,4,4,5,6,2,3,3,4,4,5,5,5,5,6,4,4,5,6,6
964,965,3,3,3,3,3,2,3,4,5,5,5,6,6,7,7,4,5,5,5,6,5,5,5,5,5
965,966,4,4,4,5,5,2,2,2,2,3,4,4,4,4,4,3,3,4,5,6,4,5,5,5,5
966,967,2,3,3,3,3,4,5,6,6,6,4,4,4,5,6,3,2,3,3,4,4,4,4,4,4
967,968,4,5,5,5,5,3,4,5,6,7,1,1,1,1,1,1,2,3,3,3,2,2,3,3,3
968,969,4,4,4,5,5,1,1,1,1,2,1,1,2,3,3,1,3,3,4,4,2,2,3,3,3
969,970,1,2,2,2,3,1,2,2,2,3,5,5,5,5,6,1,2,2,3,4,4,4,4,4,3
970,971,2,2,3,4,5,5,5,6,6,7,2,2,2,3,3,5,6,6,6,7,4,5,6,6,7
971,972,5,5,5,5,7,2,3,3,4,5,4,4,5,6,6,1,2,2,3,3,4,3,3,3,2
972,973,1,1,1,1,2,2,3,3,3,3,4,4,4,4,5,1,2,3,3,4,3,3,3,3,3
973,974,1,1,2,2,3,2,3,3,3,3,3,3,4,4,4,4,4,5,5,5,3,3,3,4,4
974,975,5,5,5,6,6,4,4,5,5,5,3,3,3,3,4,1,3,3,4,5,4,4,5,5,5
975,976,5,5,5,6,6,1,2,3,4,5,3,4,4,5,5,5,4,5,6,6,4,4,5,5,6
976,977,4,5,5,6,6,3,3,4,4,5,1,1,2,3,4,6,6,7,7,7,3,4,5,6,6
977,978,5,5,5,5,5,1,2,3,4,4,1,2,3,4,4,2,3,3,4,4,3,3,3,3,4
978,979,4,5,5,5,7,2,3,3,4,5,5,5,5,5,5,6,6,6,6,6,4,5,5,5,5
979,980,2,3,4,5,5,5,5,5,5,5,5,6,6,6,6,1,1,2,3,4,5,5,5,4,4
980,981,5,5,5,5,5,1,1,2,3,3,4,5,5,5,6,4,4,5,6,7,5,5,5,6,6
981,982,3,4,4,5,5,1,2,3,3,3,3,3,4,5,6,6,6,7,7,7,4,4,4,5,6
982,983,3,3,4,4,5,3,3,4,4,5,1,2,3,3,4,1,1,2,2,2,2,2,2,2,2
983,984,2,3,3,3,4,4,4,5,5,6,4,4,5,6,6,3,3,4,4,4,4,4,4,4,4
984,985,1,1,1,2,3,1,1,2,3,3,3,3,3,4,4,2,3,3,3,4,3,3,3,3,3
985,986,5,5,5,6,6,2,3,4,5,5,5,6,6,6,6,4,5,6,7,7,5,5,6,6,6
986,987,3,3,4,5,5,3,4,5,5,5,3,4,4,4,4,2,2,3,3,4,4,4,4,4,4
987,988,2,2,3,4,4,5,5,5,5,5,3,4,5,6,6,3,3,3,3,4,4,4,4,4,4
988,989,3,4,5,5,6,3,3,3,4,4,5,6,6,7,7,1,1,2,3,3,4,4,3,3,2
989,990,5,5,5,6,7,5,5,6,6,7,3,4,4,5,5,4,5,5,5,5,4,4,5,5,5
990,991,5,5,5,5,5,4,4,5,5,6,4,5,5,6,7,5,6,6,6,7,5,5,6,6,6
991,992,2,3,4,5,5,4,5,6,6,6,3,3,3,3,3,1,1,2,3,4,4,4,4,4,4
992,993,3,3,3,4,5,4,4,4,4,5,3,4,4,4,4,6,6,6,6,6,4,4,5,5,5
993,994,1,1,2,2,2,4,5,6,6,6,3,4,4,5,6,1,2,3,4,5,4,4,5,4,4
994,995,4,4,5,5,6,4,5,6,6,7,3,3,4,5,5,4,4,4,5,6,5,5,5,6,6
995,996,2,3,4,5,5,1,2,3,3,3,5,6,6,6,6,6,6,6,7,7,5,5,5,6,6
996,997,5,5,5,5,7,2,2,3,4,5,1,1,2,2,3,5,5,5,6,7,4,4,5,6,7
997,998,1,1,1,2,3,4,4,4,5,5,4,4,4,5,5,4,5,5,5,5,4,4,4,4,4
998,999,1,1,2,2,3,1,1,2,2,2,5,6,6,7,7,3,3,3,4,5,4,4,4,4,4
999,1000,2,2,2,2,3,2,2,3,4,4,1,2,2,2,3,1,1,2,2,2,2,2,2,2,2
