,Student,M1,T1,W1,TH1,F1,M2,T2,W2,TH2,F2,M3,T3,W3,TH3,F3,M4,T4,W4,TH4,F4
0,1,4,5,5,6,7,1,2,3,4,5,3,4,5,6,7,7,7,6,5,5
1,2,1,2,3,4,5,5,5,6,6,7,3,4,5,6,7,7,7,7,6,6
2,3,3,4,5,6,7,2,3,4,5,6,5,6,6,7,7,7,6,6,5,5
3,4,1,2,3,4,5,1,2,3,4,5,1,2,3,4,5,5,5,4,4,4
4,5,2,3,4,5,6,5,5,6,6,7,4,6,6,7,7,7,6,6,6,6
5,6,5,5,5,6,7,3,4,5,6,7,1,2,3,4,5,5,5,5,5,5
6,7,5,5,5,6,7,5,5,6,6,7,2,3,4,5,6,6,6,6,6,6
7,8,3,4,5,6,7,5,5,6,6,7,4,5,6,7,7,7,7,6,6,6
8,9,5,5,5,6,7,3,4,5,6,7,5,6,6,7,7,7,6,6,6,5
9,10,5,5,5,6,7,5,5,6,6,7,5,6,6,7,7,7,7,6,6,6
10,11,1,2,3,4,5,1,2,3,4,5,5,6,6,7,7,7,6,5,5,5
11,12,1,2,3,4,5,3,4,5,6,7,5,6,6,7,7,7,6,6,6,5
12,13,1,2,3,4,5,3,4,5,6,7,2,3,4,5,6,6,6,5,5,5
13,14,4,5,5,6,7,5,5,6,6,7,2,3,4,5,6,6,6,6,6,6
14,15,5,5,5,6,7,3,4,5,6,7,5,6,6,7,7,7,6,6,6,5
15,16,4,5,5,6,7,1,2,3,4,5,3,4,5,6,7,7,7,6,5,5
16,17,2,3,4,5,6,4,5,6,6,7,4,5,6,7,7,7,7,6,6,6
17,18,1,2,3,4,5,5,5,6,6,7,2,3,4,5,6,6,6,6,6,6
18,19,4,5,5,6,7,2,3,4,5,6,3,4,5,6,7,7,7,6,6,5
19,20,1,2,3,4,5,4,5,6,6,7,3,4,5,6,7,7,7,6,6,6
20,21,5,5,5,6,7,4,5,6,6,7,3,4,5,6,7,7,7,6,6,6
21,22,2,3,4,5,6,5,5,6,6,7,3,4,5,6,7,7,7,7,6,6
22,23,1,2,3,4,5,1,2,3,4,5,5,6,6,7,7,7,6,5,5,5
23,24,1,2,3,4,5,4,5,6,6,7,2,3,4,5,6,6,6,6,6,6
24,25,2,3,4,5,6,2,3,4,5,6,4,5,6,7,7,7,6,6,5,5
25,26,3,4,5,6,7,2,3,4,5,6,5,6,6,7,7,7,6,6,5,5
26,27,2,3,4,5,6,2,3,4,5,6,4,5,6,7,7,7,6,6,5,5
27,28,5,5,5,6,7,2,3,4,5,6,1,2,3,4,5,5,5,4,4,4
28,29,5,5,5,6,7,4,5,6,6,7,5,6,6,7,7,7,7,6,6,6
29,30,4,5,5,6,7,1,2,3,4,5,2,3,4,5,6,6,6,5,5,4
30,31,1,2,3,4,5,1,2,3,4,5,4,5,6,7,7,7,6,6,5,5
31,32,2,3,4,5,6,2,3,4,5,6,5,6,6,7,7,7,6,6,5,5
32,33,4,5,5,6,7,1,2,3,4,5,3,4,5,6,7,7,7,6,5,5
33,34,4,5,5,6,7,2,3,4,5,6,4,5,6,7,7,7,6,6,5,5
34,35,5,5,5,6,7,2,3,4,5,6,1,2,3,4,5,5,5,4,4,4
35,36,4,5,5,6,7,3,4,5,6,7,3,4,5,6,7,7,7,6,6,6
36,37,2,3,4,5,6,4,5,6,6,7,5,5,6,7,7,7,7,6,6,6
37,38,4,5,5,6,7,4,5,6,6,7,3,4,5,6,7,7,7,6,6,6
38,39,5,5,5,6,7,5,5,6,6,7,4,5,6,7,7,7,7,6,6,6
39,40,4,5,5,6,7,4,5,6,6,7,3,4,5,6,7,7,7,6,6,6
40,41,5,5,5,6,7,1,2,3,4,5,2,3,4,5,6,6,6,5,5,4
41,42,1,2,3,4,5,4,5,6,6,7,1,2,3,4,5,5,5,5,5,5
42,43,1,2,3,4,5,2,3,4,5,6,2,3,4,5,6,6,6,5,5,5
43,44,1,2,3,4,5,3,4,5,6,7,4,5,6,7,7,7,6,6,6,6
44,45,3,4,5,6,7,1,2,3,4,5,2,3,4,5,6,6,6,5,5,4
45,46,5,5,5,6,7,3,4,5,6,7,5,6,6,7,7,7,6,6,6,5
46,47,1,2,3,4,5,4,5,6,6,7,1,2,3,4,5,5,5,5,5,5
47,48,1,2,3,4,5,5,5,6,6,7,1,2,3,4,5,5,5,5,5,5
48,49,4,5,5,6,7,5,5,6,6,7,3,4,5,6,7,7,7,7,6,6
49,50,5,5,5,6,7,5,5,6,6,7,3,4,5,6,7,7,7,7,6,6
50,51,5,5,5,6,7,1,2,3,4,5,3,4,5,6,7,7,7,6,5,5
51,52,1,2,3,4,5,2,3,4,5,6,4,5,6,7,7,7,6,6,5,5
52,53,4,5,5,6,7,4,5,6,6,7,5,6,6,7,7,7,7,6,6,6
53,54,1,2,3,4,5,2,3,4,5,6,3,4,5,6,7,7,6,6,6,5
54,55,5,5,5,6,7,3,4,5,6,7,2,3,4,5,6,6,6,5,5,5
55,56,5,5,5,6,7,4,5,6,6,7,5,6,6,7,7,7,7,6,6,6
56,57,4,5,5,6,7,1,2,3,4,5,4,5,6,7,7,7,6,6,5,5
57,58,1,2,3,4,5,1,2,3,4,5,4,5,6,7,7,7,6,6,5,5
58,59,1,2,3,4,5,3,4,5,6,7,2,3,4,5,6,6,6,5,5,5
59,60,3,4,5,6,7,4,5,6,6,7,1,2,3,4,5,5,5,5,5,5
60,61,3,4,5,6,7,1,2,3,4,5,4,5,6,7,7,7,6,6,5,5
61,62,3,4,5,6,7,5,5,6,6,7,1,2,3,4,5,5,5,5,5,5
62,63,3,4,5,6,7,2,3,4,5,6,3,4,5,6,7,7,7,6,6,5
63,64,4,5,5,6,7,5,5,6,6,7,5,6,6,7,7,7,7,6,6,6
64,65,4,5,5,6,7,4,5,6,6,7,5,6,6,7,7,7,7,6,6,6
65,66,4,5,5,6,7,3,4,5,6,7,1,2,3,4,5,5,5,5,5,5
66,67,5,5,5,6,7,1,2,3,4,5,2,3,4,5,6,6,6,5,5,4
67,68,5,5,5,6,7,1,2,3,4,5,2,3,4,5,6,6,6,5,5,4
68,69,1,2,3,4,5,4,5,6,6,7,3,4,5,6,7,7,7,6,6,6
69,70,5,5,5,6,7,1,2,3,4,5,4,5,6,7,7,7,6,6,5,5
70,71,2,3,4,5,6,3,4,5,6,7,1,2,3,4,5,5,5,5,5,5
71,72,2,3,4,5,6,3,4,5,6,7,1,2,3,4,5,5,5,5,5,5
72,73,5,5,5,6,7,2,3,4,5,6,4,5,6,7,7,7,6,6,5,5
73,74,4,5,5,6,7,5,5,6,6,7,1,2,3,4,5,5,5,5,5,5
74,75,4,5,5,6,7,2,3,4,5,6,1,2,3,4,5,5,5,4,4,4
75,76,1,2,3,4,5,3,4,5,6,7,5,6,6,7,7,7,6,6,6,5
76,77,5,5,5,6,7,5,5,6,6,7,2,3,4,5,6,6,6,6,6,6
77,78,3,4,5,6,7,1,2,3,4,5,3,4,5,6,7,7,7,6,5,5
78,79,2,3,4,5,6,4,5,6,6,7,4,5,6,7,7,7,7,6,6,6
79,80,5,5,5,6,7,3,4,5,6,7,5,6,6,7,7,7,6,6,6,5
80,81,5,5,5,6,7,2,3,4,5,6,4,5,6,7,7,7,6,6,5,5
81,82,3,4,5,6,7,3,4,5,6,7,3,4,5,6,7,7,7,6,6,6
82,83,3,4,5,6,7,5,5,6,6,7,1,2,3,4,5,5,5,5,5,5
83,84,5,5,5,6,7,4,5,6,6,7,2,3,4,5,6,6,6,6,6,6
84,85,2,3,4,5,6,5,5,6,6,7,4,5,6,7,7,7,7,6,6,6
85,86,3,4,5,6,7,5,5,6,6,7,1,2,3,4,5,5,5,5,5,5
86,87,2,3,4,5,6,3,4,5,6,7,2,3,4,5,6,6,6,5,5,5
87,88,3,4,5,6,7,1,2,3,4,5,5,6,6,7,7,7,6,5,5,5
88,89,3,4,5,6,7,1,2,3,4,5,5,6,6,7,7,7,6,5,5,5
89,90,4,5,5,6,7,2,3,4,5,6,4,5,6,7,7,7,6,6,5,5
90,91,5,5,5,6,7,4,5,6,6,7,5,5,6,7,7,7,7,6,6,6
91,92,2,3,4,5,6,1,2,3,4,5,5,6,6,7,7,7,6,5,5,5
92,93,4,5,5,6,7,2,3,4,5,6,4,5,6,7,7,7,6,6,5,5
93,94,4,5,5,6,7,1,2,3,4,5,4,5,6,7,7,7,6,6,5,5
94,95,5,5,5,6,7,2,3,4,5,6,2,3,4,5,6,6,6,5,5,5
95,96,4,5,5,6,7,1,2,3,4,5,5,6,6,7,7,7,6,5,5,5
96,97,3,4,5,6,7,5,5,6,6,7,1,2,3,4,5,5,5,5,5,5
97,98,3,4,5,6,7,1,2,3,4,5,4,5,6,7,7,7,6,6,5,5
98,99,1,2,3,4,5,2,3,4,5,6,4,5,6,7,7,7,6,6,5,5
99,100,5,5,5,6,7,1,2,3,4,5,4,5,6,6,7,7,6,5,5,5
100,101,5,5,5,6,7,2,3,4,5,6,1,2,3,4,5,5,5,4,4,4
101,102,4,5,5,6,7,5,5,6,6,7,5,6,6,7,7,7,7,6,6,6
102,103,2,3,4,5,6,1,2,3,4,5,3,4,5,6,7,7,7,6,5,5
103,104,4,5,5,6,7,3,4,5,6,7,5,6,6,7,7,7,6,6,6,5
104,105,3,4,5,6,7,4,5,6,6,7,4,5,6,6,7,7,6,6,6,6
105,106,4,5,5,6,7,5,5,6,6,7,2,3,4,5,6,6,6,6,6,6
106,107,4,5,5,6,7,5,5,6,6,7,5,6,6,7,7,7,7,6,6,6
107,108,4,5,5,6,7,1,2,3,4,5,1,2,3,4,5,5,5,4,4,4
108,109,2,3,4,5,6,4,5,6,6,7,1,2,3,4,5,5,5,5,5,5
109,110,1,2,3,4,5,2,3,4,5,6,5,6,6,7,7,7,6,6,5,5
110,111,3,4,5,6,7,3,4,5,6,7,5,6,6,7,7,7,6,6,6,5
111,112,1,2,3,4,5,4,5,6,6,7,4,5,6,7,7,7,6,6,6,6
112,113,4,5,5,6,7,2,3,4,5,6,2,3,4,5,6,6,6,5,5,5
113,114,2,3,4,5,6,5,5,6,6,7,4,5,6,7,7,7,7,6,6,6
114,115,5,5,5,6,7,5,5,6,6,7,1,2,3,4,5,5,5,5,5,5
115,116,3,4,5,6,7,4,5,6,6,7,4,5,6,7,7,7,7,6,6,6
116,117,1,2,3,4,5,1,2,3,4,5,3,4,5,6,7,7,6,6,5,5
117,118,1,2,3,4,5,4,5,6,6,7,4,5,6,7,7,7,6,6,6,6
118,119,4,5,5,6,7,3,4,5,6,7,2,3,4,5,6,6,6,5,5,5
119,120,1,2,3,4,5,4,5,6,6,7,2,3,4,5,6,6,6,6,6,6
120,121,5,5,5,6,7,5,5,6,6,7,5,6,6,7,7,7,7,6,6,6
121,122,1,2,3,4,5,5,5,6,6,7,1,2,3,4,5,5,5,5,5,5
122,123,2,3,4,5,6,2,3,4,5,6,3,4,5,6,7,7,7,6,6,5
123,124,5,5,5,6,7,2,3,4,5,6,1,2,3,4,5,5,5,4,4,4
124,125,5,5,5,6,7,3,4,5,6,7,1,2,3,4,5,5,5,5,5,5
125,126,3,4,5,6,7,1,2,3,4,5,1,2,3,4,5,5,5,4,4,4
126,127,5,5,5,6,7,5,5,6,6,7,4,5,6,7,7,7,7,6,6,6
127,128,2,3,4,5,6,3,4,5,6,7,3,4,5,6,7,7,7,6,6,6
128,129,4,5,5,6,7,5,5,6,6,7,1,2,3,4,5,5,5,5,5,5
129,130,3,4,5,6,7,2,3,4,5,6,2,3,4,5,6,6,6,5,5,5
130,131,3,4,5,6,7,3,4,5,6,7,4,5,6,7,7,7,7,6,6,6
131,132,1,2,3,4,5,5,5,6,6,7,2,3,4,5,6,6,6,6,6,6
132,133,2,3,4,5,6,2,3,4,5,6,3,4,5,6,7,7,7,6,6,5
133,134,2,3,4,5,6,4,5,6,6,7,1,2,3,4,5,5,5,5,5,5
134,135,3,4,5,6,7,5,5,6,6,7,1,2,3,4,5,5,5,5,5,5
135,136,1,2,3,4,5,1,2,3,4,5,1,2,3,4,5,5,5,4,4,4
136,137,1,2,3,4,5,4,5,6,6,7,2,3,4,5,6,6,6,6,6,6
137,138,5,5,5,6,7,4,5,6,6,7,1,2,3,4,5,5,5,5,5,5
138,139,1,2,3,4,5,2,3,4,5,6,3,4,5,6,7,7,6,6,6,5
139,140,5,5,5,6,7,4,5,6,6,7,5,5,6,7,7,7,7,6,6,6
140,141,5,5,5,6,7,5,5,6,6,7,2,3,4,5,6,6,6,6,6,6
141,142,2,3,4,5,6,1,2,3,4,5,1,2,3,4,5,5,5,4,4,4
142,143,4,5,5,6,7,5,5,6,6,7,2,3,4,5,6,6,6,6,6,6
143,144,2,3,4,5,6,4,5,6,6,7,2,3,4,5,6,6,6,6,6,6
144,145,5,5,5,6,7,4,5,6,6,7,5,6,6,7,7,7,7,6,6,6
145,146,3,4,5,6,7,5,5,6,6,7,1,2,3,4,5,5,5,5,5,5
146,147,1,2,3,4,5,5,5,6,6,7,4,5,6,7,7,7,7,6,6,6
147,148,4,5,5,6,7,1,2,3,4,5,3,4,5,6,7,7,7,6,5,5
148,149,3,4,5,6,7,4,5,6,6,7,5,5,6,7,7,7,7,6,6,6
149,150,4,5,5,6,7,5,5,6,6,7,2,3,4,5,6,6,6,6,6,6
150,151,2,3,4,5,6,3,4,5,6,7,5,6,6,7,7,7,6,6,6,5
151,152,1,2,3,4,5,5,5,6,6,7,4,5,6,7,7,7,7,6,6,6
152,153,4,5,5,6,7,1,2,3,4,5,4,5,6,7,7,7,6,6,5,5
153,154,5,5,5,6,7,4,5,6,6,7,5,6,6,7,7,7,7,6,6,6
154,155,5,5,5,6,7,2,3,4,5,6,2,3,4,5,6,6,6,5,5,5
155,156,1,2,3,4,5,1,2,3,4,5,4,5,6,7,7,7,6,6,5,5
156,157,1,2,3,4,5,2,3,4,5,6,2,3,4,5,6,6,6,5,5,5
157,158,1,2,3,4,5,2,3,4,5,6,4,5,6,7,7,7,6,6,5,5
158,159,1,2,3,4,5,2,3,4,5,6,2,3,4,5,6,6,6,5,5,5
159,160,4,5,5,6,7,4,5,6,6,7,5,6,6,7,7,7,7,6,6,6
160,161,5,5,5,6,7,3,4,5,6,7,5,6,6,7,7,7,6,6,6,5
161,162,5,5,5,6,7,5,5,6,6,7,2,3,4,5,6,6,6,6,6,6
162,163,1,2,3,4,5,5,5,6,6,7,4,5,6,7,7,7,7,6,6,6
163,164,2,3,4,5,6,2,3,4,5,6,1,2,3,4,5,5,5,5,4,4
164,165,2,3,4,5,6,1,2,3,4,5,5,6,6,7,7,7,6,5,5,5
165,166,4,5,5,6,7,2,3,4,5,6,3,4,5,6,7,7,7,6,6,5
166,167,1,2,3,4,5,4,5,6,6,7,2,3,4,5,6,6,6,6,6,6
167,168,5,5,5,6,7,4,5,6,6,7,5,6,6,7,7,7,7,6,6,6
168,169,1,2,3,4,5,1,2,3,4,5,3,4,5,6,7,7,6,6,5,5
169,170,2,3,4,5,6,5,5,6,6,7,2,3,4,5,6,6,6,6,6,6
170,171,1,2,3,4,5,2,3,4,5,6,1,2,3,4,5,5,5,4,4,4
171,172,3,4,5,6,7,1,2,3,4,5,1,2,3,4,5,5,5,4,4,4
172,173,4,5,5,6,7,2,3,4,5,6,1,2,3,4,5,5,5,4,4,4
173,174,1,2,3,4,5,3,4,5,6,7,5,6,6,7,7,7,6,6,6,5
174,175,5,5,5,6,7,3,4,5,6,7,5,6,6,7,7,7,6,6,6,5
175,176,3,4,5,6,7,2,3,4,5,6,1,2,3,4,5,5,5,5,4,4
176,177,4,5,5,6,7,1,2,3,4,5,2,3,4,5,6,6,6,5,5,4
177,178,4,5,5,6,7,2,3,4,5,6,2,3,4,5,6,6,6,5,5,5
178,179,2,3,4,5,6,4,5,6,6,7,3,4,5,6,7,7,7,6,6,6
179,180,5,5,5,6,7,2,3,4,5,6,4,5,6,7,7,7,6,6,5,5
180,181,5,5,5,6,7,5,5,6,6,7,2,3,4,5,6,6,6,6,6,6
181,182,1,2,3,4,5,3,4,5,6,7,4,5,6,7,7,7,6,6,6,6
182,183,5,5,5,6,7,1,2,3,4,5,5,5,6,7,7,7,7,6,5,5
183,184,5,5,5,6,7,1,2,3,4,5,2,3,4,5,6,6,6,5,5,4
184,185,4,5,5,6,7,1,2,3,4,5,2,3,4,5,6,6,6,5,5,4
185,186,4,5,5,6,7,4,5,6,6,7,5,6,6,7,7,7,7,6,6,6
186,187,1,2,3,4,5,5,5,6,6,7,5,6,6,7,7,7,7,6,6,6
187,188,3,4,5,6,7,3,4,5,6,7,1,2,3,4,5,5,5,5,5,5
188,189,5,5,5,6,7,4,5,6,6,7,1,2,3,4,5,5,5,5,5,5
189,190,3,4,5,6,7,1,2,3,4,5,5,6,6,7,7,7,6,5,5,5
190,191,1,2,3,4,5,1,2,3,4,5,4,5,6,7,7,7,6,6,5,5
191,192,4,5,5,6,7,2,3,4,5,6,4,5,6,7,7,7,6,6,5,5
192,193,3,4,5,6,7,1,2,3,4,5,3,4,5,6,7,7,7,6,5,5
193,194,3,4,5,6,7,5,5,6,6,7,2,3,4,5,6,6,6,6,6,6
194,195,2,3,4,5,6,1,2,3,4,5,2,3,4,5,6,6,6,5,5,4
195,196,5,5,5,6,7,5,5,6,6,7,1,2,3,4,5,5,5,5,5,5
196,197,2,3,4,5,6,4,5,6,6,7,5,5,6,7,7,7,7,6,6,6
197,198,5,5,5,6,7,4,5,6,6,7,4,5,6,7,7,7,7,6,6,6
198,199,4,5,5,6,7,1,2,3,4,5,5,6,6,7,7,7,6,5,5,5
199,200,1,2,3,4,5,1,2,3,4,5,3,4,5,6,7,7,6,6,5,5
200,201,2,3,4,5,6,3,4,5,6,7,2,3,4,5,6,6,6,5,5,5
201,202,5,5,5,6,7,3,4,5,6,7,5,6,6,7,7,7,6,6,6,5
202,203,4,5,5,6,7,4,5,6,6,7,1,2,3,4,5,5,5,5,5,5
203,204,5,5,5,6,7,4,5,6,6,7,3,4,5,6,7,7,7,6,6,6
204,205,4,5,5,6,7,4,5,6,6,7,4,5,6,7,7,7,7,6,6,6
205,206,1,2,3,4,5,2,3,4,5,6,4,6,6,7,7,7,6,6,5,5
206,207,4,5,5,6,7,1,2,3,4,5,1,2,3,4,5,5,5,4,4,4
207,208,3,4,5,6,7,3,4,5,6,7,2,3,4,5,6,6,6,5,5,5
208,209,4,5,5,6,7,5,5,6,6,7,4,5,6,7,7,7,7,6,6,6
209,210,1,2,3,4,5,2,3,4,5,6,1,2,3,4,5,5,5,4,4,4
210,211,5,5,5,6,7,2,3,4,5,6,3,4,5,6,7,7,7,6,6,5
211,212,3,4,5,6,7,2,3,4,5,6,3,4,5,6,7,7,7,6,6,5
212,213,1,2,3,4,5,2,3,4,5,6,4,5,6,7,7,7,6,6,5,5
213,214,2,3,4,5,6,2,3,4,5,6,5,6,6,7,7,7,6,6,5,5
214,215,5,5,5,6,7,5,5,6,6,7,5,6,6,7,7,7,7,6,6,6
215,216,3,4,5,6,7,4,5,6,6,7,1,2,3,4,5,5,5,5,5,5
216,217,2,3,4,5,6,3,4,5,6,7,1,2,3,4,5,5,5,5,5,5
217,218,4,5,5,6,7,2,3,4,5,6,2,3,4,5,6,6,6,5,5,5
218,219,5,5,5,6,7,1,2,3,4,5,4,5,6,7,7,7,6,6,5,5
219,220,5,5,5,6,7,3,4,5,6,7,4,5,6,7,7,7,6,6,6,5
220,221,3,4,5,6,7,3,4,5,6,7,3,4,5,6,7,7,7,6,6,6
221,222,1,2,3,4,5,5,5,6,6,7,4,5,6,7,7,7,7,6,6,6
222,223,2,3,4,5,6,2,3,4,5,6,4,5,6,7,7,7,6,6,5,5
223,224,5,5,5,6,7,1,2,3,4,5,2,3,4,5,6,6,6,5,5,4
224,225,4,5,5,6,7,4,5,6,6,7,1,2,3,4,5,5,5,5,5,5
225,226,3,4,5,6,7,2,3,4,5,6,2,3,4,5,6,6,6,5,5,5
226,227,2,3,4,5,6,5,5,6,6,7,2,3,4,5,6,6,6,6,6,6
227,228,1,2,3,4,5,2,3,4,5,6,1,2,3,4,5,5,5,4,4,4
228,229,2,3,4,5,6,5,5,6,6,7,4,5,6,7,7,7,7,6,6,6
229,230,5,5,5,6,7,2,3,4,5,6,3,4,5,6,7,7,7,6,6,5
230,231,3,4,5,6,7,3,4,5,6,7,2,3,4,5,6,6,6,5,5,5
231,232,4,5,5,6,7,2,3,4,5,6,2,3,4,5,6,6,6,5,5,5
232,233,1,2,3,4,5,1,2,3,4,5,2,3,4,5,6,6,6,5,5,4
233,234,4,5,5,6,7,1,2,3,4,5,4,5,6,7,7,7,6,6,5,5
234,235,3,4,5,6,7,1,2,3,4,5,4,5,6,7,7,7,6,6,5,5
235,236,3,4,5,6,7,5,5,6,6,7,1,2,3,4,5,5,5,5,5,5
236,237,4,5,5,6,7,2,3,4,5,6,4,5,6,7,7,7,6,6,5,5
237,238,4,5,5,6,7,3,4,5,6,7,5,6,6,7,7,7,6,6,6,5
238,239,3,4,5,6,7,1,2,3,4,5,2,3,4,5,6,6,6,5,5,4
239,240,4,5,5,6,7,1,2,3,4,5,5,6,6,7,7,7,6,5,5,5
240,241,3,4,5,6,7,2,3,4,5,6,4,5,6,7,7,7,6,6,5,5
241,242,1,2,3,4,5,1,2,3,4,5,5,5,6,7,7,7,6,6,5,5
242,243,5,5,5,6,7,4,5,6,6,7,5,6,6,7,7,7,7,6,6,6
243,244,2,3,4,5,6,2,3,4,5,6,5,6,6,7,7,7,6,6,5,5
244,245,5,5,5,6,7,3,4,5,6,7,3,4,5,6,7,7,7,6,6,6
245,246,5,5,5,6,7,2,3,4,5,6,5,6,6,7,7,7,6,6,5,5
246,247,5,5,5,6,7,1,2,3,4,5,1,2,3,4,4,4,4,3,3,3
247,248,3,4,5,6,7,1,2,3,4,5,4,5,6,6,7,7,6,5,5,5
248,249,2,3,4,5,6,3,4,5,6,7,3,4,5,6,7,7,7,6,6,6
249,250,2,3,4,5,6,3,4,5,6,7,2,3,4,5,6,6,6,5,5,5
250,251,3,4,5,6,7,2,3,4,5,6,2,3,4,5,6,6,6,5,5,5
251,252,2,3,4,5,6,3,4,5,6,7,2,3,4,5,6,6,6,5,5,5
252,253,1,2,3,4,5,4,5,6,6,7,5,6,6,7,7,7,6,6,6,6
253,254,3,4,5,6,7,2,3,4,5,6,2,3,4,5,6,6,6,5,5,5
254,255,4,5,5,6,7,4,5,6,6,7,4,5,6,6,6,6,5,5,5,5
255,256,1,2,3,4,5,3,4,5,6,7,1,2,3,4,5,5,5,5,5,5
256,257,5,5,5,6,7,1,2,3,4,5,5,6,6,7,6,6,5,4,4,4
257,258,4,5,5,6,7,2,3,4,5,6,4,5,6,7,7,7,6,6,5,5
258,259,4,5,5,6,7,1,2,3,4,5,4,5,6,7,7,7,6,6,5,5
259,260,2,3,4,5,6,5,5,6,6,7,3,4,5,6,7,7,7,7,6,6
260,261,2,3,4,5,6,1,2,3,4,5,1,2,3,4,5,5,5,4,4,4
261,262,3,4,5,6,7,1,2,3,4,5,2,3,4,5,6,6,6,5,5,4
262,263,3,4,5,6,7,1,2,3,4,5,5,6,6,7,7,7,6,5,5,5
263,264,3,4,5,6,7,1,2,3,4,5,2,3,4,5,6,6,6,5,5,4
264,265,5,5,5,6,7,2,3,4,5,6,4,5,6,7,7,7,6,6,5,5
265,266,4,5,5,6,7,1,2,3,4,5,5,6,6,7,7,7,6,5,5,5
266,267,5,5,5,6,7,4,5,6,6,7,1,2,3,4,5,5,5,5,5,5
267,268,1,2,3,4,5,5,5,6,6,7,5,6,6,7,7,7,7,6,6,6
268,269,2,3,4,5,6,5,5,6,6,7,4,5,6,7,7,7,7,6,6,6
269,270,1,2,3,4,5,1,2,3,4,5,2,3,4,5,6,6,6,5,5,4
270,271,4,5,5,6,7,1,2,3,4,5,4,5,6,7,7,7,6,6,5,5
271,272,5,5,5,6,7,1,2,3,4,5,4,5,6,7,7,7,6,6,5,5
272,273,5,5,5,6,7,2,3,4,5,6,1,2,3,4,5,5,5,4,4,4
273,274,2,3,4,5,6,2,3,4,5,6,4,5,6,7,7,7,6,6,5,5
274,275,5,5,5,6,7,4,5,6,6,7,4,5,6,7,7,7,7,6,6,6
275,276,2,3,4,5,6,3,4,5,6,7,1,2,3,4,5,5,5,5,5,5
276,277,3,4,5,6,7,2,3,4,5,6,3,4,5,6,7,7,7,6,6,5
277,278,2,3,4,5,6,4,5,6,6,7,2,3,4,5,6,6,6,6,6,6
278,279,2,3,4,5,6,4,5,6,6,7,2,3,4,5,6,6,6,6,6,6
279,280,5,5,5,6,7,4,5,6,6,7,3,4,5,6,7,7,7,6,6,6
280,281,2,3,4,5,6,3,4,5,6,7,3,4,5,6,7,7,7,6,6,6
281,282,5,5,5,6,7,2,3,4,5,6,5,6,6,7,7,7,6,6,5,5
282,283,1,2,3,4,5,1,2,3,4,5,1,2,3,4,5,5,5,4,4,4
283,284,1,2,3,4,5,2,3,4,5,6,4,5,6,7,7,7,6,6,5,5
284,285,4,5,5,6,7,3,4,5,6,7,4,5,6,7,7,7,6,6,6,5
285,286,1,2,3,4,5,5,5,6,6,7,2,3,4,5,6,6,6,6,6,6
286,287,2,3,4,5,6,5,5,6,6,7,2,3,4,5,6,6,6,6,6,6
287,288,3,4,5,6,7,1,2,3,4,5,2,3,4,5,6,6,6,5,5,4
288,289,4,5,5,6,7,5,5,6,6,7,1,2,3,4,5,5,5,5,5,5
289,290,5,5,5,6,7,1,2,3,4,5,3,4,5,6,7,7,7,6,5,5
290,291,1,2,3,4,5,4,5,6,6,7,2,3,4,5,6,6,6,6,6,6
291,292,5,5,5,6,7,1,2,3,4,5,3,4,5,6,7,7,7,6,5,5
292,293,2,3,4,5,6,2,3,4,5,6,4,5,6,7,7,7,6,6,5,5
293,294,1,2,3,4,5,2,3,4,5,6,4,5,6,7,7,7,6,6,5,5
294,295,1,2,3,4,5,1,2,3,4,5,1,2,3,4,5,5,5,4,4,4
295,296,2,3,4,5,6,5,5,6,6,7,2,3,4,5,6,6,6,6,6,6
296,297,3,4,5,6,7,5,5,6,6,7,3,4,5,6,7,7,7,7,6,6
297,298,5,5,5,6,7,3,4,5,6,7,1,2,3,4,5,5,5,5,5,5
298,299,2,3,4,5,6,2,3,4,5,6,2,3,4,5,6,6,6,5,5,5
299,300,1,2,3,4,5,2,3,4,5,6,5,5,6,7,7,7,6,6,6,5
300,301,4,5,5,6,7,2,3,4,5,6,2,3,4,5,6,6,6,5,5,5
301,302,1,2,3,4,5,5,5,6,6,7,3,4,5,6,7,7,7,7,6,6
302,303,4,5,5,6,7,2,3,4,5,6,3,4,5,6,7,7,7,6,6,5
303,304,3,4,5,6,7,1,2,3,4,5,3,4,5,6,7,7,7,6,5,5
304,305,5,5,5,6,7,1,2,3,4,5,4,5,6,7,7,7,6,6,5,5
305,306,3,4,5,6,7,1,2,3,4,5,4,5,6,7,7,7,6,6,5,5
306,307,3,4,5,6,7,1,2,3,4,5,4,5,6,6,7,7,6,5,5,5
307,308,1,2,3,4,5,3,4,5,6,7,2,3,4,5,6,6,6,5,5,5
308,309,1,2,3,4,5,1,2,3,4,5,5,6,6,7,7,7,6,5,5,5
309,310,3,4,5,6,7,4,5,6,6,7,3,4,5,6,7,7,7,6,6,6
310,311,4,5,5,6,7,5,5,6,6,7,5,6,6,7,7,7,7,6,6,6
311,312,2,3,4,5,6,2,3,4,5,6,1,2,3,4,5,5,5,5,4,4
312,313,2,3,4,5,6,1,2,3,4,5,4,5,6,7,7,7,6,6,5,5
313,314,1,2,3,4,5,4,5,6,6,7,1,2,3,4,5,5,5,5,5,5
314,315,5,5,5,6,7,1,2,3,4,5,5,5,6,7,7,7,7,6,5,5
315,316,1,2,3,4,5,1,2,3,4,5,3,4,5,6,7,7,6,6,5,5
316,317,1,2,3,4,5,3,4,5,6,7,3,4,5,6,7,7,6,6,6,6
317,318,1,2,3,4,5,5,5,6,6,7,3,4,5,6,6,6,6,6,6,6
318,319,3,4,5,6,7,1,2,3,4,5,4,5,6,7,7,7,6,6,5,5
319,320,3,4,5,6,7,3,4,5,6,7,5,6,6,7,7,7,6,6,6,5
320,321,5,5,5,6,7,5,5,6,6,7,1,2,3,4,5,5,5,5,5,5
321,322,5,5,5,6,7,1,2,3,4,5,4,5,6,7,7,7,6,6,5,5
322,323,5,5,5,6,7,1,2,3,4,5,2,3,4,5,6,6,6,5,5,4
323,324,2,3,4,5,6,5,5,6,6,7,3,4,5,6,7,7,7,7,6,6
324,325,5,5,5,6,7,4,5,6,6,7,3,4,5,5,7,7,6,6,6,6
325,326,4,5,5,6,7,4,5,6,6,7,1,2,3,4,5,5,5,5,5,5
326,327,3,4,5,6,7,5,5,6,6,7,5,6,6,7,7,7,7,6,6,6
327,328,2,3,4,5,6,1,2,3,4,5,3,4,5,6,7,7,7,6,5,5
328,329,5,5,5,6,7,1,2,3,4,5,2,3,4,5,6,6,6,5,5,4
329,330,5,5,5,6,7,3,4,5,6,7,2,3,4,5,6,6,6,5,5,5
330,331,3,4,5,6,7,5,5,6,6,7,5,6,6,7,7,7,7,6,6,6
331,332,2,3,4,5,6,3,4,5,6,7,5,5,6,7,7,7,7,6,6,6
332,333,3,4,5,6,7,3,4,5,6,7,2,3,4,5,6,6,6,5,5,5
333,334,2,3,4,5,6,4,5,6,6,7,1,2,3,4,5,5,5,5,5,5
334,335,2,3,4,5,6,4,5,6,6,7,3,4,5,6,7,7,7,6,6,6
335,336,2,3,4,5,6,4,5,6,6,7,4,5,6,7,7,7,7,6,6,6
336,337,5,5,5,6,7,3,4,5,6,7,3,4,5,6,6,6,6,5,5,5
337,338,3,4,5,6,7,2,3,4,5,6,4,5,6,7,7,7,6,6,5,5
338,339,5,5,5,6,7,5,5,6,6,7,4,5,6,7,7,7,7,6,6,6
339,340,5,5,5,6,7,1,2,3,4,5,3,4,5,6,7,7,7,6,5,5
340,341,4,5,5,6,7,3,4,5,6,7,1,2,3,4,5,5,5,5,5,5
341,342,5,5,5,6,7,2,3,4,5,6,3,4,5,6,7,7,7,6,6,5
342,343,3,4,5,6,7,1,2,3,4,5,5,6,6,7,7,7,6,5,5,5
343,344,1,2,3,4,5,4,5,6,6,7,1,2,3,4,5,5,5,5,5,5
344,345,5,5,5,6,7,3,4,5,6,7,1,2,3,4,5,5,5,5,5,5
345,346,1,2,3,4,5,4,5,6,6,7,1,2,3,4,5,5,5,5,5,5
346,347,3,4,5,6,7,5,5,6,6,7,3,4,5,6,7,7,7,7,6,6
347,348,4,5,5,6,7,5,5,6,6,7,5,6,6,7,7,7,7,6,6,6
348,349,1,2,3,4,5,1,2,3,4,5,4,5,6,7,7,7,6,6,5,5
349,350,5,5,5,6,7,4,5,6,6,7,5,6,6,7,7,7,7,6,6,6
350,351,5,5,5,6,7,4,5,6,6,7,5,6,6,7,7,7,7,6,6,6
351,352,4,5,5,6,7,3,4,5,6,7,2,3,4,5,6,6,6,5,5,5
352,353,2,3,4,5,6,3,4,5,6,7,4,5,6,7,7,7,6,6,6,6
353,354,3,4,5,6,7,5,5,6,6,7,3,4,5,6,7,7,7,7,6,6
354,355,5,5,5,6,7,2,3,4,5,6,5,6,6,7,7,7,6,6,5,5
355,356,3,4,5,6,7,3,4,5,6,7,4,5,6,7,7,7,7,6,6,6
356,357,1,2,3,4,5,2,3,4,5,6,3,4,5,6,7,7,6,6,6,5
357,358,3,4,5,6,7,2,3,4,5,6,1,2,3,4,5,5,5,5,4,4
358,359,4,5,5,6,7,2,3,4,5,6,1,2,3,4,5,5,5,4,4,4
359,360,5,5,5,6,7,1,2,3,4,5,1,2,3,4,5,5,5,4,4,4
360,361,5,5,5,6,7,5,5,6,6,7,4,5,6,7,7,7,7,6,6,6
361,362,1,2,3,4,5,3,4,5,6,7,3,4,5,6,7,7,6,6,6,6
362,363,2,3,4,5,6,3,4,5,6,7,4,5,6,7,7,7,6,6,6,6
363,364,5,5,5,6,7,3,4,5,6,7,1,2,3,4,5,5,5,5,5,5
364,365,3,4,5,6,7,3,4,5,6,7,3,4,5,6,7,7,7,6,6,6
365,366,1,2,3,4,5,1,2,3,4,5,4,5,6,7,7,7,6,6,5,5
366,367,1,2,3,4,5,3,4,5,6,7,4,5,6,7,7,7,6,6,6,6
367,368,1,2,3,4,5,3,4,5,6,7,3,4,5,6,7,7,6,6,6,6
368,369,4,5,5,6,7,1,2,3,4,5,5,6,6,7,7,7,6,5,5,5
369,370,1,2,3,4,5,4,5,6,6,7,5,6,6,7,7,7,6,6,6,6
370,371,1,2,3,4,5,5,5,6,6,7,5,6,6,7,7,7,7,6,6,6
371,372,1,2,3,4,5,3,4,5,6,7,1,2,3,4,5,5,5,5,5,5
372,373,4,5,5,6,7,3,4,5,6,7,2,3,4,5,6,6,6,5,5,5
373,374,3,4,5,6,7,1,2,3,4,5,1,2,3,4,5,5,5,4,4,4
374,375,1,2,3,4,5,5,5,6,6,7,5,6,6,7,7,7,7,6,6,6
375,376,3,4,5,6,7,3,4,5,6,7,5,6,6,7,7,7,6,6,6,5
376,377,4,5,5,6,7,3,4,5,6,7,2,3,4,5,6,6,6,5,5,5
377,378,3,4,5,6,7,5,5,6,6,7,1,2,3,4,5,5,5,5,5,5
378,379,2,3,4,5,6,5,5,6,6,7,4,5,6,6,7,7,6,6,6,6
379,380,4,5,5,6,7,2,3,4,5,6,2,3,4,5,6,6,6,5,5,5
380,381,5,5,5,6,7,2,3,4,5,6,3,4,5,6,6,6,6,5,5,5
381,382,5,5,5,6,7,3,4,5,6,7,2,3,4,5,6,6,6,5,5,5
382,383,5,5,5,6,7,2,3,4,5,6,4,5,6,7,7,7,6,6,5,5
383,384,5,5,5,6,7,3,4,5,6,7,3,4,5,6,7,7,7,6,6,6
384,385,4,5,5,6,7,1,2,3,4,5,5,6,6,7,7,7,6,5,5,5
385,386,3,4,5,6,7,1,2,3,4,5,2,3,4,5,6,6,6,5,5,4
386,387,3,4,5,6,7,3,4,5,6,7,3,4,5,6,7,7,7,6,6,6
387,388,2,3,4,5,6,5,5,6,6,7,5,6,6,7,7,7,7,6,6,6
388,389,3,4,5,6,7,5,5,6,6,7,5,6,6,7,7,7,7,6,6,6
389,390,4,5,5,6,7,4,5,6,6,7,4,5,6,7,7,7,7,6,6,6
390,391,4,5,5,6,7,4,5,6,6,7,1,2,3,4,5,5,5,5,5,5
391,392,2,3,4,5,6,4,5,6,6,7,1,2,3,4,5,5,5,5,5,5
392,393,2,3,4,5,6,5,5,6,6,7,3,4,5,6,7,7,7,7,6,6
393,394,3,4,5,6,7,2,3,4,5,6,5,6,6,7,7,7,6,6,5,5
394,395,5,5,5,6,7,2,3,4,5,6,2,3,4,5,6,6,6,5,5,5
395,396,5,5,5,6,7,2,3,4,5,6,3,4,5,6,7,7,7,6,6,5
396,397,4,5,5,6,7,3,4,5,6,7,4,5,6,7,7,7,6,6,6,5
397,398,5,5,5,6,7,3,4,5,6,7,3,4,5,6,7,7,7,6,6,6
398,399,5,5,5,6,7,1,2,3,4,5,4,5,6,7,7,7,6,6,5,5
399,400,1,2,3,4,5,3,4,5,6,7,2,3,4,5,6,6,6,5,5,5
400,401,3,4,5,6,7,3,4,5,6,7,5,6,6,7,7,7,6,6,6,5
401,402,1,2,3,4,5,2,3,4,5,6,2,3,4,5,6,6,6,5,5,5
402,403,4,5,5,6,7,2,3,4,5,6,2,3,4,5,6,6,6,5,5,5
403,404,3,4,5,6,7,1,2,3,4,5,2,3,4,5,6,6,6,5,5,4
404,405,3,4,5,6,7,5,5,6,6,7,3,4,5,6,7,7,7,7,6,6
405,406,4,5,5,6,7,3,4,5,6,7,3,4,5,6,7,7,7,6,6,6
406,407,3,4,5,6,7,4,5,6,6,7,4,5,6,7,7,7,7,6,6,6
407,408,3,4,5,6,7,3,4,5,6,7,3,4,5,6,7,7,7,6,6,6
408,409,4,5,5,6,7,1,2,3,4,5,3,4,5,6,7,7,7,6,5,5
409,410,4,5,5,6,7,4,5,6,6,7,3,4,5,6,7,7,7,6,6,6
410,411,2,3,4,5,6,1,2,3,4,5,3,4,5,6,7,7,7,6,5,5
411,412,2,3,4,5,6,5,5,6,6,7,3,4,5,6,7,7,7,7,6,6
412,413,3,4,5,6,7,4,5,6,6,7,1,2,3,4,5,5,5,5,5,5
413,414,3,4,5,6,7,5,5,6,6,7,5,6,6,7,7,7,7,6,6,6
414,415,4,5,5,6,7,5,5,6,6,7,3,4,5,6,7,7,7,7,6,6
415,416,3,4,5,6,7,2,3,4,5,6,4,5,6,7,7,7,6,6,5,5
416,417,1,2,3,4,5,4,5,6,6,7,1,2,3,4,5,5,5,5,5,5
417,418,1,2,3,4,5,3,4,5,6,7,1,2,3,4,5,5,5,5,5,5
418,419,4,5,5,6,7,2,3,4,5,6,3,4,5,6,7,7,7,6,6,5
419,420,5,5,5,6,7,5,5,6,6,7,3,4,5,6,7,7,7,7,6,6
420,421,4,5,5,6,7,5,5,6,6,7,2,3,4,5,6,6,6,6,6,6
421,422,5,5,5,6,7,2,3,4,5,6,3,4,5,6,7,7,7,6,6,5
422,423,2,3,4,5,6,1,2,3,4,5,2,3,4,5,6,6,6,5,5,4
423,424,2,3,4,5,6,3,4,5,6,7,5,6,6,7,7,7,6,6,6,5
424,425,5,5,5,6,7,2,3,4,5,6,3,4,5,6,7,7,7,6,6,5
425,426,1,2,3,4,5,1,2,3,4,5,5,6,6,7,7,7,6,5,5,5
426,427,1,2,3,4,5,5,5,6,6,7,2,3,4,5,6,6,6,6,6,6
427,428,5,5,5,6,7,5,5,6,6,7,5,6,6,7,7,7,7,6,6,6
428,429,3,4,5,6,7,4,5,6,6,7,4,5,6,7,7,7,7,6,6,6
429,430,4,5,5,6,7,4,5,6,6,7,3,4,5,6,7,7,7,6,6,6
430,431,5,5,5,6,7,4,5,6,6,7,2,3,4,5,6,6,6,6,6,6
431,432,4,5,5,6,7,2,3,4,5,6,2,3,4,5,6,6,6,5,5,5
432,433,5,5,5,6,7,5,5,6,6,7,4,5,6,7,7,7,7,6,6,6
433,434,4,5,5,6,7,1,2,3,4,5,3,4,5,6,7,7,7,6,5,5
434,435,3,4,5,6,7,2,3,4,5,6,5,6,6,7,7,7,6,6,5,5
435,436,4,5,5,6,7,1,2,3,4,5,4,5,6,7,7,7,6,6,5,5
436,437,4,5,5,6,7,5,5,6,6,7,5,6,6,7,7,7,7,6,6,6
437,438,1,2,3,4,5,1,2,3,4,5,4,5,6,7,7,7,6,6,5,5
438,439,4,5,5,6,7,5,5,6,6,7,2,3,4,5,6,6,6,6,6,6
439,440,4,5,5,6,7,5,5,6,6,7,5,6,6,7,7,7,7,6,6,6
440,441,1,2,3,4,5,4,5,6,6,7,4,5,6,7,7,7,6,6,6,6
441,442,1,2,3,4,5,1,2,3,4,5,5,6,6,7,7,7,6,5,5,5
442,443,2,3,4,5,6,5,5,6,6,7,3,4,5,5,7,6,6,7,6,6
443,444,2,3,4,5,6,5,5,6,6,7,3,4,5,6,7,7,7,7,6,6
444,445,2,3,4,5,6,5,5,6,6,7,2,3,4,5,6,6,6,6,6,6
445,446,2,3,4,5,6,2,3,4,5,6,3,4,5,6,7,7,7,6,6,5
446,447,4,5,5,6,7,5,5,6,6,7,2,3,4,5,6,6,6,6,6,6
447,448,1,2,3,4,5,3,4,5,6,7,1,2,3,4,5,5,5,5,5,5
448,449,5,5,5,6,7,5,5,6,6,7,5,6,6,7,7,7,7,6,6,6
449,450,3,4,5,6,7,3,4,5,6,7,2,3,4,5,6,6,6,5,5,5
450,451,1,2,3,4,5,2,3,4,5,6,1,2,3,4,5,5,5,4,4,4
451,452,3,4,5,6,7,3,4,5,6,7,5,6,6,7,7,7,6,6,6,5
452,453,3,4,5,6,7,2,3,4,5,6,4,5,6,7,7,7,6,6,5,5
453,454,3,4,5,6,7,2,3,4,5,6,5,6,6,7,7,7,6,6,5,5
454,455,1,2,3,4,5,2,3,4,5,6,5,6,6,7,7,7,6,6,5,5
455,456,3,4,5,6,7,4,5,6,6,7,2,3,4,5,6,6,6,6,6,6
456,457,3,4,5,6,7,5,5,6,6,7,2,3,4,5,6,6,6,6,6,6
457,458,2,3,4,5,6,3,4,5,6,7,4,5,6,7,7,7,6,6,6,6
458,459,5,5,5,6,7,3,4,5,6,7,2,3,4,5,6,6,6,5,5,5
459,460,5,5,5,6,7,5,5,6,6,7,4,5,6,7,7,7,7,6,6,6
460,461,3,4,5,6,7,1,2,3,4,5,2,3,4,5,6,6,6,5,5,4
461,462,3,4,5,6,7,3,4,5,6,7,3,4,5,6,7,7,7,6,6,6
462,463,5,5,5,6,7,3,4,5,6,7,3,4,5,6,7,7,7,6,6,6
463,464,2,3,4,5,6,1,2,3,4,5,1,2,3,4,5,5,5,4,4,4
464,465,5,5,5,6,7,1,2,3,4,5,4,5,6,7,7,7,6,6,5,5
465,466,3,4,5,6,7,1,2,3,4,5,2,3,4,5,6,6,6,5,5,4
466,467,1,2,3,4,5,1,2,3,4,5,5,6,6,7,7,7,6,5,5,5
467,468,2,3,4,5,6,5,5,6,6,7,1,2,3,4,5,5,5,5,5,5
468,469,5,5,5,6,7,4,5,6,6,7,5,6,6,7,7,7,7,6,6,6
469,470,5,5,5,6,7,4,5,6,6,7,4,5,6,7,7,7,7,6,6,6
470,471,2,3,4,5,6,1,2,3,4,5,5,6,6,7,7,7,6,5,5,5
471,472,2,3,4,5,6,2,3,4,5,6,5,6,6,7,7,7,6,6,5,5
472,473,2,3,4,5,6,5,5,6,6,7,1,2,3,4,5,5,5,5,5,5
473,474,4,5,5,6,7,1,2,3,4,5,5,5,6,7,7,7,7,6,5,5
474,475,4,5,5,6,7,2,3,4,5,6,4,5,6,7,7,7,6,6,5,5
475,476,1,2,3,4,5,1,2,3,4,5,3,4,5,6,7,7,6,6,5,5
476,477,1,2,3,4,5,2,3,4,5,6,1,2,3,4,5,5,5,4,4,4
477,478,3,4,5,6,7,5,5,6,6,7,3,4,5,6,7,7,7,7,6,6
478,479,2,3,4,5,6,5,5,6,6,7,4,5,6,7,7,7,7,6,6,6
479,480,5,5,5,6,7,1,2,3,4,5,3,4,5,6,7,7,7,6,5,5
480,481,4,5,5,6,7,3,4,5,6,7,1,2,3,4,5,5,5,5,5,5
481,482,5,5,5,6,7,5,5,6,6,7,4,5,6,7,7,7,7,6,6,6
482,483,2,3,4,5,6,4,5,6,6,7,5,6,6,7,7,7,6,6,6,6
483,484,2,3,4,5,6,1,2,3,4,5,3,4,5,6,7,7,7,6,5,5
484,485,2,3,4,5,6,4,5,6,6,7,1,2,3,4,5,5,5,5,5,5
485,486,4,5,5,6,7,5,5,6,6,7,5,6,6,7,7,7,7,6,6,6
486,487,4,5,5,6,7,5,5,6,6,7,1,2,3,4,5,5,5,5,5,5
487,488,2,3,4,5,6,2,3,4,5,6,3,4,5,6,7,7,7,6,6,5
488,489,3,4,5,6,7,5,5,6,6,7,4,5,6,7,7,7,7,6,6,6
489,490,1,2,3,4,5,1,2,3,4,5,5,6,6,7,7,7,6,5,5,5
490,491,1,2,3,4,5,4,5,6,6,7,5,6,6,7,7,7,6,6,6,6
491,492,3,4,5,6,7,5,5,6,6,7,3,4,5,6,7,7,7,7,6,6
492,493,2,3,4,5,6,1,2,3,4,5,3,4,5,6,7,7,7,6,5,5
493,494,1,2,3,4,5,1,2,3,4,5,5,6,6,7,7,7,6,5,5,5
494,495,4,5,5,6,7,2,3,4,5,6,5,6,6,7,7,7,6,6,5,5
495,496,4,5,5,6,7,3,4,5,6,7,3,4,5,6,7,7,7,6,6,6
496,497,4,5,5,6,7,2,3,4,5,6,3,4,5,6,7,7,7,6,6,5
497,498,5,5,5,6,7,2,3,4,5,6,5,6,6,7,7,7,6,6,5,5
498,499,3,4,5,6,7,1,2,3,4,5,2,3,4,5,6,6,6,5,5,4
499,500,3,4,5,6,7,3,4,5,6,7,3,4,5,6,7,7,7,6,6,6
500,501,1,2,3,4,5,2,3,4,5,6,4,5,6,7,7,7,6,6,5,5
501,502,5,5,5,6,7,1,2,3,4,5,3,4,5,6,7,7,7,6,5,5
502,503,3,4,5,6,7,2,3,4,5,6,2,3,4,5,6,6,6,5,5,5
503,504,2,3,4,5,6,1,2,3,4,5,3,4,5,6,7,7,7,6,5,5
504,505,3,4,5,6,7,1,2,3,4,5,5,5,6,7,7,7,7,6,5,5
505,506,5,5,5,6,7,5,5,6,6,7,3,4,5,6,6,6,6,6,6,5
506,507,5,5,5,6,7,2,3,4,5,6,4,5,6,7,7,7,6,6,5,5
507,508,1,2,3,4,5,5,5,6,6,7,2,3,4,5,6,6,6,6,6,6
508,509,5,5,5,6,7,2,3,4,5,6,1,2,3,4,5,5,5,4,4,4
509,510,2,3,4,5,6,5,5,6,6,7,3,4,5,6,7,7,7,7,6,6
510,511,5,5,5,6,7,1,2,3,4,5,4,5,6,7,7,7,6,6,5,5
511,512,5,5,5,6,7,4,5,6,6,7,4,5,6,7,7,7,7,6,6,6
512,513,4,5,5,6,7,1,2,3,4,5,2,3,4,5,6,6,6,5,5,4
513,514,4,5,5,6,7,2,3,4,5,6,2,3,4,5,6,6,6,5,5,5
514,515,4,5,5,6,7,3,4,5,6,7,4,5,6,7,7,7,6,6,6,5
515,516,2,3,4,5,6,4,5,6,6,7,4,5,6,7,7,7,7,6,6,6
516,517,4,5,5,6,7,4,5,6,6,7,2,3,4,5,6,6,6,6,6,6
517,518,5,5,5,6,7,5,5,6,6,7,1,2,3,4,5,5,5,5,5,5
518,519,2,3,4,5,6,3,4,5,6,7,2,3,4,5,6,6,6,5,5,5
519,520,3,4,5,6,7,1,2,3,4,5,2,3,4,5,6,6,6,5,5,4
520,521,5,5,5,6,7,4,5,6,6,7,5,6,6,7,7,7,7,6,6,6
521,522,1,2,3,4,5,2,3,4,5,6,4,5,6,7,7,7,6,6,5,5
522,523,2,3,4,5,6,4,5,6,6,7,1,2,3,4,5,5,5,5,5,5
523,524,3,4,5,6,7,1,2,3,4,5,2,3,4,5,6,6,6,5,5,4
524,525,4,5,5,6,7,2,3,4,5,6,4,5,6,7,7,7,6,6,5,5
525,526,1,2,3,4,5,3,4,5,6,7,2,3,4,5,6,6,6,5,5,5
526,527,3,4,5,6,7,1,2,3,4,5,3,4,5,6,7,7,7,6,5,5
527,528,5,5,5,6,7,4,5,6,6,7,2,3,4,5,6,6,6,6,6,6
528,529,1,2,3,4,5,2,3,4,5,6,2,3,4,5,6,6,6,5,5,5
529,530,2,3,4,5,6,4,5,6,6,7,4,5,6,7,7,7,7,6,6,6
530,531,2,3,4,5,6,2,3,4,5,6,2,3,4,5,6,6,6,5,5,5
531,532,1,2,3,4,5,5,5,6,6,7,1,2,3,4,5,5,5,5,5,5
532,533,4,5,5,6,7,4,5,6,6,7,2,3,4,5,6,6,6,6,6,6
533,534,1,2,3,4,5,2,3,4,5,6,2,3,4,5,6,6,6,5,5,5
534,535,3,4,5,6,7,4,5,6,6,7,4,5,6,7,7,7,7,6,6,6
535,536,3,4,5,6,7,1,2,3,4,5,2,3,4,5,6,6,6,5,5,4
536,537,1,2,3,4,5,1,2,3,4,5,3,4,5,6,7,7,6,6,5,5
537,538,5,5,5,6,7,4,5,6,6,7,5,6,6,7,7,7,7,6,6,6
538,539,1,2,3,4,5,5,5,6,6,7,5,6,6,7,7,7,7,6,6,6
539,540,1,2,3,4,5,3,4,5,6,7,3,4,5,6,7,7,6,6,6,6
540,541,1,2,3,4,5,1,2,3,4,5,5,6,6,7,7,7,6,5,5,5
541,542,5,5,5,6,7,4,5,6,6,7,3,4,5,6,7,7,7,6,6,6
542,543,5,5,5,6,7,4,5,6,6,7,3,4,5,6,7,7,7,6,6,6
543,544,5,5,5,6,7,1,2,3,4,5,1,2,3,4,5,5,5,4,4,4
544,545,4,5,5,6,7,2,3,4,5,6,3,4,5,6,7,7,7,6,6,5
545,546,3,4,5,6,7,4,5,6,6,7,4,5,6,7,7,7,7,6,6,6
546,547,4,5,5,6,7,3,4,5,6,7,3,4,5,6,7,7,7,6,6,6
547,548,3,4,5,6,7,4,5,6,6,7,3,4,5,6,7,7,7,6,6,6
548,549,5,5,5,6,7,1,2,3,4,5,1,2,3,4,5,5,5,4,4,4
549,550,3,4,5,6,7,2,3,4,5,6,5,6,6,7,7,7,6,6,5,5
550,551,3,4,5,6,7,5,5,6,6,7,5,6,6,7,7,7,7,6,6,6
551,552,5,5,5,6,7,3,4,5,6,7,3,4,5,6,7,7,7,6,6,6
552,553,3,4,5,6,7,3,4,5,6,7,3,4,5,6,7,7,7,6,6,6
553,554,2,3,4,5,6,4,5,6,6,7,1,2,3,4,5,5,5,5,5,5
554,555,5,5,5,6,7,5,5,6,6,7,1,2,3,4,5,5,5,5,5,5
555,556,2,3,4,5,6,4,5,6,6,7,5,6,6,7,7,7,6,6,6,6
556,557,2,3,4,5,6,3,4,5,6,7,1,2,3,4,5,5,5,5,5,5
557,558,1,2,3,4,5,2,3,4,5,6,3,4,5,6,7,7,6,6,6,5
558,559,4,5,5,6,7,2,3,4,5,6,5,6,6,7,7,7,6,6,5,5
559,560,2,3,4,5,6,5,5,6,6,7,2,3,4,5,6,6,6,6,6,6
560,561,5,5,5,6,7,3,4,5,6,7,1,2,3,4,5,5,5,5,5,5
561,562,2,3,4,5,6,5,5,6,6,7,4,5,6,7,7,7,7,6,6,6
562,563,4,5,5,6,7,5,5,6,6,7,4,5,6,7,7,7,7,6,6,6
563,564,2,3,4,5,6,1,2,3,4,5,4,5,6,7,7,7,6,6,5,5
564,565,3,4,5,6,7,3,4,5,6,7,4,5,6,7,7,7,7,6,6,6
565,566,1,2,3,4,5,1,2,3,4,5,5,6,6,7,7,7,6,5,5,5
566,567,2,3,4,5,6,2,3,4,5,6,4,5,6,7,7,7,6,6,5,5
567,568,4,5,5,6,7,2,3,4,5,6,4,5,6,6,7,7,6,6,5,5
568,569,2,3,4,5,6,1,2,3,4,5,2,3,4,5,6,6,6,5,5,4
569,570,2,3,4,5,6,3,4,5,6,7,3,4,5,6,7,7,7,6,6,6
570,571,1,2,3,4,5,3,4,5,6,7,2,3,4,5,6,6,6,5,5,5
571,572,3,4,5,6,7,1,2,3,4,5,2,3,4,5,6,6,6,5,5,4
572,573,1,2,3,4,5,3,4,5,6,7,1,2,3,4,5,5,5,5,5,5
573,574,4,5,5,6,7,1,2,3,4,5,1,2,3,4,5,5,5,4,4,4
574,575,5,5,5,6,7,5,5,6,6,7,5,6,6,7,7,7,7,6,6,6
575,576,4,5,5,6,7,5,5,6,6,7,1,2,3,4,5,5,5,5,5,5
576,577,1,2,3,4,5,1,2,3,4,5,5,6,6,7,7,7,6,5,5,5
577,578,3,4,5,6,7,3,4,5,6,7,3,4,5,6,7,7,7,6,6,6
578,579,5,5,5,6,7,4,5,6,6,7,3,4,5,6,7,7,7,6,6,6
579,580,2,3,4,5,6,1,2,3,4,5,5,5,6,7,7,7,7,6,5,5
580,581,4,5,5,6,7,5,5,6,6,7,1,2,3,4,5,5,5,5,5,5
581,582,3,4,5,6,7,2,3,4,5,6,1,2,3,4,5,5,5,5,4,4
582,583,1,2,3,4,5,1,2,3,4,5,2,3,4,5,6,6,6,5,5,4
583,584,3,4,5,6,7,1,2,3,4,5,3,4,5,5,7,7,6,6,5,5
584,585,1,2,3,4,5,3,4,5,6,7,4,5,6,7,7,7,6,6,6,6
585,586,5,5,5,6,7,1,2,3,4,5,1,2,3,4,5,5,5,4,4,4
586,587,4,5,5,6,7,2,3,4,5,6,2,3,4,5,6,6,6,5,5,5
587,588,2,3,4,5,6,3,4,5,6,7,4,5,6,7,7,7,6,6,6,6
588,589,4,5,5,6,7,1,2,3,4,5,3,4,5,6,7,7,7,6,5,5
589,590,3,4,5,6,7,1,2,3,4,5,5,6,6,7,7,7,6,5,5,5
590,591,2,3,4,5,6,5,5,6,6,7,4,5,6,7,7,7,7,6,6,6
591,592,4,5,5,6,7,1,2,3,4,5,5,6,6,7,7,7,6,5,5,5
592,593,2,3,4,5,6,1,2,3,4,5,1,2,3,4,5,5,5,4,4,4
593,594,4,5,5,6,7,1,2,3,4,5,5,6,6,7,7,7,6,5,5,5
594,595,5,5,5,6,7,3,4,5,6,7,3,4,5,6,7,7,7,6,6,6
595,596,2,3,4,5,6,3,4,5,6,7,4,5,6,7,7,7,6,6,6,6
596,597,1,2,3,4,5,4,5,6,6,7,3,4,5,6,7,7,7,6,6,6
597,598,4,5,5,6,7,3,4,5,6,7,5,5,6,7,7,7,7,6,6,6
598,599,4,5,5,6,7,3,4,5,6,7,3,4,5,6,7,7,7,6,6,6
599,600,1,2,3,4,5,2,3,4,5,6,1,2,3,4,5,5,5,4,4,4
600,601,4,5,5,6,7,1,2,3,4,5,2,3,4,5,6,6,6,5,5,4
601,602,4,5,5,6,7,2,3,4,5,6,3,4,5,6,7,7,7,6,6,5
602,603,3,4,5,6,7,5,5,6,6,7,2,3,4,5,6,6,6,6,6,6
603,604,3,4,5,6,7,2,3,4,5,6,4,5,6,6,7,7,6,6,5,5
604,605,5,5,5,6,7,1,2,3,4,5,1,2,3,4,5,5,5,4,4,4
605,606,2,3,4,5,6,5,5,6,6,7,1,2,3,4,5,5,5,5,5,5
606,607,3,4,5,6,7,5,5,6,6,7,3,4,5,6,7,7,7,7,6,6
607,608,5,5,5,6,7,4,5,6,6,7,4,5,6,7,7,7,7,6,6,6
608,609,3,4,5,6,7,3,4,5,6,7,1,2,3,4,5,5,5,5,5,5
609,610,2,3,4,5,6,3,4,5,6,7,3,4,5,6,7,7,7,6,6,6
610,611,3,4,5,6,7,5,5,6,6,7,5,6,6,7,7,7,7,6,6,6
611,612,3,4,5,6,7,4,5,6,6,7,5,6,6,7,7,7,7,6,6,6
612,613,5,5,5,6,7,1,2,3,4,5,3,4,5,6,7,7,7,6,5,5
613,614,2,3,4,5,6,5,5,6,6,7,2,3,4,5,6,6,6,6,6,6
614,615,4,5,5,6,7,1,2,3,4,5,4,5,6,7,7,7,6,6,5,5
615,616,1,2,3,4,5,3,4,5,6,7,5,6,6,7,7,7,6,6,6,5
616,617,2,3,4,5,6,2,3,4,5,6,4,5,6,7,7,7,6,6,5,5
617,618,5,5,5,6,7,2,3,4,5,6,2,3,4,5,6,6,6,5,5,5
618,619,5,5,5,6,7,5,5,6,6,7,3,4,5,6,7,7,7,7,6,6
619,620,2,3,4,5,6,1,2,3,4,5,1,2,3,4,5,5,5,4,4,4
620,621,5,5,5,6,7,4,5,6,6,7,1,2,3,4,5,5,5,5,5,5
621,622,1,2,3,4,5,4,5,6,6,7,1,2,3,4,5,5,5,5,5,5
622,623,5,5,5,6,7,3,4,5,6,7,3,4,5,6,7,7,7,6,6,6
623,624,4,5,5,6,7,2,3,4,5,6,2,3,4,5,6,6,6,5,5,5
624,625,1,2,3,4,5,4,5,6,6,7,5,6,6,7,7,7,6,6,6,6
625,626,1,2,3,4,5,1,2,3,4,5,5,6,6,7,7,7,6,5,5,5
626,627,3,4,5,6,7,1,2,3,4,5,3,4,5,6,7,7,7,6,5,5
627,628,5,5,5,6,7,1,2,3,4,5,1,2,3,4,5,5,5,4,4,4
628,629,3,4,5,6,7,2,3,4,5,6,4,5,6,7,7,7,6,6,5,5
629,630,1,2,3,4,5,1,2,3,4,5,1,2,3,4,5,5,5,4,4,4
630,631,3,4,5,6,7,2,3,4,5,6,4,5,6,7,7,7,6,6,5,5
631,632,4,5,5,6,7,4,5,6,6,7,4,5,6,7,7,7,7,6,6,6
632,633,1,2,3,4,5,5,5,6,6,7,3,4,5,6,7,7,7,7,6,6
633,634,2,3,4,5,6,3,4,5,6,7,3,4,5,6,7,7,7,6,6,6
634,635,4,5,5,6,7,1,2,3,4,5,3,4,5,6,7,7,7,6,5,5
635,636,4,5,5,6,7,5,5,6,6,7,4,5,6,7,7,7,7,6,6,6
636,637,1,2,3,4,5,1,2,3,4,5,2,3,4,5,6,6,6,5,5,4
637,638,5,5,5,6,7,1,2,3,4,5,2,3,4,5,6,6,6,5,5,4
638,639,1,2,3,4,5,3,4,5,6,7,2,3,4,5,6,6,6,5,5,5
639,640,3,4,5,6,7,5,5,6,6,7,4,5,6,7,7,7,7,6,6,6
640,641,1,2,3,4,5,4,5,6,6,7,4,5,6,7,7,7,6,6,6,6
641,642,1,2,3,4,5,3,4,5,6,7,4,5,6,7,7,7,6,6,6,6
642,643,1,2,3,4,5,1,2,3,4,5,3,4,5,6,7,7,6,6,5,5
643,644,5,5,5,6,7,3,4,5,6,7,4,5,6,7,7,7,6,6,6,5
644,645,2,3,4,5,6,4,5,6,6,7,4,5,6,7,7,7,7,6,6,6
645,646,2,3,4,5,6,5,5,6,6,7,5,6,6,7,7,7,7,6,6,6
646,647,5,5,5,6,7,1,2,3,4,5,5,6,6,7,7,7,6,5,5,5
647,648,3,4,5,6,7,4,5,6,6,7,4,5,6,7,7,7,7,6,6,6
648,649,5,5,5,6,7,5,5,6,6,7,5,5,6,7,7,7,7,6,6,6
649,650,2,3,4,5,6,5,5,6,6,7,1,2,3,4,5,5,5,5,5,5
650,651,4,5,5,6,7,3,4,5,6,7,2,3,4,5,6,6,6,5,5,5
651,652,3,4,5,6,7,5,5,6,6,7,4,5,6,7,7,7,7,6,6,6
652,653,5,5,5,6,7,2,3,4,5,6,4,5,6,7,7,7,6,6,5,5
653,654,4,5,5,6,7,3,4,5,6,7,1,2,3,4,5,5,5,5,5,5
654,655,5,5,5,6,7,1,2,3,4,5,5,6,6,7,7,7,6,5,5,5
655,656,5,5,5,6,7,2,3,4,5,6,2,3,4,5,6,6,6,5,5,5
656,657,3,4,5,6,7,2,3,4,5,6,5,6,6,7,7,7,6,6,5,5
657,658,1,2,3,4,5,5,5,6,6,7,2,3,4,5,6,6,6,6,6,6
658,659,5,5,5,6,7,3,4,5,6,7,2,3,4,5,6,6,6,5,5,5
659,660,5,5,5,6,7,2,3,4,5,6,3,4,5,6,7,7,7,6,6,5
660,661,1,2,3,4,5,3,4,5,6,7,2,3,4,5,6,6,6,5,5,5
661,662,1,2,3,4,5,4,5,6,6,7,4,5,6,7,7,7,6,6,6,6
662,663,2,3,4,5,6,2,3,4,5,6,2,3,4,5,6,6,6,5,5,5
663,664,1,2,3,4,5,2,3,4,5,6,1,2,3,4,5,5,5,4,4,4
664,665,3,4,5,6,7,2,3,4,5,6,3,4,5,6,7,7,7,6,6,5
665,666,5,5,5,6,7,4,5,6,6,7,4,5,6,7,7,7,7,6,6,6
666,667,3,4,5,6,7,2,3,4,5,6,1,2,3,4,5,5,5,5,4,4
667,668,3,4,5,6,7,3,4,5,6,7,3,4,5,6,7,7,7,6,6,6
668,669,5,5,5,6,7,5,5,6,6,7,1,2,3,4,5,5,5,5,5,5
669,670,2,3,4,5,6,4,5,6,6,7,4,5,6,7,7,7,7,6,6,6
670,671,3,4,5,6,7,1,2,3,4,5,5,6,6,7,7,7,6,5,5,5
671,672,5,5,5,6,7,2,3,4,5,6,5,6,6,7,7,7,6,6,5,5
672,673,4,5,5,6,7,5,5,6,6,7,4,5,6,7,7,7,7,6,6,6
673,674,1,2,3,4,5,5,5,6,6,7,2,3,4,5,6,6,6,6,6,6
674,675,1,2,3,4,5,1,2,3,4,5,4,5,6,7,7,7,6,6,5,5
675,676,2,3,4,5,6,2,3,4,5,6,3,4,5,6,7,7,7,6,6,5
676,677,2,3,4,5,6,4,5,6,6,7,5,6,6,7,7,7,6,6,6,6
677,678,4,5,5,6,7,3,4,5,6,7,2,3,4,5,6,6,6,5,5,5
678,679,3,4,5,6,7,4,5,6,6,7,5,6,6,7,7,7,7,6,6,6
679,680,2,3,4,5,6,4,5,6,6,7,2,3,4,5,6,6,6,6,6,6
680,681,4,5,5,6,7,2,3,4,5,6,1,2,3,4,5,5,5,4,4,4
681,682,1,2,3,4,5,5,5,6,6,7,5,5,6,7,7,7,7,6,6,6
682,683,2,3,4,5,6,1,2,3,4,5,5,6,6,7,7,7,6,5,5,5
683,684,5,5,5,6,7,3,4,5,6,7,3,4,5,6,7,7,7,6,6,6
684,685,5,5,5,6,7,4,5,6,6,7,4,5,6,7,7,7,7,6,6,6
685,686,1,2,3,4,5,2,3,4,5,6,4,5,6,7,7,7,6,6,5,5
686,687,2,3,4,5,6,3,4,5,6,7,5,6,6,7,7,7,6,6,6,5
687,688,5,5,5,6,7,2,3,4,5,6,1,2,3,4,5,5,5,4,4,4
688,689,1,2,3,4,5,2,3,4,5,6,4,5,6,7,7,7,6,6,5,5
689,690,3,4,5,6,7,3,4,5,6,7,3,4,5,6,7,7,7,6,6,6
690,691,2,3,4,5,6,3,4,5,6,7,3,4,5,6,6,6,6,5,5,5
691,692,2,3,4,5,6,4,5,6,6,7,4,5,6,7,7,7,7,6,6,6
692,693,3,4,5,6,7,1,2,3,4,5,2,3,4,5,6,6,6,5,5,4
693,694,3,4,5,6,7,4,5,6,6,7,4,5,6,7,7,7,7,6,6,6
694,695,2,3,4,5,6,5,5,6,6,7,2,3,4,5,6,6,6,6,6,6
695,696,4,5,5,6,7,2,3,4,5,6,1,2,3,4,5,5,5,4,4,4
696,697,1,2,3,4,5,5,5,6,6,7,3,4,5,6,7,7,7,7,6,6
697,698,1,2,3,4,5,1,2,3,4,5,3,4,5,6,7,7,6,6,5,5
698,699,5,5,5,6,7,2,3,4,5,6,1,2,3,4,5,5,5,4,4,4
699,700,3,4,5,6,7,5,5,6,6,7,3,4,5,6,7,7,7,7,6,6
700,701,4,5,5,6,7,1,2,3,4,5,1,2,3,4,5,5,5,4,4,4
701,702,5,5,5,6,7,5,5,6,6,7,4,5,6,7,7,7,7,6,6,6
702,703,5,5,5,6,7,1,2,3,4,5,5,6,6,7,7,7,6,5,5,5
703,704,3,4,5,6,7,5,5,6,6,7,5,6,6,7,7,7,7,6,6,6
704,705,4,5,5,6,7,3,4,5,6,7,2,3,4,5,6,6,6,5,5,5
705,706,2,3,4,5,6,3,4,5,6,7,5,5,6,7,7,7,7,6,6,6
706,707,5,5,5,6,7,3,4,5,6,7,1,2,3,4,5,5,5,5,5,5
707,708,2,3,4,5,6,2,3,4,5,6,5,5,6,7,7,7,7,6,6,5
708,709,4,5,5,6,7,3,4,5,6,7,2,3,4,5,6,6,6,5,5,5
709,710,3,4,5,6,7,4,5,6,6,7,5,6,6,7,7,7,7,6,6,6
710,711,5,5,5,6,7,2,3,4,5,6,5,6,6,7,7,7,6,6,5,5
711,712,2,3,4,5,6,4,5,6,6,7,3,4,5,6,7,7,7,6,6,6
712,713,1,2,3,4,5,3,4,5,6,7,3,4,5,6,7,7,6,6,6,6
713,714,4,5,5,6,7,3,4,5,6,7,4,5,6,7,7,7,6,6,6,5
714,715,2,3,4,5,6,4,5,6,6,7,3,4,5,6,7,7,7,6,6,6
715,716,1,2,3,4,5,5,5,6,6,7,1,2,3,4,5,5,5,5,5,5
716,717,1,2,3,4,5,4,5,6,6,7,4,5,6,7,7,7,6,6,6,6
717,718,5,5,5,6,7,2,3,4,5,6,4,5,6,7,7,7,6,6,5,5
718,719,4,5,5,6,7,3,4,5,6,7,3,4,5,6,7,7,7,6,6,6
719,720,5,5,5,6,7,4,5,6,6,7,2,3,4,5,6,6,6,6,6,6
720,721,5,5,5,6,7,2,3,4,5,6,2,3,4,5,6,6,6,5,5,5
721,722,3,4,5,6,7,1,2,3,4,5,2,3,4,5,6,6,6,5,5,4
722,723,4,5,5,6,7,5,5,6,6,7,3,4,5,6,7,7,7,7,6,6
723,724,4,5,5,6,7,5,5,6,6,7,5,6,6,7,7,7,7,6,6,6
724,725,4,5,5,6,7,2,3,4,5,6,2,3,4,5,6,6,6,5,5,5
725,726,3,4,5,6,7,5,5,6,6,7,2,3,4,5,6,6,6,6,6,6
726,727,3,4,5,6,7,3,4,5,6,7,2,3,4,5,6,6,6,5,5,5
727,728,4,5,5,6,7,4,5,6,6,7,2,3,4,5,6,6,6,6,6,6
728,729,1,2,3,4,5,4,5,6,6,7,3,4,5,6,7,7,7,6,6,6
729,730,1,2,3,4,5,4,5,6,6,7,1,2,3,4,5,5,5,5,5,5
730,731,4,5,5,6,7,5,5,6,6,7,5,6,6,7,7,7,7,6,6,6
731,732,3,4,5,6,7,3,4,5,6,7,5,6,6,7,7,7,6,6,6,5
732,733,2,3,4,5,6,1,2,3,4,5,3,4,5,6,7,7,7,6,5,5
733,734,2,3,4,5,6,1,2,3,4,5,1,2,3,4,5,5,5,4,4,4
734,735,3,4,5,6,7,5,5,6,6,7,5,6,6,7,7,7,7,6,6,6
735,736,2,3,4,5,6,5,5,6,6,7,4,5,6,7,7,7,7,6,6,6
736,737,1,2,3,4,5,5,5,6,6,7,4,5,6,7,7,7,7,6,6,6
737,738,4,5,5,6,7,1,2,3,4,5,5,6,6,7,7,7,6,5,5,5
738,739,4,5,5,6,7,3,4,5,6,7,2,3,4,5,6,6,6,5,5,5
739,740,3,4,5,6,7,2,3,4,5,6,5,5,6,7,7,7,7,6,6,5
740,741,1,2,3,4,5,1,2,3,4,5,4,5,6,7,7,7,6,6,5,5
741,742,2,3,4,5,6,3,4,5,6,7,2,3,4,5,6,6,6,5,5,5
742,743,2,3,4,5,6,2,3,4,5,6,4,5,6,7,7,7,6,6,5,5
743,744,2,3,4,5,6,5,5,6,6,7,4,6,6,7,7,7,6,6,6,6
744,745,4,5,5,6,7,3,4,5,6,7,1,2,3,4,5,5,5,5,5,5
745,746,4,5,5,6,7,1,2,3,4,5,2,3,4,5,6,6,6,5,5,4
746,747,2,3,4,5,6,4,5,6,6,7,2,3,4,5,6,6,6,6,6,6
747,748,3,4,5,6,7,4,5,6,6,7,2,3,4,5,6,6,6,6,6,6
748,749,5,5,5,6,7,5,5,6,6,7,4,5,6,7,7,7,7,6,6,6
749,750,1,2,3,4,5,4,5,6,6,7,2,3,4,5,6,6,6,6,6,6
750,751,5,5,5,5,6,1,1,2,3,4,2,2,3,3,3,3,3,2,2,2
751,752,2,2,3,3,3,2,3,4,4,5,3,3,4,5,6,6,5,5,5,5
752,753,1,1,1,2,2,2,2,2,3,4,3,4,5,6,6,6,5,5,4,4
753,754,2,3,4,5,6,4,5,5,6,7,4,4,4,5,5,5,5,5,5,5
754,755,4,4,5,6,6,3,4,5,5,5,4,4,5,5,6,6,5,5,5,5
755,756,3,4,5,6,6,5,5,5,6,6,3,5,5,6,6,6,5,5,5,5
756,757,2,2,2,3,3,3,3,3,3,4,4,4,4,4,4,4,3,3,3,3
757,758,4,5,5,6,6,3,3,4,5,5,1,2,2,3,4,4,4,4,3,4
758,759,2,3,4,5,6,5,5,6,6,6,1,2,2,3,3,3,3,3,4,4
759,760,4,4,5,6,6,3,3,3,3,3,2,3,3,3,4,4,4,4,3,3
760,761,3,3,4,4,5,5,5,6,6,7,2,4,5,5,6,5,5,5,5,5
761,762,5,5,5,5,5,2,2,3,4,5,3,3,5,5,6,6,5,5,4,4
762,763,3,4,4,5,5,2,2,3,4,5,2,3,3,4,4,4,4,3,3,3
763,764,4,4,5,5,5,5,5,6,6,7,3,3,4,3,4,4,3,4,4,4
764,765,2,3,3,3,4,2,3,4,4,4,4,4,5,5,6,5,5,5,5,4
765,766,2,2,2,2,2,3,4,4,4,4,3,2,4,4,4,4,3,3,4,3
766,767,4,5,5,5,5,4,4,4,4,5,4,5,6,6,7,6,6,6,5,5
767,768,3,3,4,5,6,4,5,5,5,5,5,5,5,6,6,6,6,5,5,5
768,769,4,5,5,5,5,5,5,5,5,5,3,3,3,3,5,4,5,5,5,5
769,770,4,5,5,5,7,1,2,2,2,3,3,3,4,4,4,4,4,3,3,3
770,771,2,3,3,3,4,4,4,4,5,6,2,3,3,4,5,5,5,5,4,4
771,772,3,4,5,5,6,4,4,4,5,5,2,2,3,4,5,5,5,5,5,5
772,773,4,4,4,4,4,3,4,5,5,5,2,2,3,4,4,4,4,3,4,4
773,774,3,3,4,5,6,3,4,4,4,5,3,4,4,5,5,5,5,4,4,4
774,775,2,2,2,3,4,1,1,2,3,3,3,3,3,4,4,4,4,3,3,3
775,776,5,5,5,6,6,3,4,5,6,7,1,2,3,4,4,4,4,4,4,4
776,777,4,4,4,4,5,3,4,5,6,6,1,2,3,3,3,3,2,2,3,3
777,778,4,4,5,5,6,1,2,3,3,3,3,3,4,4,4,4,3,3,3,3
778,779,3,3,3,4,5,4,4,4,5,5,5,6,6,7,7,7,6,6,6,5
779,780,1,2,3,4,5,4,5,6,6,7,4,4,5,5,6,6,5,5,5,5
780,781,5,5,5,6,7,2,2,2,3,3,4,4,4,5,6,6,6,5,5,4
781,782,2,2,3,4,4,5,5,5,5,6,2,3,3,4,5,5,5,5,5,5
782,783,2,2,3,3,3,3,3,3,3,4,1,2,2,3,4,4,4,4,3,3
783,784,1,1,1,2,3,4,4,4,5,5,3,4,4,4,4,3,3,3,3,3
784,785,1,2,3,3,4,5,5,6,6,6,1,2,3,4,5,5,5,5,5,5
785,786,4,4,5,6,6,5,5,5,5,7,2,3,3,3,5,5,5,5,5,5
786,787,4,5,5,6,6,2,2,2,3,3,1,2,2,2,2,2,2,1,1,1
787,788,5,5,5,5,5,2,3,4,4,5,2,4,4,5,5,5,4,4,4,4
788,789,3,3,4,5,5,2,3,3,4,4,4,5,5,6,6,6,5,5,5,4
789,790,1,2,3,4,4,2,2,2,3,3,3,4,4,5,5,5,5,4,4,3
790,791,4,5,5,6,7,3,3,4,4,4,4,4,4,5,5,5,5,4,4,4
791,792,5,5,5,5,5,3,3,3,3,4,1,1,1,2,3,3,3,3,3,3
792,793,4,5,5,6,6,2,3,3,4,5,3,4,5,6,7,7,6,6,5,5
793,794,3,4,4,5,6,4,5,6,6,6,1,1,1,2,3,3,3,3,4,4
794,795,3,3,4,5,5,4,5,6,6,7,5,5,6,6,7,7,6,6,6,6
795,796,1,1,2,2,2,1,1,2,2,2,1,2,2,2,3,2,2,2,2,2
796,797,3,3,3,3,3,2,2,3,3,4,5,6,6,7,7,6,6,5,5,5
797,798,4,5,5,5,7,5,5,5,5,6,3,4,4,4,4,4,4,4,4,4
798,799,2,2,2,2,2,2,3,3,3,3,4,4,4,4,4,3,3,3,3,3
799,800,5,5,5,6,7,3,4,5,6,7,3,3,3,3,4,4,4,4,4,4
800,801,3,3,4,5,5,2,3,4,4,4,3,3,4,5,5,5,5,4,4,4
801,802,5,5,5,6,7,5,5,5,5,5,4,5,5,6,6,6,6,6,5,5
802,803,5,5,5,6,7,3,3,4,4,4,3,4,5,5,6,6,5,5,5,5
803,804,4,4,4,4,5,3,4,5,5,5,4,4,4,6,4,4,4,3,4,4
804,805,5,5,5,5,5,2,2,2,2,3,2,2,3,3,5,5,5,4,4,4
805,806,2,3,3,3,3,4,4,5,6,7,5,6,6,7,7,6,6,6,5,5
806,807,4,5,5,6,6,3,4,4,4,4,3,5,5,6,7,6,6,6,6,5
807,808,1,1,2,2,2,1,1,2,2,2,3,4,4,5,6,5,5,5,4,4
808,809,3,3,3,4,4,4,5,5,5,6,3,4,5,6,6,6,5,5,5,5
809,810,4,5,5,5,5,3,4,5,6,7,1,1,1,2,2,2,2,2,2,2
810,811,4,4,5,5,6,1,2,3,3,4,3,4,5,6,7,7,6,6,5,5
811,812,3,4,4,5,6,3,4,4,4,4,1,1,2,3,4,4,4,4,4,4
812,813,3,4,5,5,5,1,2,2,3,3,4,4,5,5,6,6,5,5,4,4
813,814,1,1,2,3,3,4,4,4,4,5,3,5,5,6,7,6,6,6,6,6
814,815,1,1,1,1,1,5,5,6,6,7,2,2,3,4,2,2,2,2,2,3
815,816,1,2,2,2,3,4,4,4,4,4,1,1,2,3,3,3,3,3,3,3
816,817,3,3,3,3,4,3,3,4,4,4,4,5,6,6,6,5,5,5,4,4
817,818,4,5,5,5,5,2,2,2,3,3,5,6,6,7,7,6,6,5,5,4
818,819,4,5,5,6,7,4,4,5,5,6,2,3,4,5,6,6,6,6,5,5
819,820,4,4,4,5,6,3,4,4,5,5,4,4,4,4,4,4,4,3,3,3
820,821,1,1,2,3,4,5,5,6,6,7,4,4,5,5,6,6,5,6,6,6
821,822,5,5,5,5,7,5,5,6,6,7,5,6,6,7,7,7,7,6,6,6
822,823,5,5,5,6,7,4,4,5,5,6,5,5,6,6,7,7,7,6,6,6
823,824,3,4,4,5,5,3,4,4,5,6,1,2,3,4,5,5,5,5,5,4
824,825,3,4,5,6,6,5,5,5,5,5,1,1,2,2,2,2,2,2,3,3
825,826,2,2,3,3,4,4,4,5,5,6,4,5,6,7,7,7,6,6,6,6
826,827,4,4,4,4,5,4,5,5,6,7,5,5,4,5,5,5,5,4,4,4
827,828,5,5,5,6,6,3,4,4,4,5,5,6,6,6,6,6,5,5,4,4
828,829,5,5,5,5,7,4,5,6,6,7,1,2,2,2,3,3,3,3,3,3
829,830,2,2,3,4,5,2,3,3,4,4,3,3,4,5,6,6,6,5,5,5
830,831,5,5,5,5,6,5,5,5,5,5,3,3,4,5,6,6,6,6,6,6
831,832,3,4,4,5,6,1,1,2,2,2,1,1,1,2,2,2,2,2,2,2
832,833,2,2,2,3,4,5,5,6,6,6,4,5,5,5,6,5,5,5,5,5
833,834,4,5,5,5,5,1,1,2,2,2,4,5,6,7,7,7,6,5,5,4
834,835,1,1,1,1,1,2,2,3,4,4,5,5,6,6,7,6,6,5,5,5
835,836,1,1,1,2,2,5,5,6,6,7,3,4,5,6,7,6,6,6,6,6
836,837,2,2,3,3,4,5,5,5,5,5,5,6,6,6,6,5,5,5,5,5
837,838,3,3,4,5,6,3,4,4,5,5,2,3,3,3,5,4,5,5,4,4
838,839,3,4,5,5,5,1,1,2,3,3,5,6,6,6,7,6,6,5,4,4
839,840,3,3,3,4,5,1,1,1,2,3,3,3,5,5,5,5,5,4,4,3
840,841,2,2,3,3,3,2,2,2,2,3,3,4,5,6,6,6,5,5,4,4
841,842,4,4,4,5,6,1,1,1,1,2,1,2,4,4,5,5,5,4,4,3
842,843,5,5,5,5,7,1,1,2,3,3,3,4,5,6,6,6,6,5,4,4
843,844,5,5,5,6,6,4,5,5,6,7,5,6,6,7,7,7,6,6,6,5
844,845,2,3,3,4,5,5,5,5,5,5,2,3,4,4,5,5,5,5,5,5
845,846,3,4,5,5,6,2,3,4,5,6,3,5,5,6,6,6,5,5,4,4
846,847,3,3,4,4,4,5,5,6,6,7,1,2,3,3,3,3,2,3,3,3
847,848,5,5,5,5,6,4,5,5,6,6,3,4,5,5,5,5,4,4,4,4
848,849,1,2,2,3,4,5,5,6,6,6,2,3,3,4,5,4,5,5,5,5
849,850,1,2,2,3,4,1,2,2,3,3,2,2,3,4,4,4,4,3,3,3
850,851,5,5,5,6,7,5,5,6,6,7,3,3,4,5,6,6,6,6,6,6
851,852,2,3,3,3,4,5,5,5,5,5,1,1,2,3,3,3,3,3,4,4
852,853,3,4,4,5,6,3,4,5,5,5,5,5,5,5,5,5,4,4,4,4
853,854,4,4,4,5,5,3,3,3,3,4,5,6,6,6,6,5,5,5,4,4
854,855,1,2,3,4,4,3,4,5,5,5,2,2,3,3,3,3,2,3,3,3
855,856,2,3,3,3,3,2,3,4,4,5,2,2,2,3,4,4,4,3,3,4
856,857,5,5,5,6,7,2,2,2,2,2,1,1,1,1,1,1,1,1,1,1
857,858,4,4,5,5,5,3,4,4,4,4,3,4,4,5,5,5,5,4,4,4
858,859,3,3,3,4,5,1,2,3,4,4,5,5,5,6,6,6,6,5,4,4
859,860,4,4,5,5,6,5,5,5,5,5,4,5,4,5,6,5,6,6,5,5
860,861,3,4,4,4,4,3,4,4,5,5,1,1,2,3,3,3,3,3,3,3
861,862,2,2,3,4,4,4,4,4,4,5,3,4,5,6,7,7,7,6,6,6
862,863,1,1,1,1,2,2,3,4,5,6,2,3,4,5,5,5,4,4,4,4
863,864,2,3,4,5,5,1,1,1,1,2,1,2,3,4,5,5,5,4,4,3
864,865,5,5,5,5,5,1,1,1,2,3,5,6,6,7,7,7,6,5,4,4
865,866,2,2,3,4,5,3,3,3,3,4,5,5,6,7,7,7,7,6,6,5
866,867,3,3,4,5,6,3,4,4,5,6,5,5,5,5,5,5,4,4,4,4
867,868,5,5,5,5,5,1,2,3,3,3,3,4,5,5,6,5,5,4,4,4
868,869,5,5,5,6,6,5,5,5,6,7,4,4,4,4,5,5,5,5,4,4
869,870,1,1,1,2,3,4,4,5,5,6,3,3,3,4,5,5,5,5,5,5
870,871,5,5,5,5,5,3,3,3,4,4,1,1,1,2,2,2,2,2,2,2
871,872,4,5,5,6,6,4,4,4,5,5,1,3,3,4,5,5,5,5,4,4
872,873,2,2,2,2,3,3,3,4,4,5,1,2,2,3,3,3,3,3,3,3
873,874,3,3,3,4,4,1,2,2,3,3,4,4,4,4,4,4,3,3,3,2
874,875,5,5,5,5,6,4,5,6,6,6,5,6,6,6,6,5,5,5,5,5
875,876,4,4,5,6,6,1,2,2,3,4,5,5,6,7,7,7,7,6,5,4
876,877,2,2,2,3,3,3,3,4,4,4,2,2,3,4,5,5,5,5,4,4
877,878,2,2,2,3,3,4,4,5,5,5,1,2,3,4,5,5,5,5,5,5
878,879,4,4,5,5,6,5,5,6,6,6,5,6,6,7,7,7,6,6,6,6
879,880,3,3,4,4,4,5,5,6,6,6,2,3,3,3,4,3,3,4,4,4
880,881,3,3,4,5,6,3,4,4,5,6,3,4,5,5,6,6,5,5,5,5
881,882,2,2,2,3,3,5,5,6,6,6,4,5,6,6,7,6,6,6,6,6
882,883,1,1,2,2,3,3,3,4,5,6,5,6,6,7,7,6,6,6,5,5
883,884,4,4,4,5,5,1,2,3,3,4,2,3,4,5,5,5,5,4,4,3
884,885,3,3,3,3,3,1,1,2,3,3,2,2,3,3,3,3,2,2,2,2
885,886,1,2,3,4,5,3,4,5,6,6,5,5,5,6,7,7,7,6,6,6
886,887,2,2,2,2,3,5,5,6,6,7,1,1,2,3,3,3,3,3,4,4
887,888,2,3,3,3,4,4,4,5,5,6,5,6,6,7,7,6,6,6,6,5
888,889,2,2,3,4,5,3,4,4,4,5,5,5,6,7,7,7,7,6,6,5
889,890,2,3,4,4,4,1,1,1,2,3,2,3,4,4,5,5,4,4,3,3
890,891,3,3,3,3,3,3,3,3,3,3,5,6,6,7,7,6,6,6,5,5
891,892,3,3,4,4,4,5,5,5,5,5,5,6,6,6,7,6,6,6,6,5
892,893,1,1,2,2,3,4,4,5,6,6,4,5,6,7,7,6,6,6,6,6
893,894,5,5,5,6,6,3,4,5,5,5,3,3,4,5,5,5,5,4,4,4
894,895,5,5,5,6,6,3,4,4,4,5,1,1,2,2,2,2,2,2,2,2
895,896,5,5,5,6,6,2,3,4,4,5,1,1,1,1,1,1,1,1,1,1
896,897,4,4,4,5,5,1,1,1,2,2,3,3,4,4,4,4,3,3,3,2
897,898,4,5,5,6,6,5,5,6,6,7,4,5,6,7,7,7,6,6,6,6
898,899,5,5,5,6,7,2,2,2,3,4,2,3,3,3,4,4,4,3,3,3
899,900,5,5,5,5,5,4,5,5,5,6,4,4,5,5,5,5,4,4,4,4
900,901,2,3,4,4,5,4,5,5,6,7,3,4,4,4,5,4,4,4,4,4
901,902,3,4,5,6,7,5,5,5,5,5,1,1,1,1,1,1,1,2,2,2
902,903,4,5,5,5,5,4,5,5,6,7,4,4,4,5,5,5,5,4,4,4
903,904,3,3,4,4,5,2,2,3,4,5,1,2,3,3,3,3,2,2,2,2
904,905,1,2,3,3,3,3,3,3,4,5,1,1,1,2,2,2,2,2,2,2
905,906,1,1,1,1,2,5,5,6,6,7,3,4,4,5,5,4,4,5,5,5
906,907,4,4,4,4,5,3,3,3,4,4,2,3,4,5,6,6,6,5,5,5
907,908,1,1,1,1,2,2,2,2,3,3,3,4,4,5,5,4,4,4,4,3
908,909,3,3,3,4,5,5,5,6,6,7,5,6,6,6,7,6,6,6,6,6
909,910,3,4,5,6,7,2,3,4,5,5,3,3,3,3,4,4,4,3,3,3
910,911,1,2,3,4,4,1,1,2,2,3,5,5,5,6,6,6,6,5,4,4
911,912,5,5,5,6,6,3,4,5,5,5,5,5,6,7,7,7,7,6,6,5
912,913,1,2,2,2,3,3,4,4,5,5,2,2,3,4,4,4,4,4,4,4
913,914,5,5,5,6,7,2,2,3,4,4,5,5,5,6,7,7,7,6,5,5
914,915,3,3,3,3,3,1,1,1,1,1,5,4,5,6,6,6,6,5,4,4
915,916,3,3,4,5,6,1,2,3,4,5,1,2,3,3,3,3,3,2,2,2
916,917,2,2,3,3,3,2,2,2,3,4,5,6,6,7,7,6,6,5,5,4
917,918,5,5,5,5,5,1,2,2,2,2,2,3,3,4,5,5,5,4,4,3
918,919,1,1,1,2,2,4,4,5,6,7,3,3,4,4,4,4,3,3,4,4
919,920,4,4,4,4,4,4,5,5,6,6,4,4,4,6,4,4,4,3,4,4
920,921,5,5,5,5,5,3,4,4,5,6,4,4,5,6,6,6,5,5,5,5
921,922,4,4,5,6,6,2,2,3,4,4,2,3,4,4,4,4,3,3,3,3
922,923,5,5,5,5,6,3,3,3,3,4,2,3,4,5,6,6,6,5,5,5
923,924,3,3,4,4,4,1,2,3,3,4,2,3,3,4,5,5,4,4,4,4
924,925,2,2,2,3,3,2,2,3,4,4,5,6,6,6,7,6,6,5,5,5
925,926,3,3,3,3,3,1,2,3,4,4,1,2,2,2,2,2,1,1,1,1
926,927,1,1,1,1,1,1,2,2,3,3,4,5,6,7,7,6,6,5,5,4
927,928,4,4,4,4,4,4,4,4,4,4,2,3,4,4,5,4,4,4,4,4
928,929,2,3,4,5,5,5,5,6,6,7,3,4,4,5,6,6,6,6,6,6
929,930,3,4,4,4,4,1,2,3,3,4,3,4,5,5,6,5,5,4,4,4
930,931,2,3,3,3,3,4,5,5,5,5,1,1,1,1,1,1,1,1,2,2
931,932,3,3,4,5,5,3,4,4,4,4,2,2,3,4,4,4,4,4,4,4
932,933,4,5,5,5,6,1,2,2,3,3,3,4,4,5,6,6,6,5,4,4
933,934,4,5,5,6,7,5,5,5,5,5,4,5,5,5,5,5,5,4,4,4
934,935,5,5,5,5,5,2,3,3,4,5,4,5,5,5,5,4,4,4,3,3
935,936,3,4,4,5,6,4,5,6,6,7,1,2,4,4,5,5,4,5,5,5
936,937,5,5,5,5,6,3,3,4,5,5,3,4,5,5,5,5,4,4,4,4
937,938,4,4,5,5,5,2,2,3,3,4,5,5,6,7,7,7,6,6,5,5
938,939,5,5,5,5,7,3,3,4,5,5,5,6,6,7,7,7,7,6,5,5
939,940,5,5,5,6,6,3,4,4,4,5,3,5,5,6,6,6,5,5,5,4
940,941,2,3,3,3,3,2,3,4,5,6,4,4,5,5,6,5,5,5,4,4
941,942,3,3,3,4,5,3,4,5,6,7,4,5,6,7,7,7,6,6,6,6
942,943,2,3,4,4,4,1,2,2,3,3,1,2,3,3,4,4,3,3,3,3
943,944,3,3,3,4,5,4,5,6,6,7,5,6,6,6,6,5,5,5,5,5
944,945,4,5,5,6,7,5,5,6,6,7,5,5,5,6,6,6,6,6,6,5
945,946,5,5,5,6,7,5,5,6,6,6,4,3,4,5,5,5,5,5,5,5
946,947,1,2,3,4,4,5,5,5,5,6,2,3,3,3,3,3,3,3,3,3
947,948,2,2,2,2,3,1,1,1,2,2,2,2,2,3,4,4,4,3,3,3
948,949,3,4,4,4,5,5,5,5,5,5,2,3,4,5,5,5,5,5,5,5
949,950,2,2,3,3,4,4,4,4,4,4,5,5,6,7,7,7,7,6,6,6
950,951,4,5,5,6,6,2,3,3,3,4,3,3,4,5,6,6,6,5,5,5
951,952,5,5,5,5,5,3,3,4,4,4,1,1,2,2,3,3,3,3,3,3
952,953,3,4,4,4,5,2,3,3,4,5,3,2,4,4,4,4,4,3,3,3
953,954,1,1,2,3,3,3,4,5,5,6,2,3,4,5,6,6,5,5,5,5
954,955,2,3,3,4,5,5,5,6,6,6,3,3,3,3,4,4,4,4,4,4
955,956,3,4,5,5,5,1,1,1,2,3,1,1,2,3,3,3,3,2,2,2
956,957,2,2,2,3,4,5,5,5,5,5,1,1,1,2,2,2,2,3,3,3
957,958,1,2,3,4,5,3,4,4,5,5,2,3,4,5,5,5,5,4,4,4
958,959,2,2,2,2,3,4,5,5,5,5,5,6,6,7,7,6,6,6,6,6
959,960,5,5,5,6,6,3,3,3,3,3,4,5,5,5,6,5,5,5,4,4
960,961,3,4,5,6,6,3,4,5,6,7,1,2,2,3,4,4,4,4,4,4
961,962,4,5,5,5,5,1,1,2,3,3,4,5,6,6,6,6,5,4,4,3
962,963,5,5,5,5,5,1,1,2,3,3,5,6,6,6,6,5,5,4,3,3
963,964,5,5,5,6,7,3,4,4,5,6,2,3,3,4,5,5,5,5,4,4
964,965,3,3,3,3,3,2,3,4,5,5,5,6,6,7,7,6,6,5,5,5
965,966,4,4,4,5,5,2,2,2,2,3,4,3,4,4,4,4,4,3,3,3
966,967,2,3,3,3,3,4,5,6,6,6,4,3,4,5,6,6,6,6,6,6
967,968,4,5,5,5,5,3,4,5,6,7,1,1,1,1,4,3,4,4,4,4
968,969,4,4,4,5,5,1,1,1,1,2,1,1,2,3,3,3,3,3,2,2
969,970,1,2,2,2,3,1,2,2,2,3,5,4,4,5,6,5,6,5,5,4
970,971,2,2,3,4,5,5,5,6,6,7,2,2,2,3,3,3,3,3,4,4
971,972,5,5,5,5,7,2,3,3,4,5,4,4,5,6,6,6,6,5,5,4
972,973,1,1,1,1,2,2,3,3,3,3,4,4,4,4,5,4,4,4,4,4
973,974,1,1,2,2,3,2,3,3,3,3,3,3,4,4,4,4,3,3,3,3
974,975,5,5,5,6,6,4,4,5,5,5,3,3,3,3,3,3,3,3,3,3
975,976,5,5,5,6,6,1,2,3,4,5,3,4,4,5,6,6,5,5,4,4
976,977,4,5,5,6,6,3,3,4,4,5,1,1,2,3,4,4,4,4,4,4
977,978,5,5,5,5,5,1,2,3,4,4,1,2,3,4,4,4,3,3,3,3
978,979,4,5,5,5,7,2,3,3,4,5,4,5,5,5,5,5,4,4,4,3
979,980,2,3,4,5,5,5,5,5,5,5,5,6,6,6,6,5,5,5,5,5
980,981,5,5,5,5,5,1,1,2,3,3,4,5,5,6,6,6,5,4,4,4
981,982,3,4,4,5,5,1,2,3,3,3,2,3,4,5,6,6,5,5,5,4
982,983,3,3,4,4,5,3,3,4,4,5,1,2,3,3,4,4,3,4,3,3
983,984,2,3,3,3,4,4,4,5,5,6,4,4,5,5,6,5,5,5,5,5
984,985,1,1,1,2,3,1,1,2,3,3,3,3,4,5,4,4,4,3,3,3
985,986,5,5,5,6,6,2,3,4,5,5,5,6,6,6,6,5,5,4,4,4
986,987,3,3,4,5,5,3,4,5,5,5,3,4,4,4,4,4,3,3,3,3
987,988,2,2,3,4,4,5,5,5,5,5,3,4,5,5,6,5,5,5,5,5
988,989,3,4,5,5,6,3,3,3,4,4,5,6,6,7,7,7,6,6,5,5
989,990,5,5,5,6,7,5,5,6,6,7,3,3,4,5,5,5,5,5,5,5
990,991,5,5,5,5,5,4,4,5,5,6,4,5,5,7,7,7,7,6,6,6
991,992,2,3,4,5,5,4,5,6,6,6,3,3,3,3,3,3,3,3,3,3
992,993,3,3,3,4,5,4,4,4,4,5,3,4,4,4,5,4,5,5,4,4
993,994,1,1,2,2,2,4,5,6,6,6,3,4,4,5,6,5,5,5,5,5
994,995,4,4,5,5,6,4,5,6,6,7,3,3,4,5,5,5,5,5,5,5
995,996,2,3,4,5,5,1,2,3,3,3,5,6,6,6,6,5,5,4,4,4
996,997,5,5,5,5,7,2,2,3,4,5,1,1,2,2,2,2,2,2,2,2
997,998,1,1,1,2,3,4,4,4,5,5,4,3,4,5,5,5,5,5,5,5
998,999,1,1,2,2,3,1,1,2,2,2,5,6,6,7,7,6,6,5,5,4
999,1000,2,2,2,2,3,2,2,3,4,4,1,2,2,2,3,2,2,2,2,2
