Weeks,W1,,,,,W2,,,,,W3,,,,,W4,,,,,W5,,,,,W6,,,,
Days,M,T,W,TH,F,M,T,W,TH,F,M,T,W,TH,F,M,T,W,TH,F,M,T,W,TH,F,M,T,W,TH,F
1,4,5,5,6,7,1,2,3,4,5,3,4,5,6,7,4,5,6,7,7,5,6,7,7,7,4,5,6,7,8
2,1,2,3,4,5,5,5,6,6,7,3,4,5,6,7,6,6,7,7,7,3,4,5,6,7,,5,6,7,8
3,3,4,5,6,7,2,3,4,5,6,5,6,6,7,7,2,3,4,5,6,3,4,5,6,7,5,,,7,8
4,1,2,3,4,5,1,2,3,4,5,1,2,3,4,5,4,5,6,7,7,4,5,6,7,7,2,3,,5,6
5,2,3,4,5,6,5,5,6,6,7,5,6,6,7,7,4,5,6,7,7,3,4,5,6,7,4,,6,7,8
6,5,5,5,6,7,3,4,5,6,7,1,2,3,4,5,1,2,3,4,5,6,7,7,7,7,4,5,6,7,
7,5,5,5,6,7,5,5,6,6,7,2,3,4,5,6,1,2,3,4,5,2,3,4,5,6,4,5,6,7,
8,3,4,5,6,7,5,5,6,6,7,4,5,6,7,7,3,4,5,6,7,5,6,7,7,7,5,,,7,8
9,5,5,5,6,7,3,4,5,6,7,5,6,6,7,7,6,6,7,7,7,4,5,6,7,7,4,5,6,7,
10,5,5,5,6,7,5,5,6,6,7,5,6,6,7,7,1,2,3,4,5,3,4,5,6,7,4,5,6,7,
11,1,2,3,4,5,1,2,3,4,5,5,6,6,7,7,2,3,4,5,6,1,2,3,4,5,3,,5,6,7
12,1,2,3,4,5,3,4,5,6,7,5,6,6,7,7,2,3,4,5,6,6,7,7,7,7,2,3,,5,6
13,1,2,3,4,5,3,4,5,6,7,2,3,4,5,6,2,3,4,5,6,6,7,7,7,7,5,6,6,7,8
14,4,5,5,6,7,5,5,6,6,7,2,3,4,5,6,1,2,3,4,5,2,3,4,5,6,1,,3,4,5
15,5,5,5,6,7,3,4,5,6,7,5,6,6,7,7,3,4,5,6,7,6,7,7,7,7,2,,4,5,6
16,4,5,5,6,7,1,2,3,4,5,3,4,5,6,7,3,4,5,6,7,2,3,4,5,6,4,5,6,,8
17,2,3,4,5,6,4,5,6,6,7,4,5,6,7,7,4,5,6,7,7,1,2,3,4,5,6,6,6,7,8
18,1,2,3,4,5,5,5,6,6,7,2,3,4,5,6,4,5,6,7,7,4,5,6,7,7,2,3,,5,6
19,4,5,5,6,7,2,3,4,5,6,3,4,5,6,7,5,6,7,7,7,5,6,7,7,7,3,4,5,6,
20,1,2,3,4,5,4,5,6,6,7,3,4,5,6,7,1,2,3,4,5,6,7,7,7,7,6,6,6,7,8
21,5,5,5,6,7,4,5,6,6,7,3,4,5,6,7,6,6,7,7,7,6,7,7,7,7,2,,4,5,6
22,2,3,4,5,6,5,5,6,6,7,3,4,5,6,7,3,4,5,6,7,4,5,6,7,7,6,6,6,7,8
23,1,2,3,4,5,1,2,3,4,5,5,6,6,7,7,5,6,7,7,7,6,7,7,7,7,6,6,6,7,8
24,1,2,3,4,5,4,5,6,6,7,2,3,4,5,6,1,2,3,4,5,6,7,7,7,7,1,2,3,,5
25,2,3,4,5,6,2,3,4,5,6,4,5,6,7,7,4,5,6,7,7,6,7,7,7,7,1,2,3,4,
26,3,4,5,6,7,2,3,4,5,6,5,6,6,7,7,5,6,7,7,7,4,5,6,7,7,4,5,,7,8
27,2,3,4,5,6,2,3,4,5,6,4,5,6,7,7,4,5,6,7,7,4,5,6,7,7,2,3,4,,6
28,5,5,5,6,7,2,3,4,5,6,1,2,3,4,5,1,2,3,4,5,5,6,7,7,7,2,,4,5,6
29,5,5,5,6,7,4,5,6,6,7,5,6,6,7,7,4,5,6,7,7,3,4,5,6,7,6,6,6,7,
30,4,5,5,6,7,1,2,3,4,5,2,3,4,5,6,1,2,3,4,5,1,2,3,4,5,6,6,6,,8
31,1,2,3,4,5,1,2,3,4,5,4,5,6,7,7,1,2,3,4,5,4,5,6,7,7,,5,6,7,8
32,2,3,4,5,6,2,3,4,5,6,5,6,6,7,7,4,5,6,7,7,4,5,6,7,7,1,2,3,4,
33,4,5,5,6,7,1,2,3,4,5,3,4,5,6,7,4,5,6,7,7,5,6,7,7,7,6,6,6,,8
34,4,5,5,6,7,2,3,4,5,6,4,5,6,7,7,6,6,7,7,7,2,3,4,5,6,,3,4,5,6
35,5,5,5,6,7,2,3,4,5,6,1,2,3,4,5,3,4,5,6,7,1,2,3,4,5,2,,4,5,6
36,4,5,5,6,7,3,4,5,6,7,3,4,5,6,7,4,5,6,7,7,1,2,3,4,5,1,,3,4,5
37,2,3,4,5,6,4,5,6,6,7,5,6,6,7,7,3,4,5,6,7,1,2,3,4,5,1,2,3,4,
38,4,5,5,6,7,4,5,6,6,7,3,4,5,6,7,3,4,5,6,7,2,3,4,5,6,6,6,6,,8
39,5,5,5,6,7,5,5,6,6,7,4,5,6,7,7,2,3,4,5,6,5,6,7,7,7,6,6,6,7,
40,4,5,5,6,7,4,5,6,6,7,3,4,5,6,7,3,4,5,6,7,4,5,6,7,7,5,6,6,,8
41,5,5,5,6,7,1,2,3,4,5,2,3,4,5,6,4,5,6,7,7,6,7,7,7,7,5,6,6,7,
42,1,2,3,4,5,4,5,6,6,7,1,2,3,4,5,4,5,6,7,7,2,3,4,5,6,6,6,6,7,8
43,1,2,3,4,5,2,3,4,5,6,2,3,4,5,6,1,2,3,4,5,6,7,7,7,7,1,2,3,,5
44,1,2,3,4,5,3,4,5,6,7,4,5,6,7,7,2,3,4,5,6,6,7,7,7,7,3,,5,6,7
45,3,4,5,6,7,1,2,3,4,5,2,3,4,5,6,2,3,4,5,6,6,7,7,7,7,,,6,7,8
46,5,5,5,6,7,3,4,5,6,7,5,6,6,7,7,6,6,7,7,7,3,4,5,6,7,4,5,6,7,
47,1,2,3,4,5,4,5,6,6,7,1,2,3,4,5,6,6,7,7,7,6,7,7,7,7,,5,6,7,8
48,1,2,3,4,5,5,5,6,6,7,1,2,3,4,5,3,4,5,6,7,2,3,4,5,6,6,6,6,7,8
49,4,5,5,6,7,5,5,6,6,7,3,4,5,6,7,3,4,5,6,7,6,7,7,7,7,6,6,6,,8
50,5,5,5,6,7,5,5,6,6,7,3,4,5,6,7,2,3,4,5,6,2,3,4,5,6,,4,5,6,7
51,5,5,5,6,7,1,2,3,4,5,3,4,5,6,7,2,3,4,5,6,1,2,3,4,5,1,2,,4,5
52,1,2,3,4,5,2,3,4,5,6,4,5,6,7,7,4,5,6,7,7,2,3,4,5,6,6,6,6,7,8
53,4,5,5,6,7,4,5,6,6,7,5,6,6,7,7,1,2,3,4,5,1,2,3,4,5,5,6,6,,8
54,1,2,3,4,5,2,3,4,5,6,3,4,5,6,7,5,6,7,7,7,6,7,7,7,7,3,,5,6,7
55,5,5,5,6,7,3,4,5,6,7,2,3,4,5,6,4,5,6,7,7,5,6,7,7,7,1,2,,4,5
56,5,5,5,6,7,4,5,6,6,7,5,6,6,7,7,4,5,6,7,7,3,4,5,6,7,6,6,6,7,
57,4,5,5,6,7,1,2,3,4,5,4,5,6,7,7,2,3,4,5,6,5,6,7,7,7,4,5,6,,8
58,1,2,3,4,5,1,2,3,4,5,4,5,6,7,7,6,6,7,7,7,1,2,3,4,5,3,,5,6,7
59,1,2,3,4,5,3,4,5,6,7,2,3,4,5,6,5,6,7,7,7,2,3,4,5,6,5,6,6,7,8
60,3,4,5,6,7,4,5,6,6,7,1,2,3,4,5,6,6,7,7,7,6,7,7,7,7,3,4,5,,7
61,3,4,5,6,7,1,2,3,4,5,4,5,6,7,7,5,6,7,7,7,1,2,3,4,5,3,4,5,,7
62,3,4,5,6,7,5,5,6,6,7,1,2,3,4,5,3,4,5,6,7,1,2,3,4,5,,2,3,4,5
63,3,4,5,6,7,2,3,4,5,6,3,4,5,6,7,3,4,5,6,7,4,5,6,7,7,5,,,7,8
64,4,5,5,6,7,5,5,6,6,7,5,6,6,7,7,6,6,7,7,7,4,5,6,7,7,4,5,6,,8
65,4,5,5,6,7,4,5,6,6,7,5,6,6,7,7,6,6,7,7,7,4,5,6,7,7,1,,3,4,5
66,4,5,5,6,7,3,4,5,6,7,1,2,3,4,5,6,6,7,7,7,5,6,7,7,7,1,,3,4,5
67,5,5,5,6,7,1,2,3,4,5,2,3,4,5,6,5,6,7,7,7,5,6,7,7,7,,4,5,6,7
68,5,5,5,6,7,1,2,3,4,5,2,3,4,5,6,2,3,4,5,6,1,2,3,4,5,4,5,6,7,
69,1,2,3,4,5,4,5,6,6,7,3,4,5,6,7,2,3,4,5,6,1,2,3,4,5,6,6,6,7,8
70,5,5,5,6,7,1,2,3,4,5,4,5,6,7,7,6,6,7,7,7,2,3,4,5,6,,4,5,6,7
71,2,3,4,5,6,3,4,5,6,7,1,2,3,4,5,1,2,3,4,5,4,5,6,7,7,2,3,4,,6
72,2,3,4,5,6,3,4,5,6,7,1,2,3,4,5,1,2,3,4,5,5,6,7,7,7,6,6,6,7,8
73,5,5,5,6,7,2,3,4,5,6,4,5,6,7,7,3,4,5,6,7,3,4,5,6,7,1,2,,4,5
74,4,5,5,6,7,5,5,6,6,7,1,2,3,4,5,3,4,5,6,7,3,4,5,6,7,,3,4,5,6
75,4,5,5,6,7,2,3,4,5,6,1,2,3,4,5,4,5,6,7,7,2,3,4,5,6,,3,4,5,6
76,1,2,3,4,5,3,4,5,6,7,5,6,6,7,7,1,2,3,4,5,6,7,7,7,7,2,3,,5,6
77,5,5,5,6,7,5,5,6,6,7,2,3,4,5,6,6,6,7,7,7,3,4,5,6,7,2,,4,5,6
78,3,4,5,6,7,1,2,3,4,5,3,4,5,6,7,5,6,7,7,7,3,4,5,6,7,4,5,,7,8
79,2,3,4,5,6,4,5,6,6,7,4,5,6,7,7,6,6,7,7,7,5,6,7,7,7,,6,6,7,8
80,5,5,5,6,7,3,4,5,6,7,5,6,6,7,7,2,3,4,5,6,1,2,3,4,5,2,,4,5,6
81,5,5,5,6,7,2,3,4,5,6,4,5,6,7,7,5,6,7,7,7,1,2,3,4,5,2,,4,5,6
82,3,4,5,6,7,3,4,5,6,7,3,4,5,6,7,2,3,4,5,6,2,3,4,5,6,5,,,7,8
83,3,4,5,6,7,5,5,6,6,7,1,2,3,4,5,2,3,4,5,6,1,2,3,4,5,,6,,7,8
84,5,5,5,6,7,4,5,6,6,7,2,3,4,5,6,4,5,6,7,7,6,7,7,7,7,6,6,6,7,
85,2,3,4,5,6,5,5,6,6,7,4,5,6,7,7,3,4,5,6,7,5,6,7,7,7,3,4,,6,7
86,3,4,5,6,7,5,5,6,6,7,1,2,3,4,5,4,5,6,7,7,5,6,7,7,7,3,4,5,,7
87,2,3,4,5,6,3,4,5,6,7,2,3,4,5,6,1,2,3,4,5,5,6,7,7,7,1,2,3,4,
88,3,4,5,6,7,1,2,3,4,5,5,6,6,7,7,2,3,4,5,6,6,7,7,7,7,,,6,7,8
89,3,4,5,6,7,1,2,3,4,5,5,6,6,7,7,2,3,4,5,6,2,3,4,5,6,3,4,5,,7
90,4,5,5,6,7,2,3,4,5,6,4,5,6,7,7,1,2,3,4,5,5,6,7,7,7,,3,4,5,6
91,5,5,5,6,7,4,5,6,6,7,5,6,6,7,7,1,2,3,4,5,1,2,3,4,5,2,,4,5,6
92,2,3,4,5,6,1,2,3,4,5,5,6,6,7,7,3,4,5,6,7,1,2,3,4,5,3,4,,6,7
93,4,5,5,6,7,2,3,4,5,6,4,5,6,7,7,6,6,7,7,7,1,2,3,4,5,,3,4,5,6
94,4,5,5,6,7,1,2,3,4,5,4,5,6,7,7,1,2,3,4,5,3,4,5,6,7,5,6,6,,8
95,5,5,5,6,7,2,3,4,5,6,2,3,4,5,6,5,6,7,7,7,6,7,7,7,7,1,2,,4,5
96,4,5,5,6,7,1,2,3,4,5,5,6,6,7,7,6,6,7,7,7,2,3,4,5,6,6,6,6,,8
97,3,4,5,6,7,5,5,6,6,7,1,2,3,4,5,5,6,7,7,7,4,5,6,7,7,2,3,4,5,
98,3,4,5,6,7,1,2,3,4,5,4,5,6,7,7,3,4,5,6,7,4,5,6,7,7,3,4,5,,7
99,1,2,3,4,5,2,3,4,5,6,4,5,6,7,7,4,5,6,7,7,6,7,7,7,7,2,3,,5,6
100,5,5,5,6,7,1,2,3,4,5,4,5,6,7,7,1,2,3,4,5,4,5,6,7,7,5,6,6,7,
101,5,5,5,6,7,2,3,4,5,6,1,2,3,4,5,6,6,7,7,7,4,5,6,7,7,,4,5,6,7
102,4,5,5,6,7,5,5,6,6,7,5,6,6,7,7,6,6,7,7,7,1,2,3,4,5,,3,4,5,6
103,2,3,4,5,6,1,2,3,4,5,3,4,5,6,7,4,5,6,7,7,4,5,6,7,7,2,3,4,,6
104,4,5,5,6,7,3,4,5,6,7,5,6,6,7,7,4,5,6,7,7,3,4,5,6,7,5,6,6,,8
105,3,4,5,6,7,4,5,6,6,7,4,5,6,7,7,3,4,5,6,7,5,6,7,7,7,5,,,7,8
106,4,5,5,6,7,5,5,6,6,7,2,3,4,5,6,3,4,5,6,7,4,5,6,7,7,6,6,6,,8
107,4,5,5,6,7,5,5,6,6,7,5,6,6,7,7,5,6,7,7,7,5,6,7,7,7,,3,4,5,6
108,4,5,5,6,7,1,2,3,4,5,1,2,3,4,5,3,4,5,6,7,5,6,7,7,7,6,6,6,,8
109,2,3,4,5,6,4,5,6,6,7,1,2,3,4,5,5,6,7,7,7,1,2,3,4,5,,6,6,7,8
110,1,2,3,4,5,2,3,4,5,6,5,6,6,7,7,6,6,7,7,7,6,7,7,7,7,3,,5,6,7
111,3,4,5,6,7,3,4,5,6,7,5,6,6,7,7,2,3,4,5,6,2,3,4,5,6,,2,3,4,5
112,1,2,3,4,5,4,5,6,6,7,4,5,6,7,7,1,2,3,4,5,4,5,6,7,7,2,3,,5,6
113,4,5,5,6,7,2,3,4,5,6,2,3,4,5,6,1,2,3,4,5,5,6,7,7,7,4,5,6,,8
114,2,3,4,5,6,5,5,6,6,7,4,5,6,7,7,1,2,3,4,5,6,7,7,7,7,1,2,3,4,
115,5,5,5,6,7,5,5,6,6,7,1,2,3,4,5,5,6,7,7,7,6,7,7,7,7,5,6,6,7,
116,3,4,5,6,7,4,5,6,6,7,4,5,6,7,7,2,3,4,5,6,1,2,3,4,5,3,4,5,,7
117,1,2,3,4,5,1,2,3,4,5,3,4,5,6,7,3,4,5,6,7,1,2,3,4,5,5,6,6,7,8
118,1,2,3,4,5,4,5,6,6,7,4,5,6,7,7,6,6,7,7,7,5,6,7,7,7,1,2,3,,5
119,4,5,5,6,7,3,4,5,6,7,2,3,4,5,6,4,5,6,7,7,2,3,4,5,6,6,6,6,,8
120,1,2,3,4,5,4,5,6,6,7,2,3,4,5,6,4,5,6,7,7,2,3,4,5,6,1,2,3,,5
121,5,5,5,6,7,5,5,6,6,7,5,6,6,7,7,3,4,5,6,7,2,3,4,5,6,,4,5,6,7
122,1,2,3,4,5,5,5,6,6,7,1,2,3,4,5,1,2,3,4,5,5,6,7,7,7,2,3,,5,6
123,2,3,4,5,6,2,3,4,5,6,3,4,5,6,7,2,3,4,5,6,5,6,7,7,7,4,,6,7,8
124,5,5,5,6,7,2,3,4,5,6,1,2,3,4,5,1,2,3,4,5,1,2,3,4,5,4,5,6,7,
125,5,5,5,6,7,3,4,5,6,7,1,2,3,4,5,3,4,5,6,7,3,4,5,6,7,4,5,6,7,
126,3,4,5,6,7,1,2,3,4,5,1,2,3,4,5,2,3,4,5,6,2,3,4,5,6,,,6,7,8
127,5,5,5,6,7,5,5,6,6,7,4,5,6,7,7,2,3,4,5,6,6,7,7,7,7,4,5,6,7,
128,2,3,4,5,6,3,4,5,6,7,3,4,5,6,7,4,5,6,7,7,4,5,6,7,7,3,4,,6,7
129,4,5,5,6,7,5,5,6,6,7,1,2,3,4,5,1,2,3,4,5,3,4,5,6,7,,3,4,5,6
130,3,4,5,6,7,2,3,4,5,6,2,3,4,5,6,6,6,7,7,7,2,3,4,5,6,2,3,4,5,
131,3,4,5,6,7,3,4,5,6,7,4,5,6,7,7,1,2,3,4,5,6,7,7,7,7,4,5,,7,8
132,1,2,3,4,5,5,5,6,6,7,2,3,4,5,6,6,6,7,7,7,5,6,7,7,7,5,6,6,7,8
133,2,3,4,5,6,2,3,4,5,6,3,4,5,6,7,4,5,6,7,7,6,7,7,7,7,2,3,4,,6
134,2,3,4,5,6,4,5,6,6,7,1,2,3,4,5,6,6,7,7,7,2,3,4,5,6,3,4,,6,7
135,3,4,5,6,7,5,5,6,6,7,1,2,3,4,5,4,5,6,7,7,6,7,7,7,7,3,4,5,,7
136,1,2,3,4,5,1,2,3,4,5,1,2,3,4,5,4,5,6,7,7,1,2,3,4,5,1,2,3,,5
137,1,2,3,4,5,4,5,6,6,7,2,3,4,5,6,3,4,5,6,7,4,5,6,7,7,1,2,3,,5
138,5,5,5,6,7,4,5,6,6,7,1,2,3,4,5,1,2,3,4,5,2,3,4,5,6,1,2,,4,5
139,1,2,3,4,5,2,3,4,5,6,3,4,5,6,7,3,4,5,6,7,4,5,6,7,7,,5,6,7,8
140,5,5,5,6,7,4,5,6,6,7,5,6,6,7,7,3,4,5,6,7,4,5,6,7,7,2,,4,5,6
141,5,5,5,6,7,5,5,6,6,7,2,3,4,5,6,1,2,3,4,5,4,5,6,7,7,6,6,6,7,
142,2,3,4,5,6,1,2,3,4,5,1,2,3,4,5,5,6,7,7,7,5,6,7,7,7,6,6,6,7,8
143,4,5,5,6,7,5,5,6,6,7,2,3,4,5,6,2,3,4,5,6,2,3,4,5,6,,3,4,5,6
144,2,3,4,5,6,4,5,6,6,7,2,3,4,5,6,3,4,5,6,7,3,4,5,6,7,6,6,6,7,8
145,5,5,5,6,7,4,5,6,6,7,5,6,6,7,7,5,6,7,7,7,4,5,6,7,7,4,5,6,7,
146,3,4,5,6,7,5,5,6,6,7,1,2,3,4,5,4,5,6,7,7,3,4,5,6,7,5,,,7,8
147,1,2,3,4,5,5,5,6,6,7,4,5,6,7,7,4,5,6,7,7,3,4,5,6,7,5,6,6,7,8
148,4,5,5,6,7,1,2,3,4,5,3,4,5,6,7,2,3,4,5,6,4,5,6,7,7,,3,4,5,6
149,3,4,5,6,7,4,5,6,6,7,5,6,6,7,7,3,4,5,6,7,5,6,7,7,7,5,,,7,8
150,4,5,5,6,7,5,5,6,6,7,2,3,4,5,6,4,5,6,7,7,2,3,4,5,6,1,,3,4,5
151,2,3,4,5,6,3,4,5,6,7,5,6,6,7,7,6,6,7,7,7,2,3,4,5,6,2,3,4,,6
152,1,2,3,4,5,5,5,6,6,7,4,5,6,7,7,1,2,3,4,5,3,4,5,6,7,6,6,6,7,8
153,4,5,5,6,7,1,2,3,4,5,4,5,6,7,7,3,4,5,6,7,2,3,4,5,6,,3,4,5,6
154,5,5,5,6,7,4,5,6,6,7,5,6,6,7,7,1,2,3,4,5,1,2,3,4,5,2,,4,5,6
155,5,5,5,6,7,2,3,4,5,6,2,3,4,5,6,4,5,6,7,7,3,4,5,6,7,,4,5,6,7
156,1,2,3,4,5,1,2,3,4,5,4,5,6,7,7,2,3,4,5,6,1,2,3,4,5,,5,6,7,8
157,1,2,3,4,5,2,3,4,5,6,2,3,4,5,6,6,6,7,7,7,4,5,6,7,7,3,,5,6,7
158,1,2,3,4,5,2,3,4,5,6,4,5,6,7,7,1,2,3,4,5,1,2,3,4,5,6,6,6,7,8
159,1,2,3,4,5,2,3,4,5,6,2,3,4,5,6,4,5,6,7,7,3,4,5,6,7,5,6,6,7,8
160,4,5,5,6,7,4,5,6,6,7,5,6,6,7,7,1,2,3,4,5,1,2,3,4,5,1,,3,4,5
161,5,5,5,6,7,3,4,5,6,7,5,6,6,7,7,1,2,3,4,5,2,3,4,5,6,2,,4,5,6
162,5,5,5,6,7,5,5,6,6,7,2,3,4,5,6,5,6,7,7,7,6,7,7,7,7,6,6,6,7,
163,1,2,3,4,5,5,5,6,6,7,4,5,6,7,7,2,3,4,5,6,4,5,6,7,7,,5,6,7,8
164,2,3,4,5,6,2,3,4,5,6,1,2,3,4,5,6,6,7,7,7,6,7,7,7,7,1,2,3,4,
165,2,3,4,5,6,1,2,3,4,5,5,6,6,7,7,6,6,7,7,7,5,6,7,7,7,4,,6,7,8
166,4,5,5,6,7,2,3,4,5,6,3,4,5,6,7,1,2,3,4,5,2,3,4,5,6,5,6,6,,8
167,1,2,3,4,5,4,5,6,6,7,2,3,4,5,6,1,2,3,4,5,3,4,5,6,7,2,3,,5,6
168,5,5,5,6,7,4,5,6,6,7,5,6,6,7,7,5,6,7,7,7,2,3,4,5,6,4,5,6,7,
169,1,2,3,4,5,1,2,3,4,5,3,4,5,6,7,6,6,7,7,7,3,4,5,6,7,1,2,3,,5
170,2,3,4,5,6,5,5,6,6,7,2,3,4,5,6,2,3,4,5,6,4,5,6,7,7,4,,6,7,8
171,1,2,3,4,5,2,3,4,5,6,1,2,3,4,5,6,6,7,7,7,2,3,4,5,6,,5,6,7,8
172,3,4,5,6,7,1,2,3,4,5,1,2,3,4,5,6,6,7,7,7,5,6,7,7,7,5,,,7,8
173,4,5,5,6,7,2,3,4,5,6,1,2,3,4,5,5,6,7,7,7,6,7,7,7,7,3,4,5,6,
174,1,2,3,4,5,3,4,5,6,7,5,6,6,7,7,6,6,7,7,7,2,3,4,5,6,1,2,3,,5
175,5,5,5,6,7,3,4,5,6,7,5,6,6,7,7,6,6,7,7,7,1,2,3,4,5,1,2,,4,5
176,3,4,5,6,7,2,3,4,5,6,1,2,3,4,5,5,6,7,7,7,1,2,3,4,5,3,4,5,,7
177,4,5,5,6,7,1,2,3,4,5,2,3,4,5,6,5,6,7,7,7,1,2,3,4,5,6,6,6,,8
178,4,5,5,6,7,2,3,4,5,6,2,3,4,5,6,4,5,6,7,7,5,6,7,7,7,6,6,6,,8
179,2,3,4,5,6,4,5,6,6,7,3,4,5,6,7,2,3,4,5,6,1,2,3,4,5,2,3,4,,6
180,5,5,5,6,7,2,3,4,5,6,4,5,6,7,7,6,6,7,7,7,4,5,6,7,7,,4,5,6,7
181,5,5,5,6,7,5,5,6,6,7,2,3,4,5,6,5,6,7,7,7,5,6,7,7,7,5,6,6,7,
182,1,2,3,4,5,3,4,5,6,7,4,5,6,7,7,6,6,7,7,7,5,6,7,7,7,2,3,,5,6
183,5,5,5,6,7,1,2,3,4,5,5,6,6,7,7,1,2,3,4,5,2,3,4,5,6,1,2,,4,5
184,5,5,5,6,7,1,2,3,4,5,2,3,4,5,6,4,5,6,7,7,3,4,5,6,7,1,2,,4,5
185,4,5,5,6,7,1,2,3,4,5,2,3,4,5,6,5,6,7,7,7,3,4,5,6,7,6,6,6,,8
186,4,5,5,6,7,4,5,6,6,7,5,6,6,7,7,2,3,4,5,6,3,4,5,6,7,,3,4,5,6
187,1,2,3,4,5,5,5,6,6,7,5,6,6,7,7,4,5,6,7,7,6,7,7,7,7,1,2,3,,5
188,3,4,5,6,7,3,4,5,6,7,1,2,3,4,5,1,2,3,4,5,4,5,6,7,7,,,6,7,8
189,5,5,5,6,7,4,5,6,6,7,1,2,3,4,5,5,6,7,7,7,5,6,7,7,7,2,,4,5,6
190,3,4,5,6,7,1,2,3,4,5,5,6,6,7,7,1,2,3,4,5,1,2,3,4,5,,2,3,4,5
191,1,2,3,4,5,1,2,3,4,5,4,5,6,7,7,4,5,6,7,7,1,2,3,4,5,5,6,6,7,8
192,4,5,5,6,7,2,3,4,5,6,4,5,6,7,7,2,3,4,5,6,1,2,3,4,5,3,4,5,6,
193,3,4,5,6,7,1,2,3,4,5,3,4,5,6,7,1,2,3,4,5,2,3,4,5,6,,6,,7,8
194,3,4,5,6,7,5,5,6,6,7,2,3,4,5,6,5,6,7,7,7,5,6,7,7,7,4,5,,7,8
195,2,3,4,5,6,1,2,3,4,5,2,3,4,5,6,2,3,4,5,6,1,2,3,4,5,3,4,,6,7
196,5,5,5,6,7,5,5,6,6,7,1,2,3,4,5,4,5,6,7,7,6,7,7,7,7,6,6,6,7,
197,2,3,4,5,6,4,5,6,6,7,5,6,6,7,7,6,6,7,7,7,2,3,4,5,6,4,,6,7,8
198,5,5,5,6,7,4,5,6,6,7,4,5,6,7,7,1,2,3,4,5,2,3,4,5,6,1,2,,4,5
199,4,5,5,6,7,1,2,3,4,5,5,6,6,7,7,2,3,4,5,6,3,4,5,6,7,4,5,6,,8
200,1,2,3,4,5,1,2,3,4,5,3,4,5,6,7,6,6,7,7,7,4,5,6,7,7,1,2,3,,5
201,2,3,4,5,6,3,4,5,6,7,2,3,4,5,6,5,6,7,7,7,1,2,3,4,5,2,3,4,,6
202,5,5,5,6,7,3,4,5,6,7,5,6,6,7,7,3,4,5,6,7,1,2,3,4,5,1,2,,4,5
203,4,5,5,6,7,4,5,6,6,7,1,2,3,4,5,6,6,7,7,7,5,6,7,7,7,6,6,6,,8
204,5,5,5,6,7,4,5,6,6,7,3,4,5,6,7,1,2,3,4,5,6,7,7,7,7,6,6,6,7,
205,4,5,5,6,7,4,5,6,6,7,4,5,6,7,7,6,6,7,7,7,2,3,4,5,6,4,5,6,,8
206,1,2,3,4,5,2,3,4,5,6,5,6,6,7,7,5,6,7,7,7,1,2,3,4,5,5,6,6,7,8
207,4,5,5,6,7,1,2,3,4,5,1,2,3,4,5,6,6,7,7,7,2,3,4,5,6,4,5,6,,8
208,3,4,5,6,7,3,4,5,6,7,2,3,4,5,6,5,6,7,7,7,6,7,7,7,7,4,5,,7,8
209,4,5,5,6,7,5,5,6,6,7,4,5,6,7,7,5,6,7,7,7,5,6,7,7,7,6,6,6,,8
210,1,2,3,4,5,2,3,4,5,6,1,2,3,4,5,4,5,6,7,7,1,2,3,4,5,1,2,3,,5
211,5,5,5,6,7,2,3,4,5,6,3,4,5,6,7,5,6,7,7,7,3,4,5,6,7,2,,4,5,6
212,3,4,5,6,7,2,3,4,5,6,3,4,5,6,7,2,3,4,5,6,3,4,5,6,7,5,,,7,8
213,1,2,3,4,5,2,3,4,5,6,4,5,6,7,7,5,6,7,7,7,3,4,5,6,7,2,3,,5,6
214,2,3,4,5,6,2,3,4,5,6,5,6,6,7,7,5,6,7,7,7,1,2,3,4,5,2,3,4,,6
215,5,5,5,6,7,5,5,6,6,7,5,6,6,7,7,6,6,7,7,7,5,6,7,7,7,5,6,6,7,
216,3,4,5,6,7,4,5,6,6,7,1,2,3,4,5,6,6,7,7,7,5,6,7,7,7,4,5,,7,8
217,2,3,4,5,6,3,4,5,6,7,1,2,3,4,5,2,3,4,5,6,1,2,3,4,5,6,6,6,7,8
218,4,5,5,6,7,2,3,4,5,6,2,3,4,5,6,5,6,7,7,7,5,6,7,7,7,1,,3,4,5
219,5,5,5,6,7,1,2,3,4,5,4,5,6,7,7,6,6,7,7,7,2,3,4,5,6,5,6,6,7,
220,5,5,5,6,7,3,4,5,6,7,4,5,6,7,7,4,5,6,7,7,4,5,6,7,7,,4,5,6,7
221,3,4,5,6,7,3,4,5,6,7,3,4,5,6,7,1,2,3,4,5,3,4,5,6,7,6,,,7,8
222,1,2,3,4,5,5,5,6,6,7,4,5,6,7,7,3,4,5,6,7,2,3,4,5,6,,5,6,7,8
223,2,3,4,5,6,2,3,4,5,6,4,5,6,7,7,4,5,6,7,7,6,7,7,7,7,4,,6,7,8
224,5,5,5,6,7,1,2,3,4,5,2,3,4,5,6,1,2,3,4,5,3,4,5,6,7,1,2,,4,5
225,4,5,5,6,7,4,5,6,6,7,1,2,3,4,5,1,2,3,4,5,3,4,5,6,7,,3,4,5,6
226,3,4,5,6,7,2,3,4,5,6,2,3,4,5,6,1,2,3,4,5,4,5,6,7,7,4,5,,7,8
227,2,3,4,5,6,5,5,6,6,7,2,3,4,5,6,5,6,7,7,7,2,3,4,5,6,4,,6,7,8
228,1,2,3,4,5,2,3,4,5,6,1,2,3,4,5,4,5,6,7,7,1,2,3,4,5,,5,6,7,8
229,2,3,4,5,6,5,5,6,6,7,4,5,6,7,7,5,6,7,7,7,1,2,3,4,5,,6,6,7,8
230,5,5,5,6,7,2,3,4,5,6,3,4,5,6,7,4,5,6,7,7,2,3,4,5,6,1,2,,4,5
231,3,4,5,6,7,3,4,5,6,7,2,3,4,5,6,1,2,3,4,5,6,7,7,7,7,3,4,5,,7
232,4,5,5,6,7,2,3,4,5,6,2,3,4,5,6,4,5,6,7,7,2,3,4,5,6,4,5,6,,8
233,1,2,3,4,5,1,2,3,4,5,2,3,4,5,6,3,4,5,6,7,1,2,3,4,5,2,3,,5,6
234,4,5,5,6,7,1,2,3,4,5,4,5,6,7,7,1,2,3,4,5,5,6,7,7,7,,3,4,5,6
235,3,4,5,6,7,1,2,3,4,5,4,5,6,7,7,1,2,3,4,5,5,6,7,7,7,6,,,7,8
236,3,4,5,6,7,5,5,6,6,7,1,2,3,4,5,1,2,3,4,5,3,4,5,6,7,,,6,7,8
237,4,5,5,6,7,2,3,4,5,6,4,5,6,7,7,3,4,5,6,7,6,7,7,7,7,1,,3,4,5
238,4,5,5,6,7,3,4,5,6,7,5,6,6,7,7,1,2,3,4,5,1,2,3,4,5,,3,4,5,6
239,3,4,5,6,7,1,2,3,4,5,2,3,4,5,6,5,6,7,7,7,5,6,7,7,7,,6,,7,8
240,4,5,5,6,7,1,2,3,4,5,5,6,6,7,7,1,2,3,4,5,2,3,4,5,6,1,,3,4,5
241,3,4,5,6,7,2,3,4,5,6,4,5,6,7,7,4,5,6,7,7,1,2,3,4,5,,,6,7,8
242,1,2,3,4,5,1,2,3,4,5,5,6,6,7,7,2,3,4,5,6,6,7,7,7,7,6,6,6,7,8
243,5,5,5,6,7,4,5,6,6,7,5,6,6,7,7,4,5,6,7,7,4,5,6,7,7,1,2,,4,5
244,2,3,4,5,6,2,3,4,5,6,5,6,6,7,7,6,6,7,7,7,5,6,7,7,7,,6,6,7,8
245,5,5,5,6,7,3,4,5,6,7,3,4,5,6,7,2,3,4,5,6,5,6,7,7,7,6,6,6,7,
246,5,5,5,6,7,2,3,4,5,6,5,6,6,7,7,3,4,5,6,7,3,4,5,6,7,4,5,6,7,
247,5,5,5,6,7,1,2,3,4,5,1,2,3,4,5,5,6,7,7,7,4,5,6,7,7,4,5,6,7,
248,3,4,5,6,7,1,2,3,4,5,4,5,6,7,7,3,4,5,6,7,1,2,3,4,5,5,,,7,8
249,2,3,4,5,6,3,4,5,6,7,3,4,5,6,7,5,6,7,7,7,1,2,3,4,5,6,6,6,7,8
250,2,3,4,5,6,3,4,5,6,7,2,3,4,5,6,5,6,7,7,7,6,7,7,7,7,1,2,3,4,
251,3,4,5,6,7,2,3,4,5,6,2,3,4,5,6,5,6,7,7,7,6,7,7,7,7,3,4,5,,7
252,2,3,4,5,6,3,4,5,6,7,2,3,4,5,6,5,6,7,7,7,1,2,3,4,5,3,4,,6,7
253,1,2,3,4,5,4,5,6,6,7,5,6,6,7,7,6,6,7,7,7,5,6,7,7,7,,5,6,7,8
254,3,4,5,6,7,2,3,4,5,6,2,3,4,5,6,4,5,6,7,7,5,6,7,7,7,3,4,5,,7
255,4,5,5,6,7,4,5,6,6,7,4,5,6,7,7,2,3,4,5,6,4,5,6,7,7,4,5,6,,8
256,1,2,3,4,5,3,4,5,6,7,1,2,3,4,5,5,6,7,7,7,5,6,7,7,7,,5,6,7,8
257,5,5,5,6,7,1,2,3,4,5,5,6,6,7,7,6,6,7,7,7,3,4,5,6,7,,4,5,6,7
258,4,5,5,6,7,2,3,4,5,6,4,5,6,7,7,2,3,4,5,6,6,7,7,7,7,6,6,6,,8
259,4,5,5,6,7,1,2,3,4,5,4,5,6,7,7,6,6,7,7,7,1,2,3,4,5,6,6,6,,8
260,2,3,4,5,6,5,5,6,6,7,3,4,5,6,7,5,6,7,7,7,5,6,7,7,7,,6,6,7,8
261,2,3,4,5,6,1,2,3,4,5,1,2,3,4,5,6,6,7,7,7,2,3,4,5,6,6,6,6,7,8
262,3,4,5,6,7,1,2,3,4,5,2,3,4,5,6,1,2,3,4,5,1,2,3,4,5,4,5,,7,8
263,3,4,5,6,7,1,2,3,4,5,5,6,6,7,7,3,4,5,6,7,1,2,3,4,5,3,4,5,,7
264,3,4,5,6,7,1,2,3,4,5,2,3,4,5,6,1,2,3,4,5,2,3,4,5,6,3,4,5,,7
265,5,5,5,6,7,2,3,4,5,6,4,5,6,7,7,6,6,7,7,7,4,5,6,7,7,5,6,6,7,
266,4,5,5,6,7,1,2,3,4,5,5,6,6,7,7,5,6,7,7,7,5,6,7,7,7,6,6,6,,8
267,5,5,5,6,7,4,5,6,6,7,1,2,3,4,5,3,4,5,6,7,6,7,7,7,7,5,6,6,7,
268,1,2,3,4,5,5,5,6,6,7,5,6,6,7,7,3,4,5,6,7,1,2,3,4,5,6,6,6,7,8
269,2,3,4,5,6,5,5,6,6,7,4,5,6,7,7,1,2,3,4,5,2,3,4,5,6,2,3,4,,6
270,1,2,3,4,5,1,2,3,4,5,2,3,4,5,6,2,3,4,5,6,2,3,4,5,6,3,,5,6,7
271,4,5,5,6,7,1,2,3,4,5,4,5,6,7,7,6,6,7,7,7,2,3,4,5,6,3,4,5,6,
272,5,5,5,6,7,1,2,3,4,5,4,5,6,7,7,6,6,7,7,7,5,6,7,7,7,1,2,,4,5
273,5,5,5,6,7,2,3,4,5,6,1,2,3,4,5,1,2,3,4,5,4,5,6,7,7,4,5,6,7,
274,2,3,4,5,6,2,3,4,5,6,4,5,6,7,7,6,6,7,7,7,6,7,7,7,7,2,3,4,,6
275,5,5,5,6,7,4,5,6,6,7,4,5,6,7,7,3,4,5,6,7,2,3,4,5,6,6,6,6,7,
276,2,3,4,5,6,3,4,5,6,7,1,2,3,4,5,3,4,5,6,7,5,6,7,7,7,3,4,,6,7
277,3,4,5,6,7,2,3,4,5,6,3,4,5,6,7,4,5,6,7,7,3,4,5,6,7,5,,,7,8
278,2,3,4,5,6,4,5,6,6,7,2,3,4,5,6,6,6,7,7,7,3,4,5,6,7,6,6,6,7,8
279,2,3,4,5,6,4,5,6,6,7,2,3,4,5,6,6,6,7,7,7,6,7,7,7,7,,6,6,7,8
280,5,5,5,6,7,4,5,6,6,7,3,4,5,6,7,4,5,6,7,7,5,6,7,7,7,6,6,6,7,
281,2,3,4,5,6,3,4,5,6,7,3,4,5,6,7,1,2,3,4,5,4,5,6,7,7,3,4,,6,7
282,5,5,5,6,7,2,3,4,5,6,5,6,6,7,7,3,4,5,6,7,2,3,4,5,6,4,5,6,7,
283,1,2,3,4,5,1,2,3,4,5,1,2,3,4,5,5,6,7,7,7,2,3,4,5,6,1,2,3,,5
284,1,2,3,4,5,2,3,4,5,6,4,5,6,7,7,1,2,3,4,5,3,4,5,6,7,2,3,,5,6
285,4,5,5,6,7,3,4,5,6,7,4,5,6,7,7,1,2,3,4,5,2,3,4,5,6,6,6,6,,8
286,1,2,3,4,5,5,5,6,6,7,2,3,4,5,6,6,6,7,7,7,4,5,6,7,7,2,3,,5,6
287,2,3,4,5,6,5,5,6,6,7,2,3,4,5,6,1,2,3,4,5,5,6,7,7,7,3,4,,6,7
288,3,4,5,6,7,1,2,3,4,5,2,3,4,5,6,5,6,7,7,7,2,3,4,5,6,6,,,7,8
289,4,5,5,6,7,5,5,6,6,7,1,2,3,4,5,6,6,7,7,7,1,2,3,4,5,,3,4,5,6
290,5,5,5,6,7,1,2,3,4,5,3,4,5,6,7,1,2,3,4,5,1,2,3,4,5,2,,4,5,6
291,1,2,3,4,5,4,5,6,6,7,2,3,4,5,6,4,5,6,7,7,2,3,4,5,6,5,6,6,7,8
292,5,5,5,6,7,1,2,3,4,5,3,4,5,6,7,3,4,5,6,7,6,7,7,7,7,1,2,,4,5
293,2,3,4,5,6,2,3,4,5,6,4,5,6,7,7,2,3,4,5,6,1,2,3,4,5,3,4,,6,7
294,1,2,3,4,5,2,3,4,5,6,4,5,6,7,7,1,2,3,4,5,4,5,6,7,7,6,6,6,7,8
295,1,2,3,4,5,1,2,3,4,5,1,2,3,4,5,2,3,4,5,6,5,6,7,7,7,5,6,6,7,8
296,2,3,4,5,6,5,5,6,6,7,2,3,4,5,6,3,4,5,6,7,3,4,5,6,7,,6,6,7,8
297,3,4,5,6,7,5,5,6,6,7,3,4,5,6,7,6,6,7,7,7,6,7,7,7,7,3,4,5,,7
298,5,5,5,6,7,3,4,5,6,7,1,2,3,4,5,5,6,7,7,7,1,2,3,4,5,2,,4,5,6
299,2,3,4,5,6,2,3,4,5,6,2,3,4,5,6,2,3,4,5,6,3,4,5,6,7,6,6,6,7,8
300,1,2,3,4,5,2,3,4,5,6,5,6,6,7,7,5,6,7,7,7,3,4,5,6,7,1,2,3,,5
301,4,5,5,6,7,2,3,4,5,6,2,3,4,5,6,4,5,6,7,7,1,2,3,4,5,3,4,5,6,
302,1,2,3,4,5,5,5,6,6,7,3,4,5,6,7,4,5,6,7,7,6,7,7,7,7,2,3,,5,6
303,4,5,5,6,7,2,3,4,5,6,3,4,5,6,7,3,4,5,6,7,1,2,3,4,5,3,4,5,6,
304,3,4,5,6,7,1,2,3,4,5,3,4,5,6,7,4,5,6,7,7,4,5,6,7,7,4,5,,7,8
305,5,5,5,6,7,1,2,3,4,5,4,5,6,7,7,2,3,4,5,6,3,4,5,6,7,1,2,,4,5
306,3,4,5,6,7,1,2,3,4,5,4,5,6,7,7,2,3,4,5,6,4,5,6,7,7,5,,,7,8
307,3,4,5,6,7,1,2,3,4,5,4,5,6,7,7,1,2,3,4,5,4,5,6,7,7,3,4,5,,7
308,1,2,3,4,5,3,4,5,6,7,2,3,4,5,6,6,6,7,7,7,5,6,7,7,7,3,,5,6,7
309,1,2,3,4,5,1,2,3,4,5,5,6,6,7,7,6,6,7,7,7,6,7,7,7,7,3,,5,6,7
310,3,4,5,6,7,4,5,6,6,7,3,4,5,6,7,4,5,6,7,7,6,7,7,7,7,4,5,,7,8
311,4,5,5,6,7,5,5,6,6,7,5,6,6,7,7,3,4,5,6,7,3,4,5,6,7,6,6,6,,8
312,2,3,4,5,6,2,3,4,5,6,1,2,3,4,5,4,5,6,7,7,1,2,3,4,5,6,6,6,7,8
313,2,3,4,5,6,1,2,3,4,5,4,5,6,7,7,5,6,7,7,7,3,4,5,6,7,6,6,6,7,8
314,1,2,3,4,5,4,5,6,6,7,1,2,3,4,5,4,5,6,7,7,5,6,7,7,7,,5,6,7,8
315,5,5,5,6,7,1,2,3,4,5,5,6,6,7,7,4,5,6,7,7,4,5,6,7,7,2,,4,5,6
316,1,2,3,4,5,1,2,3,4,5,3,4,5,6,7,5,6,7,7,7,3,4,5,6,7,2,3,,5,6
317,1,2,3,4,5,3,4,5,6,7,3,4,5,6,7,2,3,4,5,6,1,2,3,4,5,2,3,,5,6
318,1,2,3,4,5,5,5,6,6,7,3,4,5,6,7,1,2,3,4,5,1,2,3,4,5,3,,5,6,7
319,3,4,5,6,7,1,2,3,4,5,5,6,6,7,7,5,6,7,7,7,1,2,3,4,5,5,,,7,8
320,3,4,5,6,7,3,4,5,6,7,5,6,6,7,7,6,6,7,7,7,3,4,5,6,7,5,,,7,8
321,5,5,5,6,7,5,5,6,6,7,1,2,3,4,5,6,6,7,7,7,5,6,7,7,7,2,,4,5,6
322,5,5,5,6,7,1,2,3,4,5,4,5,6,7,7,4,5,6,7,7,3,4,5,6,7,6,6,6,7,
323,5,5,5,6,7,1,2,3,4,5,2,3,4,5,6,2,3,4,5,6,6,7,7,7,7,2,,4,5,6
324,2,3,4,5,6,5,5,6,6,7,3,4,5,6,7,4,5,6,7,7,3,4,5,6,7,,6,6,7,8
325,5,5,5,6,7,4,5,6,6,7,3,4,5,6,7,5,6,7,7,7,3,4,5,6,7,6,6,6,7,
326,4,5,5,6,7,4,5,6,6,7,1,2,3,4,5,5,6,7,7,7,3,4,5,6,7,5,6,6,,8
327,3,4,5,6,7,5,5,6,6,7,5,6,6,7,7,4,5,6,7,7,3,4,5,6,7,,2,3,4,5
328,2,3,4,5,6,1,2,3,4,5,3,4,5,6,7,5,6,7,7,7,3,4,5,6,7,2,3,4,,6
329,5,5,5,6,7,1,2,3,4,5,2,3,4,5,6,3,4,5,6,7,2,3,4,5,6,1,2,,4,5
330,5,5,5,6,7,3,4,5,6,7,2,3,4,5,6,4,5,6,7,7,5,6,7,7,7,2,,4,5,6
331,3,4,5,6,7,5,5,6,6,7,5,6,6,7,7,3,4,5,6,7,2,3,4,5,6,2,3,4,5,
332,2,3,4,5,6,3,4,5,6,7,5,6,6,7,7,1,2,3,4,5,6,7,7,7,7,4,,6,7,8
333,3,4,5,6,7,3,4,5,6,7,2,3,4,5,6,2,3,4,5,6,2,3,4,5,6,3,4,5,,7
334,2,3,4,5,6,4,5,6,6,7,1,2,3,4,5,4,5,6,7,7,1,2,3,4,5,2,3,4,,6
335,2,3,4,5,6,4,5,6,6,7,3,4,5,6,7,2,3,4,5,6,2,3,4,5,6,2,3,4,,6
336,2,3,4,5,6,4,5,6,6,7,4,5,6,7,7,4,5,6,7,7,6,7,7,7,7,2,3,4,,6
337,5,5,5,6,7,3,4,5,6,7,3,4,5,6,7,1,2,3,4,5,3,4,5,6,7,,4,5,6,7
338,3,4,5,6,7,2,3,4,5,6,4,5,6,7,7,2,3,4,5,6,4,5,6,7,7,,6,,7,8
339,5,5,5,6,7,5,5,6,6,7,4,5,6,7,7,5,6,7,7,7,5,6,7,7,7,1,2,,4,5
340,5,5,5,6,7,1,2,3,4,5,3,4,5,6,7,1,2,3,4,5,3,4,5,6,7,1,2,,4,5
341,4,5,5,6,7,3,4,5,6,7,1,2,3,4,5,6,6,7,7,7,1,2,3,4,5,1,,3,4,5
342,5,5,5,6,7,2,3,4,5,6,3,4,5,6,7,3,4,5,6,7,6,7,7,7,7,5,6,6,7,
343,3,4,5,6,7,1,2,3,4,5,5,6,6,7,7,3,4,5,6,7,6,7,7,7,7,,,6,7,8
344,1,2,3,4,5,4,5,6,6,7,1,2,3,4,5,4,5,6,7,7,5,6,7,7,7,6,6,6,7,8
345,5,5,5,6,7,3,4,5,6,7,1,2,3,4,5,5,6,7,7,7,2,3,4,5,6,4,5,6,7,
346,1,2,3,4,5,4,5,6,6,7,1,2,3,4,5,3,4,5,6,7,4,5,6,7,7,,5,6,7,8
347,3,4,5,6,7,5,5,6,6,7,3,4,5,6,7,5,6,7,7,7,6,7,7,7,7,,2,3,4,5
348,4,5,5,6,7,5,5,6,6,7,5,6,6,7,7,6,6,7,7,7,4,5,6,7,7,,3,4,5,6
349,1,2,3,4,5,1,2,3,4,5,4,5,6,7,7,4,5,6,7,7,4,5,6,7,7,3,,5,6,7
350,5,5,5,6,7,4,5,6,6,7,5,6,6,7,7,2,3,4,5,6,3,4,5,6,7,,4,5,6,7
351,5,5,5,6,7,4,5,6,6,7,5,6,6,7,7,1,2,3,4,5,4,5,6,7,7,2,,4,5,6
352,4,5,5,6,7,3,4,5,6,7,2,3,4,5,6,4,5,6,7,7,5,6,7,7,7,4,5,6,,8
353,2,3,4,5,6,3,4,5,6,7,4,5,6,7,7,6,6,7,7,7,1,2,3,4,5,3,4,,6,7
354,3,4,5,6,7,5,5,6,6,7,3,4,5,6,7,5,6,7,7,7,5,6,7,7,7,2,3,4,5,
355,5,5,5,6,7,2,3,4,5,6,5,6,6,7,7,4,5,6,7,7,4,5,6,7,7,6,6,6,7,
356,3,4,5,6,7,3,4,5,6,7,4,5,6,7,7,6,6,7,7,7,6,7,7,7,7,,6,,7,8
357,1,2,3,4,5,2,3,4,5,6,3,4,5,6,7,4,5,6,7,7,4,5,6,7,7,1,2,3,,5
358,3,4,5,6,7,2,3,4,5,6,1,2,3,4,5,1,2,3,4,5,3,4,5,6,7,,,6,7,8
359,4,5,5,6,7,2,3,4,5,6,1,2,3,4,5,3,4,5,6,7,4,5,6,7,7,5,6,6,,8
360,5,5,5,6,7,1,2,3,4,5,1,2,3,4,5,5,6,7,7,7,1,2,3,4,5,2,,4,5,6
361,5,5,5,6,7,5,5,6,6,7,4,5,6,7,7,1,2,3,4,5,2,3,4,5,6,1,2,,4,5
362,1,2,3,4,5,3,4,5,6,7,3,4,5,6,7,5,6,7,7,7,6,7,7,7,7,,5,6,7,8
363,2,3,4,5,6,3,4,5,6,7,4,5,6,7,7,1,2,3,4,5,2,3,4,5,6,2,3,4,,6
364,5,5,5,6,7,3,4,5,6,7,1,2,3,4,5,6,6,7,7,7,6,7,7,7,7,4,5,6,7,
365,3,4,5,6,7,3,4,5,6,7,3,4,5,6,7,5,6,7,7,7,5,6,7,7,7,2,3,4,5,
366,1,2,3,4,5,1,2,3,4,5,4,5,6,7,7,4,5,6,7,7,1,2,3,4,5,1,2,3,,5
367,1,2,3,4,5,3,4,5,6,7,4,5,6,7,7,5,6,7,7,7,3,4,5,6,7,1,2,3,,5
368,1,2,3,4,5,3,4,5,6,7,3,4,5,6,7,4,5,6,7,7,4,5,6,7,7,6,6,6,7,8
369,4,5,5,6,7,1,2,3,4,5,5,6,6,7,7,5,6,7,7,7,5,6,7,7,7,4,5,6,,8
370,1,2,3,4,5,4,5,6,6,7,5,6,6,7,7,1,2,3,4,5,6,7,7,7,7,5,6,6,7,8
371,1,2,3,4,5,5,5,6,6,7,5,6,6,7,7,6,6,7,7,7,2,3,4,5,6,,5,6,7,8
372,1,2,3,4,5,3,4,5,6,7,1,2,3,4,5,5,6,7,7,7,3,4,5,6,7,2,3,,5,6
373,4,5,5,6,7,3,4,5,6,7,2,3,4,5,6,2,3,4,5,6,1,2,3,4,5,1,,3,4,5
374,3,4,5,6,7,1,2,3,4,5,1,2,3,4,5,4,5,6,7,7,1,2,3,4,5,5,,,7,8
375,1,2,3,4,5,5,5,6,6,7,5,6,6,7,7,3,4,5,6,7,5,6,7,7,7,6,6,6,7,8
376,3,4,5,6,7,3,4,5,6,7,5,6,6,7,7,4,5,6,7,7,5,6,7,7,7,,2,3,4,5
377,4,5,5,6,7,3,4,5,6,7,2,3,4,5,6,5,6,7,7,7,4,5,6,7,7,6,6,6,,8
378,3,4,5,6,7,5,5,6,6,7,1,2,3,4,5,5,6,7,7,7,1,2,3,4,5,3,4,5,,7
379,2,3,4,5,6,5,5,6,6,7,4,5,6,7,7,1,2,3,4,5,4,5,6,7,7,6,6,6,7,8
380,4,5,5,6,7,2,3,4,5,6,2,3,4,5,6,6,6,7,7,7,5,6,7,7,7,6,6,6,,8
381,5,5,5,6,7,2,3,4,5,6,3,4,5,6,7,5,6,7,7,7,1,2,3,4,5,2,,4,5,6
382,5,5,5,6,7,3,4,5,6,7,2,3,4,5,6,4,5,6,7,7,5,6,7,7,7,2,,4,5,6
383,5,5,5,6,7,2,3,4,5,6,4,5,6,7,7,2,3,4,5,6,4,5,6,7,7,5,6,6,7,
384,5,5,5,6,7,3,4,5,6,7,3,4,5,6,7,1,2,3,4,5,4,5,6,7,7,4,5,6,7,
385,4,5,5,6,7,1,2,3,4,5,5,6,6,7,7,2,3,4,5,6,1,2,3,4,5,3,4,5,6,
386,3,4,5,6,7,1,2,3,4,5,2,3,4,5,6,6,6,7,7,7,6,7,7,7,7,4,5,,7,8
387,3,4,5,6,7,3,4,5,6,7,3,4,5,6,7,3,4,5,6,7,4,5,6,7,7,5,,,7,8
388,2,3,4,5,6,5,5,6,6,7,5,6,6,7,7,3,4,5,6,7,2,3,4,5,6,6,6,6,7,8
389,3,4,5,6,7,5,5,6,6,7,5,6,6,7,7,6,6,7,7,7,3,4,5,6,7,4,5,,7,8
390,4,5,5,6,7,4,5,6,6,7,4,5,6,7,7,3,4,5,6,7,4,5,6,7,7,6,6,6,,8
391,4,5,5,6,7,4,5,6,6,7,1,2,3,4,5,2,3,4,5,6,3,4,5,6,7,6,6,6,,8
392,2,3,4,5,6,4,5,6,6,7,1,2,3,4,5,4,5,6,7,7,2,3,4,5,6,4,,6,7,8
393,2,3,4,5,6,5,5,6,6,7,3,4,5,6,7,4,5,6,7,7,1,2,3,4,5,4,,6,7,8
394,3,4,5,6,7,2,3,4,5,6,5,6,6,7,7,1,2,3,4,5,4,5,6,7,7,3,4,5,,7
395,5,5,5,6,7,2,3,4,5,6,2,3,4,5,6,6,6,7,7,7,6,7,7,7,7,6,6,6,7,
396,5,5,5,6,7,2,3,4,5,6,3,4,5,6,7,2,3,4,5,6,4,5,6,7,7,2,,4,5,6
397,4,5,5,6,7,3,4,5,6,7,4,5,6,7,7,4,5,6,7,7,3,4,5,6,7,1,,3,4,5
398,5,5,5,6,7,3,4,5,6,7,3,4,5,6,7,4,5,6,7,7,5,6,7,7,7,4,5,6,7,
399,5,5,5,6,7,1,2,3,4,5,4,5,6,7,7,3,4,5,6,7,2,3,4,5,6,,4,5,6,7
400,1,2,3,4,5,3,4,5,6,7,2,3,4,5,6,2,3,4,5,6,1,2,3,4,5,,5,6,7,8
401,3,4,5,6,7,3,4,5,6,7,5,6,6,7,7,1,2,3,4,5,2,3,4,5,6,3,4,5,,7
402,1,2,3,4,5,2,3,4,5,6,2,3,4,5,6,3,4,5,6,7,4,5,6,7,7,3,,5,6,7
403,4,5,5,6,7,2,3,4,5,6,2,3,4,5,6,5,6,7,7,7,5,6,7,7,7,4,5,6,,8
404,3,4,5,6,7,1,2,3,4,5,2,3,4,5,6,6,6,7,7,7,5,6,7,7,7,5,,,7,8
405,3,4,5,6,7,5,5,6,6,7,3,4,5,6,7,6,6,7,7,7,2,3,4,5,6,,6,,7,8
406,4,5,5,6,7,3,4,5,6,7,3,4,5,6,7,3,4,5,6,7,4,5,6,7,7,3,4,5,6,
407,3,4,5,6,7,4,5,6,6,7,4,5,6,7,7,4,5,6,7,7,3,4,5,6,7,,2,3,4,5
408,3,4,5,6,7,3,4,5,6,7,3,4,5,6,7,2,3,4,5,6,6,7,7,7,7,5,,,7,8
409,4,5,5,6,7,1,2,3,4,5,3,4,5,6,7,1,2,3,4,5,1,2,3,4,5,,3,4,5,6
410,4,5,5,6,7,4,5,6,6,7,3,4,5,6,7,1,2,3,4,5,2,3,4,5,6,4,5,6,,8
411,2,3,4,5,6,1,2,3,4,5,3,4,5,6,7,4,5,6,7,7,2,3,4,5,6,1,2,3,4,
412,2,3,4,5,6,5,5,6,6,7,3,4,5,6,7,1,2,3,4,5,2,3,4,5,6,2,3,4,,6
413,3,4,5,6,7,4,5,6,6,7,1,2,3,4,5,4,5,6,7,7,3,4,5,6,7,,2,3,4,5
414,3,4,5,6,7,5,5,6,6,7,5,6,6,7,7,5,6,7,7,7,1,2,3,4,5,,2,3,4,5
415,4,5,5,6,7,5,5,6,6,7,3,4,5,6,7,3,4,5,6,7,2,3,4,5,6,1,,3,4,5
416,3,4,5,6,7,2,3,4,5,6,4,5,6,7,7,1,2,3,4,5,1,2,3,4,5,2,3,4,5,
417,1,2,3,4,5,4,5,6,6,7,1,2,3,4,5,1,2,3,4,5,6,7,7,7,7,2,3,,5,6
418,1,2,3,4,5,3,4,5,6,7,1,2,3,4,5,3,4,5,6,7,4,5,6,7,7,5,6,6,7,8
419,4,5,5,6,7,2,3,4,5,6,3,4,5,6,7,5,6,7,7,7,3,4,5,6,7,,3,4,5,6
420,5,5,5,6,7,5,5,6,6,7,3,4,5,6,7,5,6,7,7,7,4,5,6,7,7,4,5,6,7,
421,4,5,5,6,7,5,5,6,6,7,2,3,4,5,6,5,6,7,7,7,2,3,4,5,6,1,,3,4,5
422,5,5,5,6,7,2,3,4,5,6,3,4,5,6,7,6,6,7,7,7,4,5,6,7,7,2,,4,5,6
423,2,3,4,5,6,1,2,3,4,5,2,3,4,5,6,4,5,6,7,7,2,3,4,5,6,3,4,,6,7
424,2,3,4,5,6,3,4,5,6,7,5,6,6,7,7,6,6,7,7,7,1,2,3,4,5,1,2,3,4,
425,5,5,5,6,7,2,3,4,5,6,3,4,5,6,7,4,5,6,7,7,3,4,5,6,7,5,6,6,7,
426,1,2,3,4,5,1,2,3,4,5,5,6,6,7,7,2,3,4,5,6,1,2,3,4,5,2,3,,5,6
427,1,2,3,4,5,5,5,6,6,7,2,3,4,5,6,4,5,6,7,7,2,3,4,5,6,3,,5,6,7
428,5,5,5,6,7,5,5,6,6,7,5,6,6,7,7,2,3,4,5,6,6,7,7,7,7,2,,4,5,6
429,3,4,5,6,7,4,5,6,6,7,4,5,6,7,7,1,2,3,4,5,6,7,7,7,7,3,4,5,,7
430,4,5,5,6,7,4,5,6,6,7,3,4,5,6,7,6,6,7,7,7,2,3,4,5,6,1,,3,4,5
431,5,5,5,6,7,4,5,6,6,7,2,3,4,5,6,5,6,7,7,7,5,6,7,7,7,1,2,,4,5
432,4,5,5,6,7,2,3,4,5,6,2,3,4,5,6,5,6,7,7,7,1,2,3,4,5,4,5,6,,8
433,5,5,5,6,7,5,5,6,6,7,4,5,6,7,7,1,2,3,4,5,1,2,3,4,5,1,2,,4,5
434,4,5,5,6,7,1,2,3,4,5,3,4,5,6,7,1,2,3,4,5,6,7,7,7,7,,3,4,5,6
435,3,4,5,6,7,2,3,4,5,6,5,6,6,7,7,3,4,5,6,7,2,3,4,5,6,4,5,,7,8
436,4,5,5,6,7,1,2,3,4,5,4,5,6,7,7,4,5,6,7,7,1,2,3,4,5,4,5,6,,8
437,4,5,5,6,7,5,5,6,6,7,5,6,6,7,7,2,3,4,5,6,4,5,6,7,7,1,,3,4,5
438,1,2,3,4,5,1,2,3,4,5,4,5,6,7,7,1,2,3,4,5,4,5,6,7,7,3,,5,6,7
439,4,5,5,6,7,5,5,6,6,7,2,3,4,5,6,6,6,7,7,7,2,3,4,5,6,4,5,6,,8
440,4,5,5,6,7,5,5,6,6,7,5,6,6,7,7,5,6,7,7,7,1,2,3,4,5,,3,4,5,6
441,1,2,3,4,5,4,5,6,6,7,4,5,6,7,7,6,6,7,7,7,6,7,7,7,7,1,2,3,,5
442,1,2,3,4,5,1,2,3,4,5,5,6,6,7,7,4,5,6,7,7,3,4,5,6,7,1,2,3,,5
443,2,3,4,5,6,5,5,6,6,7,3,4,5,6,7,2,3,4,5,6,5,6,7,7,7,6,6,6,7,8
444,2,3,4,5,6,5,5,6,6,7,3,4,5,6,7,6,6,7,7,7,4,5,6,7,7,2,3,4,,6
445,2,3,4,5,6,5,5,6,6,7,2,3,4,5,6,2,3,4,5,6,5,6,7,7,7,4,,6,7,8
446,2,3,4,5,6,2,3,4,5,6,3,4,5,6,7,5,6,7,7,7,6,7,7,7,7,3,4,,6,7
447,4,5,5,6,7,5,5,6,6,7,2,3,4,5,6,4,5,6,7,7,6,7,7,7,7,3,4,5,6,
448,1,2,3,4,5,3,4,5,6,7,1,2,3,4,5,6,6,7,7,7,1,2,3,4,5,1,2,3,,5
449,5,5,5,6,7,5,5,6,6,7,5,6,6,7,7,6,6,7,7,7,5,6,7,7,7,,4,5,6,7
450,3,4,5,6,7,3,4,5,6,7,2,3,4,5,6,3,4,5,6,7,5,6,7,7,7,3,4,5,,7
451,1,2,3,4,5,2,3,4,5,6,1,2,3,4,5,4,5,6,7,7,6,7,7,7,7,5,6,6,7,8
452,3,4,5,6,7,3,4,5,6,7,5,6,6,7,7,3,4,5,6,7,2,3,4,5,6,2,3,4,5,
453,3,4,5,6,7,2,3,4,5,6,4,5,6,7,7,6,6,7,7,7,6,7,7,7,7,,2,3,4,5
454,3,4,5,6,7,2,3,4,5,6,5,6,6,7,7,6,6,7,7,7,1,2,3,4,5,5,,,7,8
455,1,2,3,4,5,2,3,4,5,6,5,6,6,7,7,6,6,7,7,7,4,5,6,7,7,3,,5,6,7
456,3,4,5,6,7,4,5,6,6,7,2,3,4,5,6,5,6,7,7,7,1,2,3,4,5,6,,,7,8
457,3,4,5,6,7,5,5,6,6,7,2,3,4,5,6,6,6,7,7,7,3,4,5,6,7,,2,3,4,5
458,2,3,4,5,6,3,4,5,6,7,4,5,6,7,7,2,3,4,5,6,4,5,6,7,7,,6,6,7,8
459,5,5,5,6,7,3,4,5,6,7,2,3,4,5,6,5,6,7,7,7,1,2,3,4,5,,4,5,6,7
460,5,5,5,6,7,5,5,6,6,7,4,5,6,7,7,4,5,6,7,7,3,4,5,6,7,5,6,6,7,
461,3,4,5,6,7,1,2,3,4,5,2,3,4,5,6,5,6,7,7,7,1,2,3,4,5,3,4,5,,7
462,3,4,5,6,7,3,4,5,6,7,3,4,5,6,7,1,2,3,4,5,5,6,7,7,7,3,4,5,,7
463,5,5,5,6,7,3,4,5,6,7,3,4,5,6,7,4,5,6,7,7,6,7,7,7,7,6,6,6,7,
464,2,3,4,5,6,1,2,3,4,5,1,2,3,4,5,3,4,5,6,7,2,3,4,5,6,3,4,,6,7
465,5,5,5,6,7,1,2,3,4,5,4,5,6,7,7,5,6,7,7,7,6,7,7,7,7,6,6,6,7,
466,3,4,5,6,7,1,2,3,4,5,2,3,4,5,6,2,3,4,5,6,5,6,7,7,7,,,6,7,8
467,1,2,3,4,5,1,2,3,4,5,5,6,6,7,7,5,6,7,7,7,6,7,7,7,7,6,6,6,7,8
468,2,3,4,5,6,5,5,6,6,7,1,2,3,4,5,3,4,5,6,7,6,7,7,7,7,6,6,6,7,8
469,5,5,5,6,7,4,5,6,6,7,5,6,6,7,7,1,2,3,4,5,5,6,7,7,7,6,6,6,7,
470,5,5,5,6,7,4,5,6,6,7,4,5,6,7,7,4,5,6,7,7,5,6,7,7,7,5,6,6,7,
471,2,3,4,5,6,1,2,3,4,5,5,6,6,7,7,6,6,7,7,7,6,7,7,7,7,4,,6,7,8
472,2,3,4,5,6,2,3,4,5,6,5,6,6,7,7,2,3,4,5,6,5,6,7,7,7,,6,6,7,8
473,2,3,4,5,6,5,5,6,6,7,1,2,3,4,5,1,2,3,4,5,4,5,6,7,7,4,,6,7,8
474,4,5,5,6,7,1,2,3,4,5,5,6,6,7,7,1,2,3,4,5,4,5,6,7,7,5,6,6,,8
475,4,5,5,6,7,2,3,4,5,6,4,5,6,7,7,1,2,3,4,5,2,3,4,5,6,,3,4,5,6
476,1,2,3,4,5,1,2,3,4,5,3,4,5,6,7,3,4,5,6,7,4,5,6,7,7,,5,6,7,8
477,1,2,3,4,5,2,3,4,5,6,1,2,3,4,5,5,6,7,7,7,3,4,5,6,7,1,2,3,,5
478,3,4,5,6,7,5,5,6,6,7,3,4,5,6,7,1,2,3,4,5,5,6,7,7,7,3,4,5,,7
479,2,3,4,5,6,5,5,6,6,7,4,5,6,7,7,2,3,4,5,6,6,7,7,7,7,2,3,4,,6
480,5,5,5,6,7,1,2,3,4,5,3,4,5,6,7,3,4,5,6,7,5,6,7,7,7,6,6,6,7,
481,4,5,5,6,7,3,4,5,6,7,1,2,3,4,5,6,6,7,7,7,6,7,7,7,7,4,5,6,,8
482,5,5,5,6,7,5,5,6,6,7,4,5,6,7,7,6,6,7,7,7,4,5,6,7,7,,4,5,6,7
483,2,3,4,5,6,4,5,6,6,7,5,6,6,7,7,3,4,5,6,7,2,3,4,5,6,6,6,6,7,8
484,2,3,4,5,6,1,2,3,4,5,3,4,5,6,7,1,2,3,4,5,6,7,7,7,7,3,4,,6,7
485,2,3,4,5,6,4,5,6,6,7,1,2,3,4,5,3,4,5,6,7,1,2,3,4,5,6,6,6,7,8
486,4,5,5,6,7,5,5,6,6,7,5,6,6,7,7,6,6,7,7,7,5,6,7,7,7,4,5,6,,8
487,4,5,5,6,7,5,5,6,6,7,1,2,3,4,5,3,4,5,6,7,4,5,6,7,7,,3,4,5,6
488,2,3,4,5,6,2,3,4,5,6,3,4,5,6,7,4,5,6,7,7,3,4,5,6,7,4,,6,7,8
489,3,4,5,6,7,5,5,6,6,7,4,5,6,7,7,1,2,3,4,5,4,5,6,7,7,,2,3,4,5
490,1,2,3,4,5,1,2,3,4,5,5,6,6,7,7,4,5,6,7,7,1,2,3,4,5,6,6,6,7,8
491,1,2,3,4,5,4,5,6,6,7,5,6,6,7,7,1,2,3,4,5,1,2,3,4,5,2,3,,5,6
492,3,4,5,6,7,5,5,6,6,7,3,4,5,6,7,1,2,3,4,5,1,2,3,4,5,,2,3,4,5
493,2,3,4,5,6,1,2,3,4,5,3,4,5,6,7,2,3,4,5,6,3,4,5,6,7,2,3,4,,6
494,1,2,3,4,5,1,2,3,4,5,5,6,6,7,7,1,2,3,4,5,4,5,6,7,7,3,,5,6,7
495,4,5,5,6,7,2,3,4,5,6,5,6,6,7,7,1,2,3,4,5,1,2,3,4,5,4,5,6,,8
496,4,5,5,6,7,3,4,5,6,7,3,4,5,6,7,4,5,6,7,7,5,6,7,7,7,4,5,6,,8
497,4,5,5,6,7,2,3,4,5,6,3,4,5,6,7,2,3,4,5,6,4,5,6,7,7,4,5,6,,8
498,5,5,5,6,7,2,3,4,5,6,5,6,6,7,7,4,5,6,7,7,2,3,4,5,6,4,5,6,7,
499,3,4,5,6,7,1,2,3,4,5,2,3,4,5,6,4,5,6,7,7,6,7,7,7,7,5,,,7,8
500,3,4,5,6,7,3,4,5,6,7,3,4,5,6,7,3,4,5,6,7,4,5,6,7,7,,6,,7,8
501,1,2,3,4,5,2,3,4,5,6,4,5,6,7,7,2,3,4,5,6,4,5,6,7,7,3,,5,6,7
502,5,5,5,6,7,1,2,3,4,5,3,4,5,6,7,2,3,4,5,6,6,7,7,7,7,2,,4,5,6
503,3,4,5,6,7,2,3,4,5,6,2,3,4,5,6,3,4,5,6,7,5,6,7,7,7,2,3,4,5,
504,2,3,4,5,6,1,2,3,4,5,3,4,5,6,7,2,3,4,5,6,2,3,4,5,6,2,3,4,,6
505,3,4,5,6,7,1,2,3,4,5,5,6,6,7,7,1,2,3,4,5,1,2,3,4,5,,6,,7,8
506,5,5,5,6,7,5,5,6,6,7,3,4,5,6,7,4,5,6,7,7,3,4,5,6,7,6,6,6,7,
507,5,5,5,6,7,2,3,4,5,6,4,5,6,7,7,5,6,7,7,7,5,6,7,7,7,1,2,,4,5
508,1,2,3,4,5,5,5,6,6,7,2,3,4,5,6,5,6,7,7,7,3,4,5,6,7,2,3,,5,6
509,5,5,5,6,7,2,3,4,5,6,1,2,3,4,5,4,5,6,7,7,1,2,3,4,5,,4,5,6,7
510,2,3,4,5,6,5,5,6,6,7,3,4,5,6,7,6,6,7,7,7,3,4,5,6,7,2,3,4,,6
511,5,5,5,6,7,1,2,3,4,5,4,5,6,7,7,3,4,5,6,7,2,3,4,5,6,,4,5,6,7
512,5,5,5,6,7,4,5,6,6,7,4,5,6,7,7,2,3,4,5,6,2,3,4,5,6,,4,5,6,7
513,4,5,5,6,7,1,2,3,4,5,2,3,4,5,6,1,2,3,4,5,5,6,7,7,7,4,5,6,,8
514,4,5,5,6,7,2,3,4,5,6,2,3,4,5,6,5,6,7,7,7,4,5,6,7,7,6,6,6,,8
515,4,5,5,6,7,3,4,5,6,7,4,5,6,7,7,2,3,4,5,6,5,6,7,7,7,5,6,6,,8
516,2,3,4,5,6,4,5,6,6,7,4,5,6,7,7,5,6,7,7,7,6,7,7,7,7,2,3,4,,6
517,4,5,5,6,7,4,5,6,6,7,2,3,4,5,6,3,4,5,6,7,3,4,5,6,7,,3,4,5,6
518,5,5,5,6,7,5,5,6,6,7,1,2,3,4,5,5,6,7,7,7,2,3,4,5,6,5,6,6,7,
519,2,3,4,5,6,3,4,5,6,7,2,3,4,5,6,4,5,6,7,7,3,4,5,6,7,6,6,6,7,8
520,3,4,5,6,7,1,2,3,4,5,2,3,4,5,6,4,5,6,7,7,4,5,6,7,7,4,5,,7,8
521,5,5,5,6,7,4,5,6,6,7,5,6,6,7,7,4,5,6,7,7,2,3,4,5,6,1,2,,4,5
522,1,2,3,4,5,2,3,4,5,6,4,5,6,7,7,5,6,7,7,7,5,6,7,7,7,6,6,6,7,8
523,2,3,4,5,6,4,5,6,6,7,1,2,3,4,5,1,2,3,4,5,5,6,7,7,7,3,4,,6,7
524,3,4,5,6,7,1,2,3,4,5,2,3,4,5,6,2,3,4,5,6,3,4,5,6,7,4,5,,7,8
525,4,5,5,6,7,2,3,4,5,6,4,5,6,7,7,2,3,4,5,6,4,5,6,7,7,5,6,6,,8
526,1,2,3,4,5,3,4,5,6,7,2,3,4,5,6,5,6,7,7,7,4,5,6,7,7,1,2,3,,5
527,3,4,5,6,7,1,2,3,4,5,3,4,5,6,7,6,6,7,7,7,1,2,3,4,5,,2,3,4,5
528,5,5,5,6,7,4,5,6,6,7,2,3,4,5,6,5,6,7,7,7,1,2,3,4,5,1,2,,4,5
529,1,2,3,4,5,2,3,4,5,6,2,3,4,5,6,4,5,6,7,7,2,3,4,5,6,3,,5,6,7
530,2,3,4,5,6,4,5,6,6,7,4,5,6,7,7,6,6,7,7,7,4,5,6,7,7,2,3,4,,6
531,2,3,4,5,6,2,3,4,5,6,2,3,4,5,6,3,4,5,6,7,6,7,7,7,7,6,6,6,7,8
532,1,2,3,4,5,5,5,6,6,7,1,2,3,4,5,4,5,6,7,7,2,3,4,5,6,5,6,6,7,8
533,4,5,5,6,7,4,5,6,6,7,2,3,4,5,6,1,2,3,4,5,4,5,6,7,7,6,6,6,,8
534,1,2,3,4,5,2,3,4,5,6,2,3,4,5,6,1,2,3,4,5,1,2,3,4,5,6,6,6,7,8
535,3,4,5,6,7,4,5,6,6,7,4,5,6,7,7,6,6,7,7,7,2,3,4,5,6,6,,,7,8
536,3,4,5,6,7,1,2,3,4,5,2,3,4,5,6,1,2,3,4,5,5,6,7,7,7,2,3,4,5,
537,1,2,3,4,5,1,2,3,4,5,3,4,5,6,7,4,5,6,7,7,4,5,6,7,7,1,2,3,,5
538,5,5,5,6,7,4,5,6,6,7,5,6,6,7,7,1,2,3,4,5,4,5,6,7,7,6,6,6,7,
539,1,2,3,4,5,5,5,6,6,7,5,6,6,7,7,5,6,7,7,7,3,4,5,6,7,5,6,6,7,8
540,1,2,3,4,5,3,4,5,6,7,3,4,5,6,7,4,5,6,7,7,3,4,5,6,7,1,2,3,,5
541,1,2,3,4,5,1,2,3,4,5,5,6,6,7,7,2,3,4,5,6,5,6,7,7,7,1,2,3,,5
542,5,5,5,6,7,4,5,6,6,7,3,4,5,6,7,1,2,3,4,5,3,4,5,6,7,4,5,6,7,
543,5,5,5,6,7,4,5,6,6,7,3,4,5,6,7,6,6,7,7,7,4,5,6,7,7,,4,5,6,7
544,5,5,5,6,7,1,2,3,4,5,1,2,3,4,5,2,3,4,5,6,3,4,5,6,7,,4,5,6,7
545,4,5,5,6,7,2,3,4,5,6,3,4,5,6,7,1,2,3,4,5,6,7,7,7,7,4,5,6,,8
546,3,4,5,6,7,4,5,6,6,7,4,5,6,7,7,6,6,7,7,7,1,2,3,4,5,,2,3,4,5
547,4,5,5,6,7,3,4,5,6,7,3,4,5,6,7,4,5,6,7,7,2,3,4,5,6,5,6,6,,8
548,3,4,5,6,7,4,5,6,6,7,3,4,5,6,7,3,4,5,6,7,1,2,3,4,5,4,5,,7,8
549,5,5,5,6,7,1,2,3,4,5,1,2,3,4,5,1,2,3,4,5,3,4,5,6,7,2,,4,5,6
550,3,4,5,6,7,2,3,4,5,6,5,6,6,7,7,3,4,5,6,7,3,4,5,6,7,4,5,,7,8
551,3,4,5,6,7,5,5,6,6,7,5,6,6,7,7,6,6,7,7,7,5,6,7,7,7,,6,,7,8
552,5,5,5,6,7,3,4,5,6,7,3,4,5,6,7,1,2,3,4,5,5,6,7,7,7,4,5,6,7,
553,3,4,5,6,7,3,4,5,6,7,3,4,5,6,7,1,2,3,4,5,6,7,7,7,7,6,,,7,8
554,2,3,4,5,6,4,5,6,6,7,1,2,3,4,5,6,6,7,7,7,1,2,3,4,5,1,2,3,4,
555,5,5,5,6,7,5,5,6,6,7,1,2,3,4,5,1,2,3,4,5,1,2,3,4,5,,4,5,6,7
556,2,3,4,5,6,4,5,6,6,7,5,6,6,7,7,1,2,3,4,5,5,6,7,7,7,,6,6,7,8
557,2,3,4,5,6,3,4,5,6,7,1,2,3,4,5,3,4,5,6,7,3,4,5,6,7,4,,6,7,8
558,1,2,3,4,5,2,3,4,5,6,3,4,5,6,7,5,6,7,7,7,4,5,6,7,7,1,2,3,,5
559,4,5,5,6,7,2,3,4,5,6,5,6,6,7,7,2,3,4,5,6,3,4,5,6,7,3,4,5,6,
560,2,3,4,5,6,5,5,6,6,7,2,3,4,5,6,3,4,5,6,7,2,3,4,5,6,3,4,,6,7
561,5,5,5,6,7,3,4,5,6,7,1,2,3,4,5,2,3,4,5,6,3,4,5,6,7,1,2,,4,5
562,2,3,4,5,6,5,5,6,6,7,4,5,6,7,7,3,4,5,6,7,5,6,7,7,7,2,3,4,,6
563,4,5,5,6,7,5,5,6,6,7,4,5,6,7,7,6,6,7,7,7,6,7,7,7,7,,3,4,5,6
564,2,3,4,5,6,1,2,3,4,5,4,5,6,7,7,2,3,4,5,6,2,3,4,5,6,4,,6,7,8
565,3,4,5,6,7,3,4,5,6,7,4,5,6,7,7,1,2,3,4,5,5,6,7,7,7,3,4,5,,7
566,1,2,3,4,5,1,2,3,4,5,5,6,6,7,7,1,2,3,4,5,3,4,5,6,7,5,6,6,7,8
567,2,3,4,5,6,2,3,4,5,6,4,5,6,7,7,5,6,7,7,7,5,6,7,7,7,3,4,,6,7
568,4,5,5,6,7,2,3,4,5,6,4,5,6,7,7,5,6,7,7,7,6,7,7,7,7,3,4,5,6,
569,2,3,4,5,6,1,2,3,4,5,2,3,4,5,6,6,6,7,7,7,3,4,5,6,7,3,4,,6,7
570,2,3,4,5,6,3,4,5,6,7,3,4,5,6,7,5,6,7,7,7,4,5,6,7,7,2,3,4,,6
571,1,2,3,4,5,3,4,5,6,7,2,3,4,5,6,1,2,3,4,5,1,2,3,4,5,6,6,6,7,8
572,3,4,5,6,7,1,2,3,4,5,2,3,4,5,6,5,6,7,7,7,6,7,7,7,7,3,4,5,,7
573,1,2,3,4,5,3,4,5,6,7,1,2,3,4,5,6,6,7,7,7,1,2,3,4,5,3,,5,6,7
574,4,5,5,6,7,1,2,3,4,5,1,2,3,4,5,3,4,5,6,7,1,2,3,4,5,4,5,6,,8
575,5,5,5,6,7,5,5,6,6,7,5,6,6,7,7,3,4,5,6,7,2,3,4,5,6,,4,5,6,7
576,4,5,5,6,7,5,5,6,6,7,1,2,3,4,5,5,6,7,7,7,1,2,3,4,5,3,4,5,6,
577,1,2,3,4,5,1,2,3,4,5,5,6,6,7,7,2,3,4,5,6,5,6,7,7,7,3,,5,6,7
578,3,4,5,6,7,3,4,5,6,7,3,4,5,6,7,4,5,6,7,7,1,2,3,4,5,2,3,4,5,
579,5,5,5,6,7,4,5,6,6,7,3,4,5,6,7,6,6,7,7,7,2,3,4,5,6,5,6,6,7,
580,2,3,4,5,6,1,2,3,4,5,5,6,6,7,7,5,6,7,7,7,6,7,7,7,7,2,3,4,,6
581,4,5,5,6,7,5,5,6,6,7,1,2,3,4,5,4,5,6,7,7,4,5,6,7,7,5,6,6,,8
582,3,4,5,6,7,2,3,4,5,6,1,2,3,4,5,5,6,7,7,7,6,7,7,7,7,5,,,7,8
583,1,2,3,4,5,1,2,3,4,5,2,3,4,5,6,5,6,7,7,7,5,6,7,7,7,3,,5,6,7
584,3,4,5,6,7,1,2,3,4,5,3,4,5,6,7,4,5,6,7,7,3,4,5,6,7,,2,3,4,5
585,1,2,3,4,5,3,4,5,6,7,4,5,6,7,7,1,2,3,4,5,1,2,3,4,5,3,,5,6,7
586,5,5,5,6,7,1,2,3,4,5,1,2,3,4,5,4,5,6,7,7,4,5,6,7,7,4,5,6,7,
587,4,5,5,6,7,2,3,4,5,6,2,3,4,5,6,4,5,6,7,7,6,7,7,7,7,5,6,6,,8
588,2,3,4,5,6,3,4,5,6,7,4,5,6,7,7,1,2,3,4,5,1,2,3,4,5,3,4,,6,7
589,4,5,5,6,7,1,2,3,4,5,3,4,5,6,7,2,3,4,5,6,2,3,4,5,6,3,4,5,6,
590,3,4,5,6,7,1,2,3,4,5,5,6,6,7,7,2,3,4,5,6,3,4,5,6,7,,2,3,4,5
591,2,3,4,5,6,5,5,6,6,7,4,5,6,7,7,4,5,6,7,7,5,6,7,7,7,1,2,3,4,
592,4,5,5,6,7,1,2,3,4,5,5,6,6,7,7,1,2,3,4,5,1,2,3,4,5,4,5,6,,8
593,2,3,4,5,6,1,2,3,4,5,1,2,3,4,5,1,2,3,4,5,4,5,6,7,7,,6,6,7,8
594,4,5,5,6,7,1,2,3,4,5,5,6,6,7,7,4,5,6,7,7,4,5,6,7,7,1,,3,4,5
595,5,5,5,6,7,3,4,5,6,7,3,4,5,6,7,5,6,7,7,7,6,7,7,7,7,,4,5,6,7
596,2,3,4,5,6,3,4,5,6,7,4,5,6,7,7,2,3,4,5,6,1,2,3,4,5,6,6,6,7,8
597,1,2,3,4,5,4,5,6,6,7,3,4,5,6,7,5,6,7,7,7,5,6,7,7,7,6,6,6,7,8
598,4,5,5,6,7,3,4,5,6,7,5,6,6,7,7,3,4,5,6,7,6,7,7,7,7,1,,3,4,5
599,4,5,5,6,7,3,4,5,6,7,3,4,5,6,7,4,5,6,7,7,1,2,3,4,5,6,6,6,,8
600,1,2,3,4,5,2,3,4,5,6,1,2,3,4,5,6,6,7,7,7,6,7,7,7,7,1,2,3,,5
601,4,5,5,6,7,1,2,3,4,5,2,3,4,5,6,5,6,7,7,7,5,6,7,7,7,,3,4,5,6
602,4,5,5,6,7,2,3,4,5,6,3,4,5,6,7,3,4,5,6,7,5,6,7,7,7,5,6,6,,8
603,3,4,5,6,7,5,5,6,6,7,2,3,4,5,6,2,3,4,5,6,3,4,5,6,7,2,3,4,5,
604,3,4,5,6,7,2,3,4,5,6,4,5,6,7,7,3,4,5,6,7,4,5,6,7,7,6,,,7,8
605,5,5,5,6,7,1,2,3,4,5,1,2,3,4,5,5,6,7,7,7,2,3,4,5,6,4,5,6,7,
606,2,3,4,5,6,5,5,6,6,7,1,2,3,4,5,4,5,6,7,7,3,4,5,6,7,6,6,6,7,8
607,3,4,5,6,7,5,5,6,6,7,3,4,5,6,7,1,2,3,4,5,5,6,7,7,7,5,,,7,8
608,5,5,5,6,7,4,5,6,6,7,4,5,6,7,7,2,3,4,5,6,4,5,6,7,7,,4,5,6,7
609,3,4,5,6,7,3,4,5,6,7,1,2,3,4,5,4,5,6,7,7,2,3,4,5,6,3,4,5,,7
610,2,3,4,5,6,3,4,5,6,7,3,4,5,6,7,3,4,5,6,7,6,7,7,7,7,4,,6,7,8
611,3,4,5,6,7,5,5,6,6,7,5,6,6,7,7,6,6,7,7,7,3,4,5,6,7,2,3,4,5,
612,3,4,5,6,7,4,5,6,6,7,5,6,6,7,7,2,3,4,5,6,1,2,3,4,5,2,3,4,5,
613,5,5,5,6,7,1,2,3,4,5,3,4,5,6,7,1,2,3,4,5,5,6,7,7,7,1,2,,4,5
614,2,3,4,5,6,5,5,6,6,7,2,3,4,5,6,1,2,3,4,5,5,6,7,7,7,6,6,6,7,8
615,4,5,5,6,7,1,2,3,4,5,4,5,6,7,7,2,3,4,5,6,5,6,7,7,7,4,5,6,,8
616,1,2,3,4,5,3,4,5,6,7,5,6,6,7,7,5,6,7,7,7,1,2,3,4,5,6,6,6,7,8
617,2,3,4,5,6,2,3,4,5,6,4,5,6,7,7,6,6,7,7,7,5,6,7,7,7,4,,6,7,8
618,5,5,5,6,7,2,3,4,5,6,2,3,4,5,6,2,3,4,5,6,6,7,7,7,7,6,6,6,7,
619,5,5,5,6,7,5,5,6,6,7,3,4,5,6,7,1,2,3,4,5,1,2,3,4,5,6,6,6,7,
620,2,3,4,5,6,1,2,3,4,5,1,2,3,4,5,4,5,6,7,7,6,7,7,7,7,3,4,,6,7
621,5,5,5,6,7,4,5,6,6,7,1,2,3,4,5,5,6,7,7,7,3,4,5,6,7,2,,4,5,6
622,1,2,3,4,5,4,5,6,6,7,1,2,3,4,5,1,2,3,4,5,1,2,3,4,5,5,6,6,7,8
623,5,5,5,6,7,3,4,5,6,7,3,4,5,6,7,6,6,7,7,7,4,5,6,7,7,4,5,6,7,
624,4,5,5,6,7,2,3,4,5,6,2,3,4,5,6,3,4,5,6,7,5,6,7,7,7,5,6,6,,8
625,1,2,3,4,5,4,5,6,6,7,5,6,6,7,7,1,2,3,4,5,4,5,6,7,7,1,2,3,,5
626,1,2,3,4,5,1,2,3,4,5,5,6,6,7,7,2,3,4,5,6,6,7,7,7,7,,5,6,7,8
627,3,4,5,6,7,1,2,3,4,5,3,4,5,6,7,4,5,6,7,7,4,5,6,7,7,,,6,7,8
628,5,5,5,6,7,1,2,3,4,5,1,2,3,4,5,1,2,3,4,5,1,2,3,4,5,4,5,6,7,
629,3,4,5,6,7,2,3,4,5,6,4,5,6,7,7,2,3,4,5,6,5,6,7,7,7,3,4,5,,7
630,1,2,3,4,5,1,2,3,4,5,1,2,3,4,5,4,5,6,7,7,5,6,7,7,7,1,2,3,,5
631,3,4,5,6,7,2,3,4,5,6,4,5,6,7,7,4,5,6,7,7,1,2,3,4,5,5,,,7,8
632,4,5,5,6,7,4,5,6,6,7,4,5,6,7,7,5,6,7,7,7,5,6,7,7,7,5,6,6,,8
633,1,2,3,4,5,5,5,6,6,7,3,4,5,6,7,5,6,7,7,7,2,3,4,5,6,,5,6,7,8
634,2,3,4,5,6,3,4,5,6,7,3,4,5,6,7,1,2,3,4,5,2,3,4,5,6,6,6,6,7,8
635,4,5,5,6,7,1,2,3,4,5,3,4,5,6,7,2,3,4,5,6,2,3,4,5,6,3,4,5,6,
636,4,5,5,6,7,5,5,6,6,7,4,5,6,7,7,6,6,7,7,7,6,7,7,7,7,6,6,6,,8
637,1,2,3,4,5,1,2,3,4,5,2,3,4,5,6,4,5,6,7,7,3,4,5,6,7,1,2,3,,5
638,5,5,5,6,7,1,2,3,4,5,2,3,4,5,6,1,2,3,4,5,3,4,5,6,7,,4,5,6,7
639,1,2,3,4,5,3,4,5,6,7,2,3,4,5,6,4,5,6,7,7,1,2,3,4,5,6,6,6,7,8
640,3,4,5,6,7,5,5,6,6,7,4,5,6,7,7,3,4,5,6,7,2,3,4,5,6,,2,3,4,5
641,1,2,3,4,5,4,5,6,6,7,4,5,6,7,7,3,4,5,6,7,5,6,7,7,7,1,2,3,,5
642,1,2,3,4,5,3,4,5,6,7,4,5,6,7,7,1,2,3,4,5,5,6,7,7,7,3,,5,6,7
643,1,2,3,4,5,1,2,3,4,5,3,4,5,6,7,2,3,4,5,6,3,4,5,6,7,6,6,6,7,8
644,5,5,5,6,7,3,4,5,6,7,4,5,6,7,7,3,4,5,6,7,5,6,7,7,7,2,,4,5,6
645,2,3,4,5,6,4,5,6,6,7,4,5,6,7,7,6,6,7,7,7,6,7,7,7,7,4,,6,7,8
646,2,3,4,5,6,5,5,6,6,7,5,6,6,7,7,4,5,6,7,7,3,4,5,6,7,4,,6,7,8
647,5,5,5,6,7,1,2,3,4,5,5,6,6,7,7,4,5,6,7,7,4,5,6,7,7,,4,5,6,7
648,3,4,5,6,7,4,5,6,6,7,4,5,6,7,7,3,4,5,6,7,2,3,4,5,6,2,3,4,5,
649,5,5,5,6,7,5,5,6,6,7,5,6,6,7,7,4,5,6,7,7,2,3,4,5,6,2,,4,5,6
650,2,3,4,5,6,5,5,6,6,7,1,2,3,4,5,4,5,6,7,7,1,2,3,4,5,4,,6,7,8
651,4,5,5,6,7,3,4,5,6,7,2,3,4,5,6,3,4,5,6,7,3,4,5,6,7,1,,3,4,5
652,3,4,5,6,7,5,5,6,6,7,4,5,6,7,7,1,2,3,4,5,2,3,4,5,6,2,3,4,5,
653,5,5,5,6,7,2,3,4,5,6,4,5,6,7,7,2,3,4,5,6,5,6,7,7,7,1,2,,4,5
654,4,5,5,6,7,3,4,5,6,7,1,2,3,4,5,6,6,7,7,7,1,2,3,4,5,6,6,6,,8
655,5,5,5,6,7,1,2,3,4,5,5,6,6,7,7,5,6,7,7,7,4,5,6,7,7,,4,5,6,7
656,5,5,5,6,7,2,3,4,5,6,2,3,4,5,6,3,4,5,6,7,6,7,7,7,7,5,6,6,7,
657,3,4,5,6,7,2,3,4,5,6,5,6,6,7,7,3,4,5,6,7,4,5,6,7,7,2,3,4,5,
658,1,2,3,4,5,5,5,6,6,7,2,3,4,5,6,4,5,6,7,7,5,6,7,7,7,1,2,3,,5
659,5,5,5,6,7,3,4,5,6,7,2,3,4,5,6,5,6,7,7,7,6,7,7,7,7,2,,4,5,6
660,5,5,5,6,7,2,3,4,5,6,3,4,5,6,7,3,4,5,6,7,3,4,5,6,7,,4,5,6,7
661,1,2,3,4,5,3,4,5,6,7,2,3,4,5,6,1,2,3,4,5,2,3,4,5,6,5,6,6,7,8
662,1,2,3,4,5,4,5,6,6,7,4,5,6,7,7,4,5,6,7,7,1,2,3,4,5,,5,6,7,8
663,2,3,4,5,6,2,3,4,5,6,2,3,4,5,6,2,3,4,5,6,3,4,5,6,7,4,,6,7,8
664,1,2,3,4,5,2,3,4,5,6,1,2,3,4,5,3,4,5,6,7,1,2,3,4,5,2,3,,5,6
665,3,4,5,6,7,2,3,4,5,6,3,4,5,6,7,2,3,4,5,6,5,6,7,7,7,,6,,7,8
666,5,5,5,6,7,4,5,6,6,7,4,5,6,7,7,3,4,5,6,7,5,6,7,7,7,6,6,6,7,
667,3,4,5,6,7,2,3,4,5,6,1,2,3,4,5,4,5,6,7,7,6,7,7,7,7,3,4,5,,7
668,3,4,5,6,7,3,4,5,6,7,3,4,5,6,7,6,6,7,7,7,2,3,4,5,6,,2,3,4,5
669,5,5,5,6,7,5,5,6,6,7,1,2,3,4,5,3,4,5,6,7,3,4,5,6,7,5,6,6,7,
670,2,3,4,5,6,4,5,6,6,7,4,5,6,7,7,4,5,6,7,7,2,3,4,5,6,3,4,,6,7
671,3,4,5,6,7,1,2,3,4,5,5,6,6,7,7,3,4,5,6,7,3,4,5,6,7,3,4,5,,7
672,5,5,5,6,7,2,3,4,5,6,5,6,6,7,7,4,5,6,7,7,5,6,7,7,7,6,6,6,7,
673,4,5,5,6,7,5,5,6,6,7,4,5,6,7,7,1,2,3,4,5,5,6,7,7,7,5,6,6,,8
674,1,2,3,4,5,5,5,6,6,7,2,3,4,5,6,4,5,6,7,7,4,5,6,7,7,6,6,6,7,8
675,1,2,3,4,5,1,2,3,4,5,4,5,6,7,7,4,5,6,7,7,3,4,5,6,7,3,,5,6,7
676,2,3,4,5,6,2,3,4,5,6,3,4,5,6,7,5,6,7,7,7,5,6,7,7,7,3,4,,6,7
677,2,3,4,5,6,4,5,6,6,7,5,6,6,7,7,6,6,7,7,7,6,7,7,7,7,2,3,4,,6
678,4,5,5,6,7,3,4,5,6,7,2,3,4,5,6,1,2,3,4,5,3,4,5,6,7,4,5,6,,8
679,3,4,5,6,7,4,5,6,6,7,5,6,6,7,7,5,6,7,7,7,3,4,5,6,7,,,6,7,8
680,2,3,4,5,6,4,5,6,6,7,2,3,4,5,6,5,6,7,7,7,1,2,3,4,5,,6,6,7,8
681,4,5,5,6,7,2,3,4,5,6,1,2,3,4,5,1,2,3,4,5,6,7,7,7,7,4,5,6,,8
682,1,2,3,4,5,5,5,6,6,7,5,6,6,7,7,6,6,7,7,7,1,2,3,4,5,,5,6,7,8
683,2,3,4,5,6,1,2,3,4,5,5,6,6,7,7,1,2,3,4,5,3,4,5,6,7,6,6,6,7,8
684,5,5,5,6,7,3,4,5,6,7,3,4,5,6,7,6,6,7,7,7,3,4,5,6,7,5,6,6,7,
685,5,5,5,6,7,4,5,6,6,7,4,5,6,7,7,4,5,6,7,7,5,6,7,7,7,5,6,6,7,
686,1,2,3,4,5,2,3,4,5,6,4,5,6,7,7,3,4,5,6,7,5,6,7,7,7,3,,5,6,7
687,2,3,4,5,6,3,4,5,6,7,5,6,6,7,7,6,6,7,7,7,5,6,7,7,7,1,2,3,4,
688,5,5,5,6,7,2,3,4,5,6,1,2,3,4,5,5,6,7,7,7,4,5,6,7,7,2,,4,5,6
689,1,2,3,4,5,2,3,4,5,6,5,6,6,7,7,5,6,7,7,7,5,6,7,7,7,5,6,6,7,8
690,3,4,5,6,7,3,4,5,6,7,3,4,5,6,7,3,4,5,6,7,6,7,7,7,7,3,4,5,,7
691,2,3,4,5,6,3,4,5,6,7,3,4,5,6,7,3,4,5,6,7,2,3,4,5,6,6,6,6,7,8
692,2,3,4,5,6,4,5,6,6,7,4,5,6,7,7,2,3,4,5,6,4,5,6,7,7,1,2,3,4,
693,3,4,5,6,7,1,2,3,4,5,2,3,4,5,6,6,6,7,7,7,6,7,7,7,7,4,5,,7,8
694,3,4,5,6,7,4,5,6,6,7,4,5,6,7,7,2,3,4,5,6,6,7,7,7,7,4,5,,7,8
695,2,3,4,5,6,5,5,6,6,7,2,3,4,5,6,3,4,5,6,7,4,5,6,7,7,1,2,3,4,
696,4,5,5,6,7,2,3,4,5,6,1,2,3,4,5,4,5,6,7,7,1,2,3,4,5,4,5,6,,8
697,1,2,3,4,5,5,5,6,6,7,3,4,5,6,7,4,5,6,7,7,2,3,4,5,6,3,,5,6,7
698,1,2,3,4,5,1,2,3,4,5,3,4,5,6,7,5,6,7,7,7,2,3,4,5,6,5,6,6,7,8
699,5,5,5,6,7,2,3,4,5,6,1,2,3,4,5,3,4,5,6,7,4,5,6,7,7,,4,5,6,7
700,3,4,5,6,7,5,5,6,6,7,3,4,5,6,7,6,6,7,7,7,1,2,3,4,5,6,,,7,8
701,4,5,5,6,7,1,2,3,4,5,1,2,3,4,5,5,6,7,7,7,5,6,7,7,7,,3,4,5,6
702,5,5,5,6,7,5,5,6,6,7,4,5,6,7,7,2,3,4,5,6,1,2,3,4,5,1,2,,4,5
703,5,5,5,6,7,1,2,3,4,5,5,6,6,7,7,5,6,7,7,7,5,6,7,7,7,2,,4,5,6
704,3,4,5,6,7,5,5,6,6,7,5,6,6,7,7,5,6,7,7,7,4,5,6,7,7,5,,,7,8
705,4,5,5,6,7,3,4,5,6,7,2,3,4,5,6,4,5,6,7,7,1,2,3,4,5,6,6,6,,8
706,2,3,4,5,6,3,4,5,6,7,5,6,6,7,7,5,6,7,7,7,6,7,7,7,7,2,3,4,,6
707,5,5,5,6,7,3,4,5,6,7,1,2,3,4,5,6,6,7,7,7,3,4,5,6,7,5,6,6,7,
708,2,3,4,5,6,2,3,4,5,6,5,6,6,7,7,5,6,7,7,7,6,7,7,7,7,3,4,,6,7
709,4,5,5,6,7,3,4,5,6,7,2,3,4,5,6,4,5,6,7,7,2,3,4,5,6,,3,4,5,6
710,3,4,5,6,7,4,5,6,6,7,5,6,6,7,7,2,3,4,5,6,3,4,5,6,7,2,3,4,5,
711,5,5,5,6,7,2,3,4,5,6,5,6,6,7,7,6,6,7,7,7,4,5,6,7,7,2,,4,5,6
712,2,3,4,5,6,4,5,6,6,7,3,4,5,6,7,6,6,7,7,7,1,2,3,4,5,,6,6,7,8
713,1,2,3,4,5,3,4,5,6,7,3,4,5,6,7,6,6,7,7,7,5,6,7,7,7,1,2,3,,5
714,4,5,5,6,7,3,4,5,6,7,4,5,6,7,7,5,6,7,7,7,4,5,6,7,7,4,5,6,,8
715,2,3,4,5,6,4,5,6,6,7,3,4,5,6,7,5,6,7,7,7,2,3,4,5,6,1,2,3,4,
716,1,2,3,4,5,5,5,6,6,7,1,2,3,4,5,4,5,6,7,7,4,5,6,7,7,,5,6,7,8
717,1,2,3,4,5,4,5,6,6,7,4,5,6,7,7,6,6,7,7,7,2,3,4,5,6,5,6,6,7,8
718,5,5,5,6,7,2,3,4,5,6,4,5,6,7,7,4,5,6,7,7,2,3,4,5,6,,4,5,6,7
719,4,5,5,6,7,3,4,5,6,7,3,4,5,6,7,4,5,6,7,7,6,7,7,7,7,6,6,6,,8
720,5,5,5,6,7,4,5,6,6,7,2,3,4,5,6,2,3,4,5,6,4,5,6,7,7,5,6,6,7,
721,5,5,5,6,7,2,3,4,5,6,2,3,4,5,6,3,4,5,6,7,2,3,4,5,6,4,5,6,7,
722,3,4,5,6,7,1,2,3,4,5,2,3,4,5,6,5,6,7,7,7,3,4,5,6,7,4,5,,7,8
723,4,5,5,6,7,5,5,6,6,7,3,4,5,6,7,5,6,7,7,7,6,7,7,7,7,4,5,6,,8
724,4,5,5,6,7,5,5,6,6,7,5,6,6,7,7,2,3,4,5,6,2,3,4,5,6,1,,3,4,5
725,4,5,5,6,7,2,3,4,5,6,2,3,4,5,6,3,4,5,6,7,5,6,7,7,7,4,5,6,,8
726,3,4,5,6,7,5,5,6,6,7,2,3,4,5,6,4,5,6,7,7,4,5,6,7,7,,,6,7,8
727,3,4,5,6,7,3,4,5,6,7,2,3,4,5,6,2,3,4,5,6,3,4,5,6,7,3,4,5,,7
728,4,5,5,6,7,4,5,6,6,7,2,3,4,5,6,6,6,7,7,7,1,2,3,4,5,6,6,6,,8
729,1,2,3,4,5,4,5,6,6,7,3,4,5,6,7,4,5,6,7,7,2,3,4,5,6,3,,5,6,7
730,1,2,3,4,5,4,5,6,6,7,1,2,3,4,5,3,4,5,6,7,3,4,5,6,7,6,6,6,7,8
731,4,5,5,6,7,5,5,6,6,7,5,6,6,7,7,4,5,6,7,7,4,5,6,7,7,6,6,6,,8
732,3,4,5,6,7,3,4,5,6,7,5,6,6,7,7,3,4,5,6,7,4,5,6,7,7,4,5,,7,8
733,2,3,4,5,6,1,2,3,4,5,3,4,5,6,7,3,4,5,6,7,4,5,6,7,7,1,2,3,4,
734,2,3,4,5,6,1,2,3,4,5,1,2,3,4,5,4,5,6,7,7,6,7,7,7,7,2,3,4,,6
735,3,4,5,6,7,5,5,6,6,7,5,6,6,7,7,3,4,5,6,7,1,2,3,4,5,4,5,,7,8
736,2,3,4,5,6,5,5,6,6,7,4,5,6,7,7,6,6,7,7,7,4,5,6,7,7,4,,6,7,8
737,1,2,3,4,5,5,5,6,6,7,4,5,6,7,7,3,4,5,6,7,6,7,7,7,7,6,6,6,7,8
738,4,5,5,6,7,1,2,3,4,5,5,6,6,7,7,2,3,4,5,6,2,3,4,5,6,1,,3,4,5
739,4,5,5,6,7,3,4,5,6,7,2,3,4,5,6,3,4,5,6,7,6,7,7,7,7,1,,3,4,5
740,3,4,5,6,7,2,3,4,5,6,5,6,6,7,7,4,5,6,7,7,1,2,3,4,5,2,3,4,5,
741,1,2,3,4,5,1,2,3,4,5,4,5,6,7,7,2,3,4,5,6,5,6,7,7,7,2,3,,5,6
742,2,3,4,5,6,3,4,5,6,7,2,3,4,5,6,1,2,3,4,5,2,3,4,5,6,3,4,,6,7
743,2,3,4,5,6,2,3,4,5,6,4,5,6,7,7,3,4,5,6,7,6,7,7,7,7,4,,6,7,8
744,2,3,4,5,6,5,5,6,6,7,5,6,6,7,7,3,4,5,6,7,1,2,3,4,5,1,2,3,4,
745,4,5,5,6,7,3,4,5,6,7,1,2,3,4,5,4,5,6,7,7,1,2,3,4,5,3,4,5,6,
746,4,5,5,6,7,1,2,3,4,5,2,3,4,5,6,3,4,5,6,7,6,7,7,7,7,,3,4,5,6
747,2,3,4,5,6,4,5,6,6,7,2,3,4,5,6,3,4,5,6,7,4,5,6,7,7,3,4,,6,7
748,3,4,5,6,7,4,5,6,6,7,2,3,4,5,6,1,2,3,4,5,3,4,5,6,7,4,5,,7,8
749,5,5,5,6,7,5,5,6,6,7,4,5,6,7,7,6,6,7,7,7,5,6,7,7,7,1,2,,4,5
750,1,2,3,4,5,4,5,6,6,7,2,3,4,5,6,4,5,6,7,7,4,5,6,7,7,6,6,6,7,8
751,5,5,5,5,6,1,1,2,3,4,2,2,3,3,4,2,3,3,3,3,6,7,7,7,7,5,5,5,6,6
752,2,2,3,3,3,2,3,4,4,5,3,3,4,5,6,4,4,4,4,4,6,6,6,6,6,4,4,,5,
753,1,1,1,2,2,2,2,2,3,4,3,4,5,6,6,1,1,2,2,3,5,6,6,6,6,6,6,6,6,8
754,2,3,4,5,6,4,5,5,6,7,4,4,4,5,5,1,2,2,2,2,1,2,2,3,3,4,4,,6,6
755,4,4,5,6,6,3,4,5,5,5,4,4,5,5,6,5,6,7,7,7,1,1,1,1,2,6,6,6,6,6
756,3,4,5,6,6,5,5,5,6,6,5,5,5,6,7,1,2,3,3,3,1,1,1,2,3,4,5,,,7
757,2,2,2,3,3,3,3,3,3,4,4,4,4,4,4,2,3,4,5,6,3,3,4,5,5,4,,6,7,8
758,4,5,5,6,6,3,3,4,5,5,1,2,2,3,4,1,1,1,1,2,4,5,6,7,7,3,4,5,5,6
759,2,3,4,5,6,5,5,6,6,6,1,2,2,3,3,6,6,6,6,6,5,5,6,7,7,1,2,2,3,3
760,4,4,5,6,6,3,3,3,3,3,2,3,3,4,4,6,6,6,7,7,5,6,6,6,6,6,6,6,6,8
761,3,3,4,4,5,5,5,6,6,7,4,4,5,5,5,4,5,6,7,7,2,3,4,4,5,,,6,6,6
762,5,5,5,5,5,2,2,3,4,5,3,4,5,5,6,3,3,4,4,5,2,3,3,4,5,1,1,1,2,2
763,3,4,4,5,5,2,2,3,4,5,2,3,3,4,4,6,6,6,6,6,4,5,5,5,5,4,5,,6,
764,4,4,5,5,5,5,5,6,6,7,3,3,4,4,4,1,1,1,2,2,1,1,2,3,3,5,5,6,6,6
765,2,3,3,3,4,2,3,4,4,4,4,4,5,5,6,2,2,2,3,4,3,3,3,4,5,6,6,6,7,7
766,2,2,2,2,2,3,4,4,4,4,3,3,4,4,4,2,3,4,4,4,1,2,2,3,3,2,3,4,4,4
767,4,5,5,5,5,4,4,4,4,5,4,5,6,6,7,4,5,6,7,7,3,4,4,5,5,,,3,4,4
768,3,3,4,5,6,4,5,5,5,5,5,5,5,6,6,5,5,6,6,6,6,7,7,7,7,,6,,7,7
769,4,5,5,5,5,5,5,5,5,5,3,3,3,3,3,5,5,6,6,7,6,6,7,7,7,4,4,4,5,5
770,4,5,5,5,7,1,2,2,2,3,3,3,4,4,4,4,5,6,7,7,6,6,6,7,7,4,5,5,5,6
771,2,3,3,3,4,4,4,4,5,6,2,3,3,4,5,6,6,6,6,7,5,5,5,6,6,6,6,6,6,6
772,3,4,5,5,6,4,4,4,5,5,2,2,3,4,5,4,5,5,6,6,6,6,7,7,7,3,3,3,3,3
773,4,4,4,4,4,3,4,5,5,5,2,2,3,4,5,1,1,2,3,4,4,5,6,6,6,,3,4,4,5
774,3,3,4,5,6,3,4,4,4,5,3,4,4,5,5,2,2,2,3,4,5,5,6,7,7,3,3,3,3,4
775,2,2,2,3,4,1,1,2,3,3,3,3,3,4,4,1,1,1,2,3,1,2,2,2,2,1,1,1,1,2
776,5,5,5,6,6,3,4,5,6,7,1,2,3,4,4,5,5,6,6,7,2,3,3,3,4,3,,,3,3
777,4,4,4,4,5,3,4,5,6,6,1,2,3,3,3,5,5,6,6,7,3,4,5,6,7,5,5,5,6,6
778,4,4,5,5,6,1,2,3,3,3,3,4,4,4,4,6,6,6,6,6,5,5,5,6,6,1,1,,3,3
779,3,3,3,4,5,4,4,4,5,5,5,6,6,7,7,1,1,1,1,2,6,6,6,7,7,4,5,5,,
780,1,2,3,4,5,4,5,6,6,7,4,4,5,5,5,4,5,5,6,7,2,2,2,2,2,2,3,3,,
781,5,5,5,6,7,2,2,2,3,3,4,4,4,5,6,6,6,6,6,7,3,4,5,5,5,2,,,4,5
782,2,2,3,4,4,5,5,5,5,6,2,3,3,4,5,4,4,4,4,5,3,3,4,4,4,,5,5,5,
783,2,2,3,3,3,3,3,3,3,4,1,2,2,3,4,2,2,3,4,5,6,6,7,7,7,4,,,5,6
784,1,1,1,2,3,4,4,4,5,5,3,4,4,4,4,4,5,6,7,7,5,5,6,7,7,3,3,,,5
785,1,2,3,3,4,5,5,6,6,6,1,2,3,4,5,2,2,3,3,4,6,6,6,6,7,1,1,1,2,2
786,4,4,5,6,6,5,5,5,5,7,2,3,3,3,4,2,3,3,3,3,3,4,5,5,5,6,6,6,6,8
787,4,5,5,6,6,2,2,2,3,3,1,2,2,2,2,1,1,2,3,3,2,3,3,3,4,,3,4,5,6
788,5,5,5,5,5,2,3,4,4,5,4,4,4,5,5,6,6,7,7,7,1,2,2,2,2,,4,5,6,6
789,3,3,4,5,5,2,3,3,4,4,4,5,5,6,7,3,4,4,4,4,1,1,1,2,3,,,6,7,8
790,1,2,3,4,4,2,2,2,3,3,3,4,4,5,5,2,2,2,3,4,2,2,3,4,4,3,3,3,3,
791,4,5,5,6,7,3,3,4,4,4,4,4,4,5,5,4,4,4,4,4,1,2,3,4,4,1,,3,4,4
792,5,5,5,5,5,3,3,3,3,4,1,1,1,2,3,2,3,3,4,4,3,4,5,5,5,2,2,,,4
793,4,5,5,6,6,2,3,3,4,5,3,4,5,6,7,5,5,5,6,7,3,4,5,6,6,,2,,3,3
794,3,4,4,5,6,4,5,6,6,6,1,1,2,2,3,3,3,4,5,6,5,6,6,7,7,,1,,2,3
795,3,3,4,5,5,4,5,6,6,7,5,5,6,7,7,3,4,4,4,5,3,3,4,4,4,4,4,4,5,5
796,1,1,2,2,2,1,1,2,2,2,1,2,2,2,3,5,5,6,6,7,1,1,2,3,3,2,3,3,,5
797,3,3,3,3,3,2,2,3,3,4,5,6,6,7,7,1,1,1,2,2,1,2,2,2,3,5,5,,,6
798,4,5,5,5,7,5,5,5,5,6,3,4,4,4,4,6,6,7,7,7,2,3,4,5,6,6,6,6,6,6
799,2,2,2,2,2,2,3,3,3,3,4,4,4,4,4,3,4,5,5,5,2,3,3,3,3,6,6,6,6,6
800,5,5,5,6,7,3,4,5,6,7,3,3,3,3,4,5,6,7,7,7,6,6,6,7,7,5,5,6,7,
801,3,3,4,5,5,2,3,4,4,4,3,3,4,5,5,2,3,4,4,5,5,5,6,6,6,2,3,3,4,4
802,5,5,5,6,7,5,5,5,5,5,4,5,5,6,6,4,4,5,5,5,4,4,4,5,6,1,1,1,2,2
803,5,5,5,6,7,3,3,4,4,4,4,4,5,5,6,6,6,7,7,7,5,6,6,6,7,5,6,6,7,7
804,4,4,4,4,5,3,4,5,5,5,4,4,4,4,4,2,3,4,4,4,4,4,4,5,5,5,5,6,6,
805,5,5,5,5,5,2,2,2,2,3,2,2,3,3,4,2,2,3,4,5,4,5,5,5,6,5,6,6,7,7
806,2,3,3,3,3,4,4,5,6,7,5,6,6,7,7,1,1,1,2,2,1,1,2,3,4,3,3,4,,6
807,4,5,5,6,6,3,4,4,4,4,4,5,6,6,7,6,6,6,6,6,1,1,2,2,2,5,6,6,6,6
808,1,1,2,2,2,1,1,2,2,2,3,4,4,5,6,3,3,3,4,5,3,4,4,5,5,3,,4,,5
809,3,3,3,4,4,4,5,5,5,6,3,4,5,6,6,1,1,1,1,2,4,5,5,6,6,4,4,4,4,4
810,4,5,5,5,5,3,4,5,6,7,1,1,1,2,2,4,5,6,7,7,3,3,3,3,4,1,1,1,1,
811,4,4,5,5,6,1,2,3,3,4,3,4,5,6,7,3,4,5,5,6,2,2,3,4,5,5,5,5,6,
812,3,4,4,5,6,3,4,4,4,4,1,1,2,3,4,6,6,7,7,7,1,1,1,1,1,5,,,6,8
813,3,4,5,5,5,1,2,2,3,3,4,4,5,5,6,1,2,2,2,2,5,5,5,5,6,4,5,,7,7
814,1,1,2,3,3,4,4,4,4,5,5,5,6,6,7,4,5,6,6,6,4,4,5,5,5,5,6,6,6,6
815,1,1,1,1,1,5,5,6,6,7,2,2,2,2,2,3,3,3,3,3,2,2,3,4,4,5,5,6,7,8
816,1,2,2,2,3,4,4,4,4,4,1,1,2,2,2,5,6,7,7,7,2,2,3,4,5,6,6,6,6,7
817,3,3,3,3,4,3,3,4,4,4,5,5,6,6,6,4,4,5,6,6,5,5,5,6,7,,1,,2,3
818,4,5,5,5,5,2,2,2,3,3,5,6,6,7,7,1,1,2,2,2,2,3,4,5,5,5,6,6,6,6
819,4,5,5,6,7,4,4,5,5,6,2,3,4,5,6,6,6,6,6,6,6,7,7,7,7,1,1,1,,
820,4,4,4,5,6,3,4,4,5,5,4,4,4,4,4,1,2,3,3,4,1,2,3,4,4,6,6,6,,
821,1,1,2,3,4,5,5,6,6,7,4,4,5,5,6,1,1,2,3,3,5,5,5,6,7,1,2,3,3,
822,5,5,5,5,7,5,5,6,6,7,5,6,6,7,7,6,6,7,7,7,6,6,7,7,7,4,5,6,6,6
823,5,5,5,6,7,4,4,5,5,6,5,5,6,6,7,6,6,7,7,7,2,2,3,3,3,,4,4,4,5
824,3,4,4,5,5,3,4,4,5,6,1,2,3,4,5,3,3,4,4,5,1,2,2,3,4,5,5,,6,
825,3,4,5,6,6,5,5,5,5,5,1,1,2,2,2,1,1,2,3,3,3,4,5,5,6,4,4,4,4,5
826,2,2,3,3,4,4,4,5,5,6,4,5,6,7,7,5,6,6,6,6,1,2,2,3,4,4,4,4,,6
827,4,4,4,4,5,4,5,5,6,7,5,5,5,5,5,6,6,7,7,7,3,4,5,5,5,4,4,4,5,5
828,5,5,5,6,6,3,4,4,4,5,5,6,6,6,6,3,4,4,5,5,4,4,4,4,4,6,6,6,6,
829,5,5,5,5,7,4,5,6,6,7,1,2,2,2,3,2,3,4,4,5,1,1,1,2,2,5,5,6,7,
830,2,2,3,4,5,2,3,3,4,4,3,4,4,5,6,5,5,6,6,6,5,5,6,7,7,4,4,,6,6
831,5,5,5,5,6,5,5,5,5,5,3,4,4,5,6,6,6,6,6,6,5,6,7,7,7,4,4,4,5,5
832,3,4,4,5,6,1,1,2,2,2,1,1,1,2,2,4,5,5,6,7,4,4,5,6,6,5,5,,7,7
833,2,2,2,3,4,5,5,6,6,6,4,5,5,5,6,5,6,6,7,7,1,1,2,3,3,4,4,,6,7
834,4,5,5,5,5,1,1,2,2,2,4,5,6,7,7,1,2,2,2,2,5,5,6,6,6,1,,3,3,4
835,1,1,1,1,1,2,2,3,4,4,5,5,6,6,7,3,3,4,4,5,2,2,2,3,4,5,6,6,6,7
836,1,1,1,2,2,5,5,6,6,7,3,4,5,6,7,3,4,4,4,5,4,5,6,7,7,,,5,5,5
837,2,2,3,3,4,5,5,5,5,5,5,6,6,6,6,1,2,3,4,5,4,4,5,5,5,4,,6,7,8
838,3,3,4,5,6,3,4,4,5,5,2,3,3,3,3,3,3,3,3,3,3,3,4,4,5,4,5,,7,7
839,3,4,5,5,5,1,1,2,3,3,5,6,6,6,7,2,3,4,5,5,3,3,4,4,5,4,5,5,5,
840,3,3,3,4,5,1,1,1,2,3,5,5,5,5,5,1,1,2,2,2,6,7,7,7,7,,2,2,3,4
841,2,2,3,3,3,2,2,2,2,3,3,4,5,6,6,6,6,7,7,7,3,3,3,3,4,3,3,4,,
842,4,4,4,5,6,1,1,1,1,2,3,4,4,4,5,2,3,3,4,4,4,4,5,6,7,6,6,6,6,8
843,5,5,5,5,7,1,1,2,3,3,3,4,5,6,6,2,3,4,4,5,5,6,7,7,7,4,4,4,4,5
844,5,5,5,6,6,4,5,5,6,7,5,6,6,7,7,6,6,6,6,7,5,5,6,6,6,4,5,5,5,5
845,2,3,3,4,5,5,5,5,5,5,2,3,4,4,5,6,6,7,7,7,6,6,6,6,7,6,6,6,6,8
846,3,4,5,5,6,2,3,4,5,6,4,5,5,6,6,1,2,3,3,3,6,7,7,7,7,3,4,5,,7
847,3,3,4,4,4,5,5,6,6,7,1,2,3,3,3,5,5,6,6,7,1,1,2,2,3,2,2,3,3,3
848,5,5,5,5,6,4,5,5,6,6,3,4,5,5,5,6,6,7,7,7,2,2,3,3,3,4,4,5,6,7
849,1,2,2,3,4,5,5,6,6,6,2,3,3,4,5,2,3,4,5,6,2,3,3,3,3,2,2,3,,5
850,1,2,2,3,4,1,2,2,3,3,2,2,3,4,4,1,2,3,4,4,2,3,3,3,4,1,1,1,1,2
851,5,5,5,6,7,5,5,6,6,7,3,3,4,5,6,1,1,1,1,1,3,3,3,3,3,6,6,6,6,6
852,2,3,3,3,4,5,5,5,5,5,1,2,2,3,3,2,3,3,4,5,2,2,3,4,4,4,4,4,,6
853,3,4,4,5,6,3,4,5,5,5,5,5,5,5,5,6,6,7,7,7,1,1,2,3,4,5,5,5,,7
854,4,4,4,5,5,3,3,3,3,4,5,6,6,6,6,5,5,5,6,6,5,5,5,6,6,5,5,6,,8
855,1,2,3,4,4,3,4,5,5,5,2,2,3,3,3,2,2,2,3,4,5,5,6,6,7,,,5,5,6
856,2,3,3,3,3,2,3,4,4,5,2,2,2,3,4,3,4,5,6,6,3,3,4,5,6,,6,6,6,7
857,5,5,5,6,7,2,2,2,2,2,1,1,1,1,1,6,6,7,7,7,5,6,7,7,7,6,6,6,6,6
858,4,4,5,5,5,3,4,4,4,4,3,4,4,5,5,1,2,2,3,4,4,5,6,7,7,1,,,3,4
859,3,3,3,4,5,1,2,3,4,4,5,5,5,6,6,1,2,3,4,5,5,6,6,6,7,5,6,6,,
860,4,4,5,5,6,5,5,5,5,5,4,5,5,5,6,4,5,6,6,6,3,4,4,4,4,3,3,3,4,4
861,3,4,4,4,4,3,4,4,5,5,1,1,2,3,3,6,6,7,7,7,2,3,3,3,4,3,3,3,3,4
862,2,2,3,4,4,4,4,4,4,5,4,4,5,6,6,2,2,2,3,3,1,2,3,4,5,1,2,3,4,
863,1,1,1,1,2,2,3,4,5,6,3,4,4,5,5,6,6,6,7,7,6,6,7,7,7,,5,5,6,7
864,2,3,4,5,5,1,1,1,1,2,1,2,3,3,4,1,2,2,3,4,1,2,3,3,3,3,3,3,3,4
865,5,5,5,5,5,1,1,1,2,3,5,6,6,7,7,1,2,3,3,4,1,1,1,2,3,,,4,5,5
866,2,2,3,4,5,3,3,3,3,4,5,5,6,7,7,6,6,7,7,7,1,2,2,2,2,1,1,2,2,2
867,3,3,4,5,6,3,4,4,5,6,5,5,5,5,5,5,5,6,6,7,2,3,4,5,5,4,4,4,5,
868,5,5,5,5,5,1,2,3,3,3,3,4,5,5,6,3,4,5,6,6,3,3,4,4,5,,,4,5,5
869,5,5,5,6,6,5,5,5,6,7,4,4,4,4,5,4,4,4,5,6,6,7,7,7,7,2,2,,4,4
870,1,1,1,2,3,4,4,5,5,6,3,3,3,4,5,4,5,5,6,7,6,6,7,7,7,6,6,6,7,8
871,5,5,5,5,5,3,3,3,4,4,1,1,1,2,2,3,3,4,4,5,1,2,2,2,3,,,4,5,6
872,4,5,5,6,6,4,4,4,5,5,3,3,4,4,5,5,6,6,7,7,2,2,3,4,4,6,6,6,,8
873,2,2,2,2,3,3,3,4,4,5,2,2,2,3,4,5,6,6,7,7,1,2,3,4,4,6,6,6,6,6
874,3,3,3,4,4,1,2,2,3,3,4,4,4,4,4,4,5,6,6,6,3,4,4,5,5,2,3,4,5,
875,5,5,5,5,6,4,5,6,6,6,5,6,6,6,6,6,6,6,6,6,1,1,2,3,4,2,2,,4,4
876,4,4,5,6,6,1,2,2,3,4,5,5,6,7,7,1,1,1,1,1,2,2,3,3,3,1,,3,4,5
877,2,2,2,3,3,3,3,4,4,4,2,2,3,4,5,3,3,4,5,5,3,4,4,5,6,6,6,6,6,6
878,2,2,2,3,3,4,4,5,5,5,1,2,3,4,5,3,3,4,4,5,4,5,5,5,6,6,6,6,6,8
879,4,4,5,5,6,5,5,6,6,6,5,6,6,7,7,3,4,4,5,5,5,5,5,6,6,6,6,6,,8
880,3,3,4,4,4,5,5,6,6,6,2,3,3,3,4,2,3,3,3,4,4,4,4,5,5,5,5,,7,8
881,3,3,4,5,6,3,4,4,5,6,3,4,5,5,6,6,6,6,6,7,1,2,3,3,3,,,6,7,8
882,2,2,2,3,3,5,5,6,6,6,4,5,6,6,7,2,3,3,3,4,2,3,3,4,4,3,3,3,3,3
883,1,1,2,2,3,3,3,4,5,6,5,6,6,7,7,2,3,3,4,5,6,7,7,7,7,1,1,1,2,2
884,4,4,4,5,5,1,2,3,3,4,3,3,4,5,5,4,4,5,6,7,2,2,2,3,4,2,2,2,,
885,3,3,3,3,3,1,1,2,3,3,2,2,3,3,3,5,6,6,7,7,1,2,2,2,2,,6,6,6,
886,1,2,3,4,5,3,4,5,6,6,5,5,5,6,7,6,6,7,7,7,6,7,7,7,7,2,2,2,3,
887,2,2,2,2,3,5,5,6,6,7,1,1,2,3,3,3,3,3,3,3,2,2,3,3,3,4,,5,,6
888,2,3,3,3,4,4,4,5,5,6,5,6,6,6,6,3,3,4,5,5,1,1,1,1,1,4,,,6,6
889,2,2,3,4,5,3,4,4,4,5,5,5,6,7,7,4,4,4,4,5,4,4,5,6,6,,6,6,6,6
890,2,3,4,4,4,1,1,1,2,3,2,3,4,5,5,5,6,6,6,6,3,3,3,3,3,2,2,2,2,2
891,3,3,3,3,3,3,3,3,3,3,5,6,6,7,7,4,5,6,6,6,3,3,4,4,4,,,2,3,3
892,3,3,4,4,4,5,5,5,5,5,5,6,6,6,7,4,5,5,5,5,5,6,6,7,7,3,4,5,,
893,1,1,2,2,3,4,4,5,6,6,4,5,6,7,7,2,3,3,4,4,1,2,3,3,3,1,1,1,2,2
894,5,5,5,6,6,3,4,5,5,5,3,3,4,5,5,2,3,4,5,6,6,6,6,6,7,2,,,4,4
895,5,5,5,6,6,3,4,4,4,5,1,1,2,2,2,6,6,6,6,6,5,5,6,6,7,6,6,6,7,
896,5,5,5,6,6,2,3,4,4,5,1,1,1,1,1,2,2,2,2,3,5,5,5,6,6,6,6,6,7,7
897,4,4,4,5,5,1,1,1,2,2,3,3,4,4,4,5,5,6,7,7,1,2,3,4,5,1,1,,,3
898,4,5,5,6,6,5,5,6,6,7,5,6,6,7,7,4,5,6,6,7,2,2,3,4,4,3,3,3,3,4
899,5,5,5,6,7,2,2,2,3,4,2,3,3,3,4,6,6,7,7,7,2,3,3,3,3,5,5,6,7,
900,5,5,5,5,5,4,5,5,5,6,4,5,5,5,5,6,6,7,7,7,5,5,5,6,7,2,,4,4,5
901,2,3,4,4,5,4,5,5,6,7,3,4,4,4,5,2,2,3,3,4,4,5,6,6,6,2,2,3,4,
902,3,4,5,6,7,5,5,5,5,5,1,1,1,1,1,3,3,3,4,4,1,1,2,2,3,2,2,2,3,4
903,4,5,5,5,5,4,5,5,6,7,4,4,4,5,5,1,1,1,1,1,3,3,3,3,3,6,6,6,6,8
904,3,3,4,4,5,2,2,3,4,5,2,2,3,3,3,5,6,7,7,7,2,3,3,3,3,3,3,3,3,3
905,1,2,3,3,3,3,3,3,4,5,1,1,1,2,2,2,2,2,2,2,6,6,7,7,7,,5,5,5,6
906,1,1,1,1,2,5,5,6,6,7,3,4,5,5,5,5,5,5,6,7,1,1,1,2,2,2,2,3,,5
907,4,4,4,4,5,3,3,3,4,4,2,3,4,5,6,5,6,7,7,7,5,5,6,7,7,4,5,6,6,
908,1,1,1,1,2,2,2,2,3,3,3,4,4,5,5,4,5,6,7,7,4,4,5,5,5,,5,5,5,6
909,3,3,3,4,5,5,5,6,6,7,5,6,6,6,6,3,4,5,6,6,4,4,4,4,5,4,4,4,4,4
910,3,4,5,6,7,2,3,4,5,5,3,3,3,3,4,6,6,7,7,7,5,6,6,7,7,,2,3,3,3
911,1,2,3,4,4,1,1,2,2,3,5,5,5,5,6,5,6,7,7,7,4,5,5,5,5,,5,6,7,8
912,5,5,5,6,6,3,4,5,5,5,5,5,6,7,7,5,6,6,7,7,5,6,6,6,7,6,6,6,7,
913,1,2,2,2,3,3,4,4,5,5,2,2,3,4,4,5,5,6,7,7,5,6,6,6,6,6,6,6,6,6
914,5,5,5,6,7,2,2,3,4,4,5,5,6,6,7,2,3,3,4,4,1,2,3,4,5,4,4,5,5,5
915,3,3,3,3,3,1,1,1,1,1,5,5,5,6,6,5,5,6,6,6,5,5,5,5,5,,6,6,6,
916,3,3,4,5,6,1,2,3,4,5,1,2,3,3,3,2,2,3,4,5,1,2,3,4,5,3,3,3,3,3
917,2,2,3,3,3,2,2,2,3,4,5,6,6,7,7,2,3,4,4,5,4,4,4,4,5,1,1,2,3,4
918,5,5,5,5,5,1,2,2,2,2,2,3,3,4,5,2,3,3,4,4,1,1,2,3,4,4,5,5,6,7
919,1,1,1,2,2,4,4,5,6,7,3,3,4,4,4,1,1,2,3,3,2,3,3,4,5,,5,5,6,7
920,4,4,4,4,4,4,5,5,6,6,4,4,4,4,4,2,2,2,2,3,5,6,6,6,6,5,5,6,6,
921,5,5,5,5,5,3,4,4,5,6,4,4,5,6,6,1,1,2,3,3,6,7,7,7,7,1,2,2,,4
922,4,4,5,6,6,2,2,3,4,4,2,3,4,4,4,3,3,3,3,3,6,7,7,7,7,4,4,5,6,
923,5,5,5,5,6,3,3,3,3,4,2,3,4,5,6,2,3,3,3,4,4,5,6,6,7,6,6,6,7,7
924,3,3,4,4,4,1,2,3,3,4,2,3,3,3,4,5,6,6,7,7,1,2,2,2,3,2,2,2,2,3
925,2,2,2,3,3,2,2,3,4,4,5,6,6,6,7,5,6,7,7,7,2,3,4,4,5,4,4,,6,6
926,3,3,3,3,3,1,2,3,4,4,1,2,2,2,2,5,6,6,6,7,4,4,4,5,5,,,6,6,6
927,1,1,1,1,1,1,2,2,3,3,5,5,6,7,7,1,1,1,2,2,2,3,4,5,6,,5,6,6,7
928,4,4,4,4,4,4,4,4,4,4,2,3,4,4,5,2,2,3,3,4,2,3,4,4,4,1,2,,,3
929,2,3,4,5,5,5,5,6,6,7,3,4,4,5,6,6,6,6,6,6,2,2,3,3,4,2,2,3,4,4
930,3,4,4,4,4,1,2,3,3,4,3,4,5,5,5,4,5,5,6,7,2,2,3,4,4,5,6,6,,
931,2,3,3,3,3,4,5,5,5,5,1,1,1,1,1,2,3,3,4,5,2,3,4,4,5,,6,6,6,8
932,3,3,4,5,5,3,4,4,4,4,2,2,3,4,4,4,4,4,5,6,5,6,6,6,7,5,,6,6,
933,4,5,5,5,6,1,2,2,3,3,3,4,4,5,6,1,2,2,3,4,6,7,7,7,7,4,4,5,5,5
934,4,5,5,6,7,5,5,5,5,5,4,5,5,5,5,4,5,6,7,7,5,5,5,6,7,,2,2,,3
935,5,5,5,5,5,2,3,3,4,5,4,5,5,5,5,4,5,5,6,7,6,6,6,7,7,2,2,,,3
936,3,4,4,5,6,4,5,6,6,7,3,4,4,4,5,6,6,7,7,7,1,1,2,3,3,5,,,7,7
937,5,5,5,5,6,3,3,4,5,5,4,4,5,5,5,3,3,4,4,4,6,7,7,7,7,6,6,6,6,
938,4,4,5,5,5,2,2,3,3,4,5,5,6,7,7,3,4,5,6,6,4,4,4,4,4,5,6,6,,
939,5,5,5,5,7,3,3,4,5,5,5,6,6,7,7,3,4,4,4,5,4,4,4,5,6,5,6,6,6,
940,5,5,5,6,6,3,4,4,4,5,5,5,5,6,6,4,5,5,5,5,1,1,1,1,2,6,6,6,6,
941,2,3,3,3,3,2,3,4,5,6,4,4,5,5,5,1,2,2,2,3,2,2,3,4,4,4,4,,6,7
942,3,3,3,4,5,3,4,5,6,7,4,5,6,7,7,1,1,1,2,2,4,4,4,4,4,5,5,5,,
943,2,3,4,4,4,1,2,2,3,3,2,2,3,3,4,3,4,4,4,5,6,7,7,7,7,3,3,3,4,
944,3,3,3,4,5,4,5,6,6,7,5,6,6,6,6,3,3,4,5,6,3,4,4,5,6,,6,6,,8
945,4,5,5,6,7,5,5,6,6,7,5,5,5,6,6,6,6,6,6,6,6,7,7,7,7,6,6,6,,
946,5,5,5,6,7,5,5,6,6,6,4,4,4,5,5,4,5,5,6,6,5,6,7,7,7,5,6,6,7,7
947,1,2,3,4,4,5,5,5,5,6,2,3,3,3,3,3,3,4,5,5,6,7,7,7,7,1,1,2,2,3
948,2,2,2,2,3,1,1,1,2,2,2,2,2,3,4,2,2,3,4,5,3,4,4,5,6,1,2,2,3,4
949,3,4,4,4,5,5,5,5,5,5,2,3,4,5,5,2,2,3,3,4,6,7,7,7,7,2,2,2,2,3
950,2,2,3,3,4,4,4,4,4,4,5,6,6,7,7,1,1,1,2,2,4,4,4,4,5,6,6,6,6,6
951,4,5,5,6,6,2,3,3,3,4,3,4,4,5,6,3,3,4,5,5,5,6,6,7,7,4,4,4,4,5
952,5,5,5,5,5,3,3,4,4,4,1,2,2,2,3,3,4,5,6,6,4,5,5,6,6,4,5,6,6,7
953,3,4,4,4,5,2,3,3,4,5,4,4,4,4,4,2,3,4,5,6,1,2,2,3,3,4,4,5,5,5
954,1,1,2,3,3,3,4,5,5,6,2,3,4,5,6,6,6,6,7,7,4,4,5,5,6,6,6,6,6,6
955,2,3,3,4,5,5,5,6,6,6,3,3,3,3,4,4,5,6,6,7,6,6,7,7,7,1,1,2,2,3
956,3,4,5,5,5,1,1,1,2,3,1,1,2,3,3,2,2,3,4,5,1,1,1,1,1,,2,2,2,2
957,2,2,2,3,4,5,5,5,5,5,1,1,1,2,2,5,6,6,6,6,5,5,6,7,7,2,3,4,,
958,1,2,3,4,5,3,4,4,5,5,2,3,4,5,5,2,2,2,3,3,5,5,5,5,5,2,3,3,3,
959,2,2,2,2,3,4,5,5,5,5,5,6,6,7,7,5,6,7,7,7,4,5,5,6,6,6,6,6,7,8
960,5,5,5,6,6,3,3,3,3,3,4,5,5,5,6,3,4,4,4,5,3,3,4,4,4,,,3,3,4
961,3,4,5,6,6,3,4,5,6,7,1,2,3,4,4,6,6,6,6,6,1,2,2,2,3,2,2,2,3,3
962,4,5,5,5,5,1,1,2,3,3,5,5,6,6,6,2,3,4,4,4,2,3,3,4,5,6,6,6,,
963,5,5,5,5,5,1,1,2,3,3,5,6,6,6,6,1,1,1,1,1,2,3,3,4,4,1,2,2,2,2
964,5,5,5,6,7,3,4,4,5,6,2,3,3,4,4,5,5,5,5,6,3,4,4,4,4,,4,5,5,5
965,3,3,3,3,3,2,3,4,5,5,5,6,6,7,7,4,5,5,5,5,5,5,6,6,7,5,5,5,,
966,4,4,4,5,5,2,2,2,2,3,4,4,4,4,4,3,4,4,5,6,6,7,7,7,7,1,1,1,,
967,2,3,3,3,3,4,5,6,6,6,4,4,4,5,6,3,3,3,3,4,6,7,7,7,7,2,3,3,4,4
968,4,5,5,5,5,3,4,5,6,7,1,1,1,1,1,1,2,3,3,3,5,6,7,7,7,4,5,6,,
969,4,4,4,5,5,1,1,1,1,2,1,1,2,3,3,2,2,3,4,4,4,4,4,5,6,,3,3,3,4
970,1,2,2,2,3,1,2,2,2,3,5,5,5,5,6,1,2,2,3,4,1,2,2,3,4,3,,5,6,6
971,2,2,3,4,5,5,5,6,6,7,2,2,2,3,3,5,6,6,6,6,6,7,7,7,7,,5,,6,6
972,5,5,5,5,7,2,3,3,4,5,4,4,5,6,6,1,2,2,3,3,3,3,4,5,5,5,5,6,6,7
973,1,1,1,1,2,2,3,3,3,3,4,4,4,4,5,1,2,3,3,4,6,6,6,7,7,1,2,3,,5
974,1,1,2,2,3,2,3,3,3,3,3,3,4,4,4,4,4,5,5,5,5,6,6,7,7,5,5,6,7,8
975,5,5,5,6,6,4,4,5,5,5,3,3,3,3,4,3,3,3,4,5,2,2,3,3,4,2,2,2,2,
976,5,5,5,6,6,1,2,3,4,5,3,4,4,5,5,5,5,5,6,6,2,3,4,5,6,6,6,6,7,
977,4,5,5,6,6,3,3,4,4,5,1,1,2,3,4,6,6,7,7,7,2,2,2,2,2,4,5,5,6,
978,5,5,5,5,5,1,2,3,4,4,1,2,3,4,4,2,3,3,4,4,2,2,3,4,4,4,4,5,6,6
979,4,5,5,5,7,2,3,3,4,5,5,5,5,5,5,6,6,6,6,6,4,5,5,6,7,4,5,6,6,
980,2,3,4,5,5,5,5,5,5,5,5,6,6,6,6,1,1,2,3,4,4,5,6,7,7,,6,6,6,6
981,5,5,5,5,5,1,1,2,3,3,4,5,5,5,6,4,4,5,6,6,1,2,3,4,5,1,1,1,1,2
982,3,4,4,5,5,1,2,3,3,3,3,3,4,5,6,6,6,7,7,7,5,5,5,6,7,,6,6,,8
983,3,3,4,4,5,3,3,4,4,5,1,2,3,3,4,1,1,2,2,2,4,5,6,6,6,3,4,5,5,5
984,2,3,3,3,4,4,4,5,5,6,4,4,5,6,6,3,3,4,4,4,1,1,1,2,3,1,2,3,3,3
985,1,1,1,2,3,1,1,2,3,3,3,3,3,4,4,2,3,3,3,4,4,5,6,7,7,2,3,,,5
986,5,5,5,6,6,2,3,4,5,5,5,6,6,6,6,4,5,6,7,7,5,5,6,6,6,5,6,6,6,7
987,3,3,4,5,5,3,4,5,5,5,3,4,4,4,4,2,2,3,3,4,1,2,3,4,5,,,2,3,3
988,2,2,3,4,4,5,5,5,5,5,3,4,5,6,6,3,3,3,3,4,3,4,5,6,6,1,2,2,2,2
989,3,4,5,5,6,3,3,3,4,4,5,6,6,7,7,1,1,2,3,3,6,7,7,7,7,5,5,,6,
990,5,5,5,6,7,5,5,6,6,7,3,4,4,5,5,4,5,5,5,5,1,1,1,1,1,6,6,6,7,
991,5,5,5,5,5,4,4,5,5,6,4,5,5,6,7,5,6,6,6,7,1,2,3,3,3,5,5,6,7,7
992,2,3,4,5,5,4,5,6,6,6,3,3,3,3,3,1,1,2,3,4,4,4,5,6,6,4,4,,6,7
993,3,3,3,4,5,4,4,4,4,5,3,4,4,4,4,6,6,6,6,6,1,2,3,3,4,,,6,7,8
994,1,1,2,2,2,4,5,6,6,6,3,4,4,5,6,1,2,3,4,5,6,6,7,7,7,6,6,6,6,6
995,4,4,5,5,6,4,5,6,6,7,3,3,4,5,5,4,4,4,5,6,6,6,6,6,6,6,6,6,6,8
996,2,3,4,5,5,1,2,3,3,3,5,6,6,6,6,6,6,6,7,7,1,1,2,3,4,6,6,6,7,7
997,5,5,5,5,7,2,2,3,4,5,1,1,2,2,3,5,5,5,6,7,6,7,7,7,7,4,4,4,4,5
998,1,1,1,2,3,4,4,4,5,5,4,4,4,5,5,5,5,5,5,5,5,5,5,6,6,6,6,6,6,7
999,1,1,2,2,3,1,1,2,2,2,5,6,6,7,7,3,3,3,4,5,4,4,4,5,6,3,3,3,3,3
1000,2,2,2,2,3,2,2,3,4,4,1,2,2,2,3,1,1,2,2,2,1,2,2,3,4,,5,,6,6